$version Generated by Wokwi.com $end
$date Sat, 05 Sep 2026 08:57:37 GMT $end
$timescale 1ns $end
$scope module logic $end
$var wire 1 ! D0 $end
$var wire 1 " D1 $end
$upscope $end
$enddefinitions $end
#0
#153857381
1!
#153857381
1"
#4519039369
0!
#4519039369
0"
#4519048049
1!
#4519048049
1"
#4519056729
0!
#4519056729
0"
#4519065409
1!
#4519065409
1"
#4519074089
0!
#4519074089
0"
#4519091449
1!
#4519091449
1"
#4519100129
0!
#4519100129
0"
#4519108809
1!
#4519108809
1"
#4519126169
0!
#4519126169
0"
#4519143529
1!
#4519143529
1"
#4519152209
0!
#4519152209
0"
#4519160889
1!
#4519160889
1"
#4519178249
0!
#4519178249
0"
#4519186929
1!
#4519186929
1"
#4519195609
0!
#4519195609
0"
#4519204289
1!
#4519204289
1"
#4519212969
0!
#4519212969
0"
#4519221649
1!
#4519221649
1"
#4519230329
0!
#4519230329
0"
#4519291089
1!
#4519291089
1"
#4519299769
0!
#4519299769
0"
#4519325809
1!
#4519325809
1"
#4519334489
0!
#4519334489
0"
#4519351849
1!
#4519351849
1"
#4519369209
0!
#4519369209
0"
#4519377889
1!
#4519377889
1"
#4519386569
0!
#4519386569
0"
#4519403929
1!
#4519403929
1"
#4519412609
0!
#4519412609
0"
#4519429969
1!
#4519429969
1"
#4519438649
0!
#4519438649
0"
#4519447329
1!
#4519447329
1"
#4519456009
0!
#4519456009
0"
#4519464689
1!
#4519464689
1"
#4519473369
0!
#4519473369
0"
#4519482049
1!
#4519482049
1"
#4519490729
0!
#4519490729
0"
#4519499409
1!
#4519499409
1"
#4519508089
0!
#4519508089
0"
#4519525449
1!
#4519525449
1"
#4519542809
0!
#4519542809
0"
#4519551489
1!
#4519551489
1"
#4519560169
0!
#4519560169
0"
#4519568849
1!
#4519568849
1"
#4519586209
0!
#4519586209
0"
#4519603569
1!
#4519603569
1"
#4519629609
0!
#4519629609
0"
#4519638289
1!
#4519638289
1"
#4519646969
0!
#4519646969
0"
#4519655649
1!
#4519655649
1"
#4519664329
0!
#4519664329
0"
#4519673009
1!
#4519673009
1"
#4519681689
0!
#4519681689
0"
#4519690369
1!
#4519690369
1"
#4519716409
0!
#4519716409
0"
#4519725089
1!
#4519725089
1"
#4519733769
0!
#4519733769
0"
#4519759809
1!
#4519759809
1"
#4519777169
0!
#4519777169
0"
#4519785849
1!
#4519785849
1"
#4519803209
0!
#4519803209
0"
#4519811889
1!
#4519811889
1"
#4519820569
0!
#4519820569
0"
#4519846609
1!
#4519846609
1"
#4519855289
0!
#4519855289
0"
#4519863969
1!
#4519863969
1"
#4519890009
0!
#4519890009
0"
#4519898689
1!
#4519898689
1"
#4519907369
0!
#4519907369
0"
#4519924729
1!
#4519924729
1"
#4519933409
0!
#4519933409
0"
#4519942089
1!
#4519942089
1"
#4519968129
0!
#4519968129
0"
#4519985489
1!
#4519985489
1"
#4519994169
0!
#4519994169
0"
#4520046249
1!
#4520046249
1"
#4520054929
0!
#4520054929
0"
#4520072289
1!
#4520072289
1"
#4520080969
0!
#4520080969
0"
#4520089649
1!
#4520089649
1"
#4520115689
0!
#4520115689
0"
#4520133049
1!
#4520133049
1"
#4520150409
0!
#4520150409
0"
#4520159089
1!
#4520159089
1"
#4520167769
0!
#4520167769
0"
#4520202489
1!
#4520202489
1"
#4520237209
0!
#4520237209
0"
#4520245889
1!
#4520245889
1"
#4520254569
0!
#4520254569
0"
#4520271929
1!
#4520271929
1"
#4520280609
0!
#4520280609
0"
#4520289289
1!
#4520289289
1"
#4520315329
0!
#4520315329
0"
#4520332689
1!
#4520332689
1"
#4520341369
0!
#4520341369
0"
#4520393449
1!
#4520393449
1"
#4520402129
0!
#4520402129
0"
#4520419489
1!
#4520419489
1"
#4520428169
0!
#4520428169
0"
#4520480249
1!
#4520480249
1"
#4520488929
0!
#4520488929
0"
#4520506289
1!
#4520506289
1"
#4520514969
0!
#4520514969
0"
#4520567049
1!
#4520567049
1"
#4520575729
0!
#4520575729
0"
#4520593089
1!
#4520593089
1"
#4520601769
0!
#4520601769
0"
#4520653849
1!
#4520653849
1"
#4520662529
0!
#4520662529
0"
#4520679889
1!
#4520679889
1"
#4520688569
0!
#4520688569
0"
#4520740649
1!
#4520740649
1"
#4520749329
0!
#4520749329
0"
#4520766689
1!
#4520766689
1"
#4520775369
0!
#4520775369
0"
#4520827449
1!
#4520827449
1"
#4520836129
0!
#4520836129
0"
#4520853489
1!
#4520853489
1"
#4520862169
0!
#4520862169
0"
#4520905569
1!
#4520905569
1"
#4520922929
0!
#4520922929
0"
#4520940289
1!
#4520940289
1"
#4520948969
0!
#4520948969
0"
#4520966329
1!
#4520966329
1"
#4520992369
0!
#4520992369
0"
#4521001049
1!
#4521001049
1"
#4521009729
0!
#4521009729
0"
#4521027089
1!
#4521027089
1"
#4521035769
0!
#4521035769
0"
#4521079169
1!
#4521079169
1"
#4521096529
0!
#4521096529
0"
#4521113889
1!
#4521113889
1"
#4521122569
0!
#4521122569
0"
#4521148609
1!
#4521148609
1"
#4521165969
0!
#4521165969
0"
#4521174649
1!
#4521174649
1"
#4521183329
0!
#4521183329
0"
#4521200689
1!
#4521200689
1"
#4521209369
0!
#4521209369
0"
#4521261449
1!
#4521261449
1"
#4521270129
0!
#4521270129
0"
#4521287489
1!
#4521287489
1"
#4521296169
0!
#4521296169
0"
#4521304849
1!
#4521304849
1"
#4521330889
0!
#4521330889
0"
#4521348249
1!
#4521348249
1"
#4521365609
0!
#4521365609
0"
#4521374289
1!
#4521374289
1"
#4521382969
0!
#4521382969
0"
#4521391649
1!
#4521391649
1"
#4521400329
0!
#4521400329
0"
#4521417689
1!
#4521417689
1"
#4521452409
0!
#4521452409
0"
#4521461089
1!
#4521461089
1"
#4521469769
0!
#4521469769
0"
#4521487129
1!
#4521487129
1"
#4521495809
0!
#4521495809
0"
#4521504489
1!
#4521504489
1"
#4521530529
0!
#4521530529
0"
#4521547889
1!
#4521547889
1"
#4521556569
0!
#4521556569
0"
#4521608649
1!
#4521608649
1"
#4521617329
0!
#4521617329
0"
#4521634689
1!
#4521634689
1"
#4521643369
0!
#4521643369
0"
#4521695449
1!
#4521695449
1"
#4521704129
0!
#4521704129
0"
#4521721489
1!
#4521721489
1"
#4521730169
0!
#4521730169
0"
#4521782249
1!
#4521782249
1"
#4521790929
0!
#4521790929
0"
#4521808289
1!
#4521808289
1"
#4521816969
0!
#4521816969
0"
#4521869049
1!
#4521869049
1"
#4521877729
0!
#4521877729
0"
#4521895089
1!
#4521895089
1"
#4521903769
0!
#4521903769
0"
#4521955849
1!
#4521955849
1"
#4521964529
0!
#4521964529
0"
#4521981889
1!
#4521981889
1"
#4521990569
0!
#4521990569
0"
#4522042649
1!
#4522042649
1"
#4522051329
0!
#4522051329
0"
#4522068689
1!
#4522068689
1"
#4522077369
0!
#4522077369
0"
#4522120769
1!
#4522120769
1"
#4522138129
0!
#4522138129
0"
#4522155489
1!
#4522155489
1"
#4522164169
0!
#4522164169
0"
#4522181529
1!
#4522181529
1"
#4522207569
0!
#4522207569
0"
#4522216249
1!
#4522216249
1"
#4522224929
0!
#4522224929
0"
#4522242289
1!
#4522242289
1"
#4522250969
0!
#4522250969
0"
#4522294369
1!
#4522294369
1"
#4522311729
0!
#4522311729
0"
#4522329089
1!
#4522329089
1"
#4522337769
0!
#4522337769
0"
#4522363809
1!
#4522363809
1"
#4522381169
0!
#4522381169
0"
#4522389849
1!
#4522389849
1"
#4522398529
0!
#4522398529
0"
#4522415889
1!
#4522415889
1"
#4522424569
0!
#4522424569
0"
#4522476649
1!
#4522476649
1"
#4522485329
0!
#4522485329
0"
#4522502689
1!
#4522502689
1"
#4522511369
0!
#4522511369
0"
#4522520049
1!
#4522520049
1"
#4522546089
0!
#4522546089
0"
#4522563449
1!
#4522563449
1"
#4522580809
0!
#4522580809
0"
#4522589489
1!
#4522589489
1"
#4522598169
0!
#4522598169
0"
#4522615529
1!
#4522615529
1"
#4522624209
0!
#4522624209
0"
#4522632889
1!
#4522632889
1"
#4522667609
0!
#4522667609
0"
#4522676289
1!
#4522676289
1"
#4522684969
0!
#4522684969
0"
#4522702329
1!
#4522702329
1"
#4522711009
0!
#4522711009
0"
#4522719689
1!
#4522719689
1"
#4522745729
0!
#4522745729
0"
#4522763089
1!
#4522763089
1"
#4522771769
0!
#4522771769
0"
#4522823849
1!
#4522823849
1"
#4522832529
0!
#4522832529
0"
#4522849889
1!
#4522849889
1"
#4522858569
0!
#4522858569
0"
#4522910649
1!
#4522910649
1"
#4522919329
0!
#4522919329
0"
#4522936689
1!
#4522936689
1"
#4522945369
0!
#4522945369
0"
#4522997449
1!
#4522997449
1"
#4523006129
0!
#4523006129
0"
#4523023489
1!
#4523023489
1"
#4523032169
0!
#4523032169
0"
#4523084249
1!
#4523084249
1"
#4523092929
0!
#4523092929
0"
#4523110289
1!
#4523110289
1"
#4523118969
0!
#4523118969
0"
#4523171049
1!
#4523171049
1"
#4523179729
0!
#4523179729
0"
#4523197089
1!
#4523197089
1"
#4523205769
0!
#4523205769
0"
#4523257849
1!
#4523257849
1"
#4523266529
0!
#4523266529
0"
#4523283889
1!
#4523283889
1"
#4523292569
0!
#4523292569
0"
#4523335969
1!
#4523335969
1"
#4523353329
0!
#4523353329
0"
#4523370689
1!
#4523370689
1"
#4523379369
0!
#4523379369
0"
#4523396729
1!
#4523396729
1"
#4523422769
0!
#4523422769
0"
#4523431449
1!
#4523431449
1"
#4523440129
0!
#4523440129
0"
#4523457489
1!
#4523457489
1"
#4523466169
0!
#4523466169
0"
#4523509569
1!
#4523509569
1"
#4523526929
0!
#4523526929
0"
#4523544289
1!
#4523544289
1"
#4523552969
0!
#4523552969
0"
#4523579009
1!
#4523579009
1"
#4523596369
0!
#4523596369
0"
#4523605049
1!
#4523605049
1"
#4523613729
0!
#4523613729
0"
#4523631089
1!
#4523631089
1"
#4523639769
0!
#4523639769
0"
#4523691849
1!
#4523691849
1"
#4523700529
0!
#4523700529
0"
#4523717889
1!
#4523717889
1"
#4523726569
0!
#4523726569
0"
#4523752609
1!
#4523752609
1"
#4523761289
0!
#4523761289
0"
#4523778649
1!
#4523778649
1"
#4523796009
0!
#4523796009
0"
#4523804689
1!
#4523804689
1"
#4523813369
0!
#4523813369
0"
#4523822049
1!
#4523822049
1"
#4523830729
0!
#4523830729
0"
#4523848089
1!
#4523848089
1"
#4523856769
0!
#4523856769
0"
#4523865449
1!
#4523865449
1"
#4523882809
0!
#4523882809
0"
#4523891489
1!
#4523891489
1"
#4523900169
0!
#4523900169
0"
#4523908849
1!
#4523908849
1"
#4523926209
0!
#4523926209
0"
#4523943569
1!
#4523943569
1"
#4523969609
0!
#4523969609
0"
#4523978289
1!
#4523978289
1"
#4523986969
0!
#4523986969
0"
#4524030369
1!
#4524030369
1"
#4524056409
0!
#4524056409
0"
#4524065089
1!
#4524065089
1"
#4524073769
0!
#4524073769
0"
#4524099809
1!
#4524099809
1"
#4524117169
0!
#4524117169
0"
#4524125849
1!
#4524125849
1"
#4524143209
0!
#4524143209
0"
#4524151889
1!
#4524151889
1"
#4524160569
0!
#4524160569
0"
#4524169249
1!
#4524169249
1"
#4524177929
0!
#4524177929
0"
#4524212649
1!
#4524212649
1"
#4524230009
0!
#4524230009
0"
#4524238689
1!
#4524238689
1"
#4524247369
0!
#4524247369
0"
#4524256049
1!
#4524256049
1"
#4524264729
0!
#4524264729
0"
#4524282089
1!
#4524282089
1"
#4524316809
0!
#4524316809
0"
#4524325489
1!
#4524325489
1"
#4524334169
0!
#4524334169
0"
#4524386249
1!
#4524386249
1"
#4524394929
0!
#4524394929
0"
#4524412289
1!
#4524412289
1"
#4524420969
0!
#4524420969
0"
#4524447009
1!
#4524447009
1"
#4524455689
0!
#4524455689
0"
#4524464369
1!
#4524464369
1"
#4524490409
0!
#4524490409
0"
#4524499089
1!
#4524499089
1"
#4524507769
0!
#4524507769
0"
#4524516449
1!
#4524516449
1"
#4524525129
0!
#4524525129
0"
#4524542489
1!
#4524542489
1"
#4524551169
0!
#4524551169
0"
#4524559849
1!
#4524559849
1"
#4524577209
0!
#4524577209
0"
#4524585889
1!
#4524585889
1"
#4524594569
0!
#4524594569
0"
#4524603249
1!
#4524603249
1"
#4524611929
0!
#4524611929
0"
#4524620609
1!
#4524620609
1"
#4524637969
0!
#4524637969
0"
#4524646649
1!
#4524646649
1"
#4524664009
0!
#4524664009
0"
#4524672689
1!
#4524672689
1"
#4524681369
0!
#4524681369
0"
#4524690049
1!
#4524690049
1"
#4524698729
0!
#4524698729
0"
#4524707409
1!
#4524707409
1"
#4524716089
0!
#4524716089
0"
#4524733449
1!
#4524733449
1"
#4524750809
0!
#4524750809
0"
#4524759489
1!
#4524759489
1"
#4524768169
0!
#4524768169
0"
#4524785529
1!
#4524785529
1"
#4524794209
0!
#4524794209
0"
#4524802889
1!
#4524802889
1"
#4524828929
0!
#4524828929
0"
#4524846289
1!
#4524846289
1"
#4524854969
0!
#4524854969
0"
#4524907049
1!
#4524907049
1"
#4524915729
0!
#4524915729
0"
#4524933089
1!
#4524933089
1"
#4524941769
0!
#4524941769
0"
#4524950449
1!
#4524950449
1"
#4524959129
0!
#4524959129
0"
#4524967809
1!
#4524967809
1"
#4524976489
0!
#4524976489
0"
#4524985169
1!
#4524985169
1"
#4525002529
0!
#4525002529
0"
#4525019889
1!
#4525019889
1"
#4525028569
0!
#4525028569
0"
#4525071969
1!
#4525071969
1"
#4525089329
0!
#4525089329
0"
#4525106689
1!
#4525106689
1"
#4525115369
0!
#4525115369
0"
#4525158769
1!
#4525158769
1"
#4525176129
0!
#4525176129
0"
#4525193489
1!
#4525193489
1"
#4525202169
0!
#4525202169
0"
#4525245569
1!
#4525245569
1"
#4525262929
0!
#4525262929
0"
#4525280289
1!
#4525280289
1"
#4525288969
0!
#4525288969
0"
#4525315009
1!
#4525315009
1"
#4525332369
0!
#4525332369
0"
#4525341049
1!
#4525341049
1"
#4525349729
0!
#4525349729
0"
#4525367089
1!
#4525367089
1"
#4525375769
0!
#4525375769
0"
#4525427849
1!
#4525427849
1"
#4525436529
0!
#4525436529
0"
#4525453889
1!
#4525453889
1"
#4525462569
0!
#4525462569
0"
#4525471249
1!
#4525471249
1"
#4525488609
0!
#4525488609
0"
#4525505969
1!
#4525505969
1"
#4525532009
0!
#4525532009
0"
#4525540689
1!
#4525540689
1"
#4525549369
0!
#4525549369
0"
#4525558049
1!
#4525558049
1"
#4525566729
0!
#4525566729
0"
#4525575409
1!
#4525575409
1"
#4525584089
0!
#4525584089
0"
#4525601449
1!
#4525601449
1"
#4525618809
0!
#4525618809
0"
#4525627489
1!
#4525627489
1"
#4525636169
0!
#4525636169
0"
#4525653529
1!
#4525653529
1"
#4525679569
0!
#4525679569
0"
#4525688249
1!
#4525688249
1"
#4525705609
0!
#4525705609
0"
#4525714289
1!
#4525714289
1"
#4525722969
0!
#4525722969
0"
#4525731649
1!
#4525731649
1"
#4525749009
0!
#4525749009
0"
#4525766369
1!
#4525766369
1"
#4525792409
0!
#4525792409
0"
#4525801089
1!
#4525801089
1"
#4525809769
0!
#4525809769
0"
#4525818449
1!
#4525818449
1"
#4525853169
0!
#4525853169
0"
#4525861849
1!
#4525861849
1"
#4525879209
0!
#4525879209
0"
#4525887889
1!
#4525887889
1"
#4525896569
0!
#4525896569
0"
#4525913929
1!
#4525913929
1"
#4525922609
0!
#4525922609
0"
#4525939969
1!
#4525939969
1"
#4525966009
0!
#4525966009
0"
#4525974689
1!
#4525974689
1"
#4525983369
0!
#4525983369
0"
#4526035449
1!
#4526035449
1"
#4526044129
0!
#4526044129
0"
#4526061489
1!
#4526061489
1"
#4526070169
0!
#4526070169
0"
#4526096209
1!
#4526096209
1"
#4526104889
0!
#4526104889
0"
#4526113569
1!
#4526113569
1"
#4526139609
0!
#4526139609
0"
#4526148289
1!
#4526148289
1"
#4526156969
0!
#4526156969
0"
#4526165649
1!
#4526165649
1"
#4526174329
0!
#4526174329
0"
#4526191689
1!
#4526191689
1"
#4526200369
0!
#4526200369
0"
#4526209049
1!
#4526209049
1"
#4526226409
0!
#4526226409
0"
#4526235089
1!
#4526235089
1"
#4526243769
0!
#4526243769
0"
#4526252449
1!
#4526252449
1"
#4526261129
0!
#4526261129
0"
#4526269809
1!
#4526269809
1"
#4526287169
0!
#4526287169
0"
#4526295849
1!
#4526295849
1"
#4526313209
0!
#4526313209
0"
#4526321889
1!
#4526321889
1"
#4526330569
0!
#4526330569
0"
#4526339249
1!
#4526339249
1"
#4526347929
0!
#4526347929
0"
#4526356609
1!
#4526356609
1"
#4526365289
0!
#4526365289
0"
#4526382649
1!
#4526382649
1"
#4526400009
0!
#4526400009
0"
#4526408689
1!
#4526408689
1"
#4526417369
0!
#4526417369
0"
#4526434729
1!
#4526434729
1"
#4526443409
0!
#4526443409
0"
#4526452089
1!
#4526452089
1"
#4526478129
0!
#4526478129
0"
#4526495489
1!
#4526495489
1"
#4526504169
0!
#4526504169
0"
#4526556249
1!
#4526556249
1"
#4526564929
0!
#4526564929
0"
#4526582289
1!
#4526582289
1"
#4526590969
0!
#4526590969
0"
#4526599649
1!
#4526599649
1"
#4526608329
0!
#4526608329
0"
#4526634369
1!
#4526634369
1"
#4526651729
0!
#4526651729
0"
#4526669089
1!
#4526669089
1"
#4526677769
0!
#4526677769
0"
#4526721169
1!
#4526721169
1"
#4526738529
0!
#4526738529
0"
#4526755889
1!
#4526755889
1"
#4526764569
0!
#4526764569
0"
#4526807969
1!
#4526807969
1"
#4526825329
0!
#4526825329
0"
#4526842689
1!
#4526842689
1"
#4526851369
0!
#4526851369
0"
#4526868729
1!
#4526868729
1"
#4526877409
0!
#4526877409
0"
#4526886089
1!
#4526886089
1"
#4526894769
0!
#4526894769
0"
#4526929489
1!
#4526929489
1"
#4526938169
0!
#4526938169
0"
#4527016289
1!
#4527016289
1"
#4527024969
0!
#4527024969
0"
#4527059689
1!
#4527059689
1"
#4527068369
0!
#4527068369
0"
#4527103089
1!
#4527103089
1"
#4527111769
0!
#4527111769
0"
#4527189889
1!
#4527189889
1"
#4527198569
0!
#4527198569
0"
#4527276689
1!
#4527276689
1"
#4527285369
0!
#4527285369
0"
#4527363489
1!
#4527363489
1"
#4527372169
0!
#4527372169
0"
#4527424249
1!
#4527424249
1"
#4527441609
0!
#4527441609
0"
#4527450289
1!
#4527450289
1"
#4527458969
0!
#4527458969
0"
#4527476329
1!
#4527476329
1"
#4527502369
0!
#4527502369
0"
#4527519729
1!
#4527519729
1"
#4527545769
0!
#4527545769
0"
#4527563129
1!
#4527563129
1"
#4527589169
0!
#4527589169
0"
#4527606529
1!
#4527606529
1"
#4527632569
0!
#4527632569
0"
#4527641249
1!
#4527641249
1"
#4527693329
0!
#4527693329
0"
#4527710689
1!
#4527710689
1"
#4527719369
0!
#4527719369
0"
#4527728049
1!
#4527728049
1"
#4527745409
0!
#4527745409
0"
#4527797489
1!
#4527797489
1"
#4527806169
0!
#4527806169
0"
#4527884289
1!
#4527884289
1"
#4527892969
0!
#4527892969
0"
#4527971089
1!
#4527971089
1"
#4527979769
0!
#4527979769
0"
#4528057889
1!
#4528057889
1"
#4528066569
0!
#4528066569
0"
#4528083929
1!
#4528083929
1"
#4528101289
0!
#4528101289
0"
#4528136009
1!
#4528136009
1"
#4528153369
0!
#4528153369
0"
#4528162049
1!
#4528162049
1"
#4528196769
0!
#4528196769
0"
#4528231489
1!
#4528231489
1"
#6489039369
0!
#6489039369
0"
#6489048049
1!
#6489048049
1"
#6489056729
0!
#6489056729
0"
#6489065409
1!
#6489065409
1"
#6489074089
0!
#6489074089
0"
#6489091449
1!
#6489091449
1"
#6489100129
0!
#6489100129
0"
#6489108809
1!
#6489108809
1"
#6489126169
0!
#6489126169
0"
#6489143529
1!
#6489143529
1"
#6489152209
0!
#6489152209
0"
#6489160889
1!
#6489160889
1"
#6489178249
0!
#6489178249
0"
#6489186929
1!
#6489186929
1"
#6489195609
0!
#6489195609
0"
#6489204289
1!
#6489204289
1"
#6489212969
0!
#6489212969
0"
#6489221649
1!
#6489221649
1"
#6489230329
0!
#6489230329
0"
#6489291089
1!
#6489291089
1"
#6489299769
0!
#6489299769
0"
#6489325809
1!
#6489325809
1"
#6489334489
0!
#6489334489
0"
#6489351849
1!
#6489351849
1"
#6489369209
0!
#6489369209
0"
#6489377889
1!
#6489377889
1"
#6489386569
0!
#6489386569
0"
#6489403929
1!
#6489403929
1"
#6489412609
0!
#6489412609
0"
#6489429969
1!
#6489429969
1"
#6489438649
0!
#6489438649
0"
#6489447329
1!
#6489447329
1"
#6489456009
0!
#6489456009
0"
#6489464689
1!
#6489464689
1"
#6489473369
0!
#6489473369
0"
#6489482049
1!
#6489482049
1"
#6489490729
0!
#6489490729
0"
#6489499409
1!
#6489499409
1"
#6489508089
0!
#6489508089
0"
#6489525449
1!
#6489525449
1"
#6489542809
0!
#6489542809
0"
#6489551489
1!
#6489551489
1"
#6489560169
0!
#6489560169
0"
#6489568849
1!
#6489568849
1"
#6489586209
0!
#6489586209
0"
#6489603569
1!
#6489603569
1"
#6489629609
0!
#6489629609
0"
#6489638289
1!
#6489638289
1"
#6489646969
0!
#6489646969
0"
#6489655649
1!
#6489655649
1"
#6489664329
0!
#6489664329
0"
#6489673009
1!
#6489673009
1"
#6489681689
0!
#6489681689
0"
#6489690369
1!
#6489690369
1"
#6489716409
0!
#6489716409
0"
#6489725089
1!
#6489725089
1"
#6489733769
0!
#6489733769
0"
#6489759809
1!
#6489759809
1"
#6489777169
0!
#6489777169
0"
#6489785849
1!
#6489785849
1"
#6489803209
0!
#6489803209
0"
#6489811889
1!
#6489811889
1"
#6489820569
0!
#6489820569
0"
#6489846609
1!
#6489846609
1"
#6489855289
0!
#6489855289
0"
#6489863969
1!
#6489863969
1"
#6489890009
0!
#6489890009
0"
#6489898689
1!
#6489898689
1"
#6489907369
0!
#6489907369
0"
#6489924729
1!
#6489924729
1"
#6489933409
0!
#6489933409
0"
#6489942089
1!
#6489942089
1"
#6489968129
0!
#6489968129
0"
#6489985489
1!
#6489985489
1"
#6489994169
0!
#6489994169
0"
#6490046249
1!
#6490046249
1"
#6490054929
0!
#6490054929
0"
#6490072289
1!
#6490072289
1"
#6490080969
0!
#6490080969
0"
#6490089649
1!
#6490089649
1"
#6490115689
0!
#6490115689
0"
#6490133049
1!
#6490133049
1"
#6490150409
0!
#6490150409
0"
#6490159089
1!
#6490159089
1"
#6490167769
0!
#6490167769
0"
#6490202489
1!
#6490202489
1"
#6490237209
0!
#6490237209
0"
#6490245889
1!
#6490245889
1"
#6490254569
0!
#6490254569
0"
#6490271929
1!
#6490271929
1"
#6490280609
0!
#6490280609
0"
#6490289289
1!
#6490289289
1"
#6490315329
0!
#6490315329
0"
#6490332689
1!
#6490332689
1"
#6490341369
0!
#6490341369
0"
#6490393449
1!
#6490393449
1"
#6490402129
0!
#6490402129
0"
#6490419489
1!
#6490419489
1"
#6490428169
0!
#6490428169
0"
#6490480249
1!
#6490480249
1"
#6490488929
0!
#6490488929
0"
#6490506289
1!
#6490506289
1"
#6490514969
0!
#6490514969
0"
#6490567049
1!
#6490567049
1"
#6490575729
0!
#6490575729
0"
#6490593089
1!
#6490593089
1"
#6490601769
0!
#6490601769
0"
#6490653849
1!
#6490653849
1"
#6490662529
0!
#6490662529
0"
#6490679889
1!
#6490679889
1"
#6490688569
0!
#6490688569
0"
#6490740649
1!
#6490740649
1"
#6490749329
0!
#6490749329
0"
#6490766689
1!
#6490766689
1"
#6490775369
0!
#6490775369
0"
#6490827449
1!
#6490827449
1"
#6490836129
0!
#6490836129
0"
#6490853489
1!
#6490853489
1"
#6490862169
0!
#6490862169
0"
#6490905569
1!
#6490905569
1"
#6490922929
0!
#6490922929
0"
#6490940289
1!
#6490940289
1"
#6490948969
0!
#6490948969
0"
#6490966329
1!
#6490966329
1"
#6490992369
0!
#6490992369
0"
#6491001049
1!
#6491001049
1"
#6491009729
0!
#6491009729
0"
#6491027089
1!
#6491027089
1"
#6491035769
0!
#6491035769
0"
#6491079169
1!
#6491079169
1"
#6491096529
0!
#6491096529
0"
#6491113889
1!
#6491113889
1"
#6491122569
0!
#6491122569
0"
#6491148609
1!
#6491148609
1"
#6491165969
0!
#6491165969
0"
#6491174649
1!
#6491174649
1"
#6491183329
0!
#6491183329
0"
#6491200689
1!
#6491200689
1"
#6491209369
0!
#6491209369
0"
#6491261449
1!
#6491261449
1"
#6491270129
0!
#6491270129
0"
#6491287489
1!
#6491287489
1"
#6491296169
0!
#6491296169
0"
#6491304849
1!
#6491304849
1"
#6491330889
0!
#6491330889
0"
#6491348249
1!
#6491348249
1"
#6491365609
0!
#6491365609
0"
#6491374289
1!
#6491374289
1"
#6491382969
0!
#6491382969
0"
#6491391649
1!
#6491391649
1"
#6491400329
0!
#6491400329
0"
#6491417689
1!
#6491417689
1"
#6491452409
0!
#6491452409
0"
#6491461089
1!
#6491461089
1"
#6491469769
0!
#6491469769
0"
#6491487129
1!
#6491487129
1"
#6491495809
0!
#6491495809
0"
#6491504489
1!
#6491504489
1"
#6491530529
0!
#6491530529
0"
#6491547889
1!
#6491547889
1"
#6491556569
0!
#6491556569
0"
#6491608649
1!
#6491608649
1"
#6491617329
0!
#6491617329
0"
#6491634689
1!
#6491634689
1"
#6491643369
0!
#6491643369
0"
#6491695449
1!
#6491695449
1"
#6491704129
0!
#6491704129
0"
#6491721489
1!
#6491721489
1"
#6491730169
0!
#6491730169
0"
#6491782249
1!
#6491782249
1"
#6491790929
0!
#6491790929
0"
#6491808289
1!
#6491808289
1"
#6491816969
0!
#6491816969
0"
#6491869049
1!
#6491869049
1"
#6491877729
0!
#6491877729
0"
#6491895089
1!
#6491895089
1"
#6491903769
0!
#6491903769
0"
#6491955849
1!
#6491955849
1"
#6491964529
0!
#6491964529
0"
#6491981889
1!
#6491981889
1"
#6491990569
0!
#6491990569
0"
#6492042649
1!
#6492042649
1"
#6492051329
0!
#6492051329
0"
#6492068689
1!
#6492068689
1"
#6492077369
0!
#6492077369
0"
#6492120769
1!
#6492120769
1"
#6492138129
0!
#6492138129
0"
#6492155489
1!
#6492155489
1"
#6492164169
0!
#6492164169
0"
#6492181529
1!
#6492181529
1"
#6492207569
0!
#6492207569
0"
#6492216249
1!
#6492216249
1"
#6492224929
0!
#6492224929
0"
#6492242289
1!
#6492242289
1"
#6492250969
0!
#6492250969
0"
#6492294369
1!
#6492294369
1"
#6492311729
0!
#6492311729
0"
#6492329089
1!
#6492329089
1"
#6492337769
0!
#6492337769
0"
#6492363809
1!
#6492363809
1"
#6492381169
0!
#6492381169
0"
#6492389849
1!
#6492389849
1"
#6492398529
0!
#6492398529
0"
#6492415889
1!
#6492415889
1"
#6492424569
0!
#6492424569
0"
#6492476649
1!
#6492476649
1"
#6492485329
0!
#6492485329
0"
#6492502689
1!
#6492502689
1"
#6492511369
0!
#6492511369
0"
#6492520049
1!
#6492520049
1"
#6492546089
0!
#6492546089
0"
#6492563449
1!
#6492563449
1"
#6492580809
0!
#6492580809
0"
#6492589489
1!
#6492589489
1"
#6492598169
0!
#6492598169
0"
#6492615529
1!
#6492615529
1"
#6492624209
0!
#6492624209
0"
#6492632889
1!
#6492632889
1"
#6492667609
0!
#6492667609
0"
#6492676289
1!
#6492676289
1"
#6492684969
0!
#6492684969
0"
#6492702329
1!
#6492702329
1"
#6492711009
0!
#6492711009
0"
#6492719689
1!
#6492719689
1"
#6492745729
0!
#6492745729
0"
#6492763089
1!
#6492763089
1"
#6492771769
0!
#6492771769
0"
#6492823849
1!
#6492823849
1"
#6492832529
0!
#6492832529
0"
#6492849889
1!
#6492849889
1"
#6492858569
0!
#6492858569
0"
#6492910649
1!
#6492910649
1"
#6492919329
0!
#6492919329
0"
#6492936689
1!
#6492936689
1"
#6492945369
0!
#6492945369
0"
#6492997449
1!
#6492997449
1"
#6493006129
0!
#6493006129
0"
#6493023489
1!
#6493023489
1"
#6493032169
0!
#6493032169
0"
#6493084249
1!
#6493084249
1"
#6493092929
0!
#6493092929
0"
#6493110289
1!
#6493110289
1"
#6493118969
0!
#6493118969
0"
#6493171049
1!
#6493171049
1"
#6493179729
0!
#6493179729
0"
#6493197089
1!
#6493197089
1"
#6493205769
0!
#6493205769
0"
#6493257849
1!
#6493257849
1"
#6493266529
0!
#6493266529
0"
#6493283889
1!
#6493283889
1"
#6493292569
0!
#6493292569
0"
#6493335969
1!
#6493335969
1"
#6493353329
0!
#6493353329
0"
#6493370689
1!
#6493370689
1"
#6493379369
0!
#6493379369
0"
#6493396729
1!
#6493396729
1"
#6493422769
0!
#6493422769
0"
#6493431449
1!
#6493431449
1"
#6493440129
0!
#6493440129
0"
#6493457489
1!
#6493457489
1"
#6493466169
0!
#6493466169
0"
#6493509569
1!
#6493509569
1"
#6493526929
0!
#6493526929
0"
#6493544289
1!
#6493544289
1"
#6493552969
0!
#6493552969
0"
#6493579009
1!
#6493579009
1"
#6493596369
0!
#6493596369
0"
#6493605049
1!
#6493605049
1"
#6493613729
0!
#6493613729
0"
#6493631089
1!
#6493631089
1"
#6493639769
0!
#6493639769
0"
#6493691849
1!
#6493691849
1"
#6493700529
0!
#6493700529
0"
#6493717889
1!
#6493717889
1"
#6493726569
0!
#6493726569
0"
#6493752609
1!
#6493752609
1"
#6493761289
0!
#6493761289
0"
#6493778649
1!
#6493778649
1"
#6493796009
0!
#6493796009
0"
#6493804689
1!
#6493804689
1"
#6493813369
0!
#6493813369
0"
#6493822049
1!
#6493822049
1"
#6493830729
0!
#6493830729
0"
#6493848089
1!
#6493848089
1"
#6493856769
0!
#6493856769
0"
#6493865449
1!
#6493865449
1"
#6493882809
0!
#6493882809
0"
#6493891489
1!
#6493891489
1"
#6493900169
0!
#6493900169
0"
#6493908849
1!
#6493908849
1"
#6493926209
0!
#6493926209
0"
#6493943569
1!
#6493943569
1"
#6493969609
0!
#6493969609
0"
#6493978289
1!
#6493978289
1"
#6493986969
0!
#6493986969
0"
#6494030369
1!
#6494030369
1"
#6494056409
0!
#6494056409
0"
#6494065089
1!
#6494065089
1"
#6494073769
0!
#6494073769
0"
#6494099809
1!
#6494099809
1"
#6494117169
0!
#6494117169
0"
#6494125849
1!
#6494125849
1"
#6494143209
0!
#6494143209
0"
#6494151889
1!
#6494151889
1"
#6494160569
0!
#6494160569
0"
#6494169249
1!
#6494169249
1"
#6494177929
0!
#6494177929
0"
#6494212649
1!
#6494212649
1"
#6494230009
0!
#6494230009
0"
#6494238689
1!
#6494238689
1"
#6494247369
0!
#6494247369
0"
#6494256049
1!
#6494256049
1"
#6494264729
0!
#6494264729
0"
#6494282089
1!
#6494282089
1"
#6494316809
0!
#6494316809
0"
#6494325489
1!
#6494325489
1"
#6494334169
0!
#6494334169
0"
#6494386249
1!
#6494386249
1"
#6494394929
0!
#6494394929
0"
#6494412289
1!
#6494412289
1"
#6494420969
0!
#6494420969
0"
#6494447009
1!
#6494447009
1"
#6494455689
0!
#6494455689
0"
#6494464369
1!
#6494464369
1"
#6494490409
0!
#6494490409
0"
#6494499089
1!
#6494499089
1"
#6494507769
0!
#6494507769
0"
#6494516449
1!
#6494516449
1"
#6494525129
0!
#6494525129
0"
#6494542489
1!
#6494542489
1"
#6494551169
0!
#6494551169
0"
#6494559849
1!
#6494559849
1"
#6494577209
0!
#6494577209
0"
#6494585889
1!
#6494585889
1"
#6494594569
0!
#6494594569
0"
#6494603249
1!
#6494603249
1"
#6494611929
0!
#6494611929
0"
#6494620609
1!
#6494620609
1"
#6494637969
0!
#6494637969
0"
#6494646649
1!
#6494646649
1"
#6494664009
0!
#6494664009
0"
#6494672689
1!
#6494672689
1"
#6494681369
0!
#6494681369
0"
#6494690049
1!
#6494690049
1"
#6494698729
0!
#6494698729
0"
#6494707409
1!
#6494707409
1"
#6494716089
0!
#6494716089
0"
#6494733449
1!
#6494733449
1"
#6494750809
0!
#6494750809
0"
#6494759489
1!
#6494759489
1"
#6494768169
0!
#6494768169
0"
#6494785529
1!
#6494785529
1"
#6494794209
0!
#6494794209
0"
#6494802889
1!
#6494802889
1"
#6494828929
0!
#6494828929
0"
#6494846289
1!
#6494846289
1"
#6494854969
0!
#6494854969
0"
#6494907049
1!
#6494907049
1"
#6494915729
0!
#6494915729
0"
#6494933089
1!
#6494933089
1"
#6494941769
0!
#6494941769
0"
#6494950449
1!
#6494950449
1"
#6494959129
0!
#6494959129
0"
#6494967809
1!
#6494967809
1"
#6494976489
0!
#6494976489
0"
#6494985169
1!
#6494985169
1"
#6495002529
0!
#6495002529
0"
#6495019889
1!
#6495019889
1"
#6495028569
0!
#6495028569
0"
#6495071969
1!
#6495071969
1"
#6495089329
0!
#6495089329
0"
#6495106689
1!
#6495106689
1"
#6495115369
0!
#6495115369
0"
#6495158769
1!
#6495158769
1"
#6495176129
0!
#6495176129
0"
#6495193489
1!
#6495193489
1"
#6495202169
0!
#6495202169
0"
#6495245569
1!
#6495245569
1"
#6495262929
0!
#6495262929
0"
#6495280289
1!
#6495280289
1"
#6495288969
0!
#6495288969
0"
#6495315009
1!
#6495315009
1"
#6495332369
0!
#6495332369
0"
#6495341049
1!
#6495341049
1"
#6495349729
0!
#6495349729
0"
#6495367089
1!
#6495367089
1"
#6495375769
0!
#6495375769
0"
#6495427849
1!
#6495427849
1"
#6495436529
0!
#6495436529
0"
#6495453889
1!
#6495453889
1"
#6495462569
0!
#6495462569
0"
#6495471249
1!
#6495471249
1"
#6495488609
0!
#6495488609
0"
#6495505969
1!
#6495505969
1"
#6495532009
0!
#6495532009
0"
#6495540689
1!
#6495540689
1"
#6495549369
0!
#6495549369
0"
#6495558049
1!
#6495558049
1"
#6495566729
0!
#6495566729
0"
#6495575409
1!
#6495575409
1"
#6495584089
0!
#6495584089
0"
#6495601449
1!
#6495601449
1"
#6495618809
0!
#6495618809
0"
#6495627489
1!
#6495627489
1"
#6495636169
0!
#6495636169
0"
#6495653529
1!
#6495653529
1"
#6495679569
0!
#6495679569
0"
#6495688249
1!
#6495688249
1"
#6495705609
0!
#6495705609
0"
#6495714289
1!
#6495714289
1"
#6495722969
0!
#6495722969
0"
#6495731649
1!
#6495731649
1"
#6495749009
0!
#6495749009
0"
#6495766369
1!
#6495766369
1"
#6495792409
0!
#6495792409
0"
#6495801089
1!
#6495801089
1"
#6495809769
0!
#6495809769
0"
#6495818449
1!
#6495818449
1"
#6495853169
0!
#6495853169
0"
#6495861849
1!
#6495861849
1"
#6495879209
0!
#6495879209
0"
#6495887889
1!
#6495887889
1"
#6495896569
0!
#6495896569
0"
#6495913929
1!
#6495913929
1"
#6495922609
0!
#6495922609
0"
#6495939969
1!
#6495939969
1"
#6495966009
0!
#6495966009
0"
#6495974689
1!
#6495974689
1"
#6495983369
0!
#6495983369
0"
#6496035449
1!
#6496035449
1"
#6496044129
0!
#6496044129
0"
#6496061489
1!
#6496061489
1"
#6496070169
0!
#6496070169
0"
#6496096209
1!
#6496096209
1"
#6496104889
0!
#6496104889
0"
#6496113569
1!
#6496113569
1"
#6496139609
0!
#6496139609
0"
#6496148289
1!
#6496148289
1"
#6496156969
0!
#6496156969
0"
#6496165649
1!
#6496165649
1"
#6496174329
0!
#6496174329
0"
#6496191689
1!
#6496191689
1"
#6496200369
0!
#6496200369
0"
#6496209049
1!
#6496209049
1"
#6496226409
0!
#6496226409
0"
#6496235089
1!
#6496235089
1"
#6496243769
0!
#6496243769
0"
#6496252449
1!
#6496252449
1"
#6496261129
0!
#6496261129
0"
#6496269809
1!
#6496269809
1"
#6496287169
0!
#6496287169
0"
#6496295849
1!
#6496295849
1"
#6496313209
0!
#6496313209
0"
#6496321889
1!
#6496321889
1"
#6496330569
0!
#6496330569
0"
#6496339249
1!
#6496339249
1"
#6496347929
0!
#6496347929
0"
#6496356609
1!
#6496356609
1"
#6496365289
0!
#6496365289
0"
#6496382649
1!
#6496382649
1"
#6496400009
0!
#6496400009
0"
#6496408689
1!
#6496408689
1"
#6496417369
0!
#6496417369
0"
#6496434729
1!
#6496434729
1"
#6496443409
0!
#6496443409
0"
#6496452089
1!
#6496452089
1"
#6496478129
0!
#6496478129
0"
#6496495489
1!
#6496495489
1"
#6496504169
0!
#6496504169
0"
#6496556249
1!
#6496556249
1"
#6496564929
0!
#6496564929
0"
#6496582289
1!
#6496582289
1"
#6496590969
0!
#6496590969
0"
#6496599649
1!
#6496599649
1"
#6496608329
0!
#6496608329
0"
#6496634369
1!
#6496634369
1"
#6496651729
0!
#6496651729
0"
#6496669089
1!
#6496669089
1"
#6496677769
0!
#6496677769
0"
#6496721169
1!
#6496721169
1"
#6496738529
0!
#6496738529
0"
#6496755889
1!
#6496755889
1"
#6496764569
0!
#6496764569
0"
#6496807969
1!
#6496807969
1"
#6496825329
0!
#6496825329
0"
#6496842689
1!
#6496842689
1"
#6496851369
0!
#6496851369
0"
#6496868729
1!
#6496868729
1"
#6496877409
0!
#6496877409
0"
#6496886089
1!
#6496886089
1"
#6496894769
0!
#6496894769
0"
#6496929489
1!
#6496929489
1"
#6496938169
0!
#6496938169
0"
#6497016289
1!
#6497016289
1"
#6497024969
0!
#6497024969
0"
#6497059689
1!
#6497059689
1"
#6497068369
0!
#6497068369
0"
#6497103089
1!
#6497103089
1"
#6497111769
0!
#6497111769
0"
#6497189889
1!
#6497189889
1"
#6497198569
0!
#6497198569
0"
#6497276689
1!
#6497276689
1"
#6497285369
0!
#6497285369
0"
#6497363489
1!
#6497363489
1"
#6497372169
0!
#6497372169
0"
#6497424249
1!
#6497424249
1"
#6497441609
0!
#6497441609
0"
#6497450289
1!
#6497450289
1"
#6497458969
0!
#6497458969
0"
#6497476329
1!
#6497476329
1"
#6497502369
0!
#6497502369
0"
#6497519729
1!
#6497519729
1"
#6497545769
0!
#6497545769
0"
#6497563129
1!
#6497563129
1"
#6497589169
0!
#6497589169
0"
#6497606529
1!
#6497606529
1"
#6497632569
0!
#6497632569
0"
#6497641249
1!
#6497641249
1"
#6497693329
0!
#6497693329
0"
#6497710689
1!
#6497710689
1"
#6497719369
0!
#6497719369
0"
#6497728049
1!
#6497728049
1"
#6497745409
0!
#6497745409
0"
#6497797489
1!
#6497797489
1"
#6497806169
0!
#6497806169
0"
#6497884289
1!
#6497884289
1"
#6497892969
0!
#6497892969
0"
#6497971089
1!
#6497971089
1"
#6497979769
0!
#6497979769
0"
#6498057889
1!
#6498057889
1"
#6498066569
0!
#6498066569
0"
#6498083929
1!
#6498083929
1"
#6498101289
0!
#6498101289
0"
#6498136009
1!
#6498136009
1"
#6498153369
0!
#6498153369
0"
#6498162049
1!
#6498162049
1"
#6498196769
0!
#6498196769
0"
#6498231489
1!
#6498231489
1"
#12009039369
0!
#12009039369
0"
#12009048049
1!
#12009048049
1"
#12009056729
0!
#12009056729
0"
#12009065409
1!
#12009065409
1"
#12009074089
0!
#12009074089
0"
#12009091449
1!
#12009091449
1"
#12009100129
0!
#12009100129
0"
#12009108809
1!
#12009108809
1"
#12009126169
0!
#12009126169
0"
#12009143529
1!
#12009143529
1"
#12009152209
0!
#12009152209
0"
#12009160889
1!
#12009160889
1"
#12009178249
0!
#12009178249
0"
#12009186929
1!
#12009186929
1"
#12009195609
0!
#12009195609
0"
#12009204289
1!
#12009204289
1"
#12009212969
0!
#12009212969
0"
#12009221649
1!
#12009221649
1"
#12009230329
0!
#12009230329
0"
#12009291089
1!
#12009291089
1"
#12009299769
0!
#12009299769
0"
#12009325809
1!
#12009325809
1"
#12009334489
0!
#12009334489
0"
#12009351849
1!
#12009351849
1"
#12009369209
0!
#12009369209
0"
#12009377889
1!
#12009377889
1"
#12009386569
0!
#12009386569
0"
#12009403929
1!
#12009403929
1"
#12009412609
0!
#12009412609
0"
#12009429969
1!
#12009429969
1"
#12009438649
0!
#12009438649
0"
#12009447329
1!
#12009447329
1"
#12009456009
0!
#12009456009
0"
#12009464689
1!
#12009464689
1"
#12009473369
0!
#12009473369
0"
#12009482049
1!
#12009482049
1"
#12009490729
0!
#12009490729
0"
#12009499409
1!
#12009499409
1"
#12009508089
0!
#12009508089
0"
#12009525449
1!
#12009525449
1"
#12009542809
0!
#12009542809
0"
#12009551489
1!
#12009551489
1"
#12009560169
0!
#12009560169
0"
#12009568849
1!
#12009568849
1"
#12009586209
0!
#12009586209
0"
#12009603569
1!
#12009603569
1"
#12009629609
0!
#12009629609
0"
#12009638289
1!
#12009638289
1"
#12009646969
0!
#12009646969
0"
#12009655649
1!
#12009655649
1"
#12009664329
0!
#12009664329
0"
#12009673009
1!
#12009673009
1"
#12009681689
0!
#12009681689
0"
#12009690369
1!
#12009690369
1"
#12009716409
0!
#12009716409
0"
#12009725089
1!
#12009725089
1"
#12009733769
0!
#12009733769
0"
#12009759809
1!
#12009759809
1"
#12009777169
0!
#12009777169
0"
#12009785849
1!
#12009785849
1"
#12009803209
0!
#12009803209
0"
#12009811889
1!
#12009811889
1"
#12009820569
0!
#12009820569
0"
#12009846609
1!
#12009846609
1"
#12009855289
0!
#12009855289
0"
#12009863969
1!
#12009863969
1"
#12009890009
0!
#12009890009
0"
#12009898689
1!
#12009898689
1"
#12009907369
0!
#12009907369
0"
#12009924729
1!
#12009924729
1"
#12009933409
0!
#12009933409
0"
#12009942089
1!
#12009942089
1"
#12009968129
0!
#12009968129
0"
#12009985489
1!
#12009985489
1"
#12009994169
0!
#12009994169
0"
#12010046249
1!
#12010046249
1"
#12010054929
0!
#12010054929
0"
#12010072289
1!
#12010072289
1"
#12010080969
0!
#12010080969
0"
#12010089649
1!
#12010089649
1"
#12010115689
0!
#12010115689
0"
#12010133049
1!
#12010133049
1"
#12010150409
0!
#12010150409
0"
#12010159089
1!
#12010159089
1"
#12010167769
0!
#12010167769
0"
#12010202489
1!
#12010202489
1"
#12010237209
0!
#12010237209
0"
#12010245889
1!
#12010245889
1"
#12010254569
0!
#12010254569
0"
#12010271929
1!
#12010271929
1"
#12010280609
0!
#12010280609
0"
#12010289289
1!
#12010289289
1"
#12010315329
0!
#12010315329
0"
#12010332689
1!
#12010332689
1"
#12010341369
0!
#12010341369
0"
#12010393449
1!
#12010393449
1"
#12010402129
0!
#12010402129
0"
#12010419489
1!
#12010419489
1"
#12010428169
0!
#12010428169
0"
#12010480249
1!
#12010480249
1"
#12010488929
0!
#12010488929
0"
#12010506289
1!
#12010506289
1"
#12010514969
0!
#12010514969
0"
#12010567049
1!
#12010567049
1"
#12010575729
0!
#12010575729
0"
#12010593089
1!
#12010593089
1"
#12010601769
0!
#12010601769
0"
#12010653849
1!
#12010653849
1"
#12010662529
0!
#12010662529
0"
#12010679889
1!
#12010679889
1"
#12010688569
0!
#12010688569
0"
#12010740649
1!
#12010740649
1"
#12010749329
0!
#12010749329
0"
#12010766689
1!
#12010766689
1"
#12010775369
0!
#12010775369
0"
#12010827449
1!
#12010827449
1"
#12010836129
0!
#12010836129
0"
#12010853489
1!
#12010853489
1"
#12010862169
0!
#12010862169
0"
#12010905569
1!
#12010905569
1"
#12010922929
0!
#12010922929
0"
#12010940289
1!
#12010940289
1"
#12010948969
0!
#12010948969
0"
#12010966329
1!
#12010966329
1"
#12010992369
0!
#12010992369
0"
#12011001049
1!
#12011001049
1"
#12011009729
0!
#12011009729
0"
#12011027089
1!
#12011027089
1"
#12011035769
0!
#12011035769
0"
#12011079169
1!
#12011079169
1"
#12011096529
0!
#12011096529
0"
#12011113889
1!
#12011113889
1"
#12011122569
0!
#12011122569
0"
#12011148609
1!
#12011148609
1"
#12011165969
0!
#12011165969
0"
#12011174649
1!
#12011174649
1"
#12011183329
0!
#12011183329
0"
#12011200689
1!
#12011200689
1"
#12011209369
0!
#12011209369
0"
#12011261449
1!
#12011261449
1"
#12011270129
0!
#12011270129
0"
#12011287489
1!
#12011287489
1"
#12011296169
0!
#12011296169
0"
#12011304849
1!
#12011304849
1"
#12011330889
0!
#12011330889
0"
#12011348249
1!
#12011348249
1"
#12011365609
0!
#12011365609
0"
#12011374289
1!
#12011374289
1"
#12011382969
0!
#12011382969
0"
#12011391649
1!
#12011391649
1"
#12011400329
0!
#12011400329
0"
#12011417689
1!
#12011417689
1"
#12011452409
0!
#12011452409
0"
#12011461089
1!
#12011461089
1"
#12011469769
0!
#12011469769
0"
#12011487129
1!
#12011487129
1"
#12011495809
0!
#12011495809
0"
#12011504489
1!
#12011504489
1"
#12011530529
0!
#12011530529
0"
#12011547889
1!
#12011547889
1"
#12011556569
0!
#12011556569
0"
#12011608649
1!
#12011608649
1"
#12011617329
0!
#12011617329
0"
#12011634689
1!
#12011634689
1"
#12011643369
0!
#12011643369
0"
#12011695449
1!
#12011695449
1"
#12011704129
0!
#12011704129
0"
#12011721489
1!
#12011721489
1"
#12011730169
0!
#12011730169
0"
#12011782249
1!
#12011782249
1"
#12011790929
0!
#12011790929
0"
#12011808289
1!
#12011808289
1"
#12011816969
0!
#12011816969
0"
#12011869049
1!
#12011869049
1"
#12011877729
0!
#12011877729
0"
#12011895089
1!
#12011895089
1"
#12011903769
0!
#12011903769
0"
#12011955849
1!
#12011955849
1"
#12011964529
0!
#12011964529
0"
#12011981889
1!
#12011981889
1"
#12011990569
0!
#12011990569
0"
#12012042649
1!
#12012042649
1"
#12012051329
0!
#12012051329
0"
#12012068689
1!
#12012068689
1"
#12012077369
0!
#12012077369
0"
#12012120769
1!
#12012120769
1"
#12012138129
0!
#12012138129
0"
#12012155489
1!
#12012155489
1"
#12012164169
0!
#12012164169
0"
#12012181529
1!
#12012181529
1"
#12012207569
0!
#12012207569
0"
#12012216249
1!
#12012216249
1"
#12012224929
0!
#12012224929
0"
#12012242289
1!
#12012242289
1"
#12012250969
0!
#12012250969
0"
#12012294369
1!
#12012294369
1"
#12012311729
0!
#12012311729
0"
#12012329089
1!
#12012329089
1"
#12012337769
0!
#12012337769
0"
#12012363809
1!
#12012363809
1"
#12012381169
0!
#12012381169
0"
#12012389849
1!
#12012389849
1"
#12012398529
0!
#12012398529
0"
#12012415889
1!
#12012415889
1"
#12012424569
0!
#12012424569
0"
#12012476649
1!
#12012476649
1"
#12012485329
0!
#12012485329
0"
#12012502689
1!
#12012502689
1"
#12012511369
0!
#12012511369
0"
#12012520049
1!
#12012520049
1"
#12012546089
0!
#12012546089
0"
#12012563449
1!
#12012563449
1"
#12012580809
0!
#12012580809
0"
#12012589489
1!
#12012589489
1"
#12012598169
0!
#12012598169
0"
#12012615529
1!
#12012615529
1"
#12012624209
0!
#12012624209
0"
#12012632889
1!
#12012632889
1"
#12012667609
0!
#12012667609
0"
#12012676289
1!
#12012676289
1"
#12012684969
0!
#12012684969
0"
#12012702329
1!
#12012702329
1"
#12012711009
0!
#12012711009
0"
#12012719689
1!
#12012719689
1"
#12012745729
0!
#12012745729
0"
#12012763089
1!
#12012763089
1"
#12012771769
0!
#12012771769
0"
#12012823849
1!
#12012823849
1"
#12012832529
0!
#12012832529
0"
#12012849889
1!
#12012849889
1"
#12012858569
0!
#12012858569
0"
#12012910649
1!
#12012910649
1"
#12012919329
0!
#12012919329
0"
#12012936689
1!
#12012936689
1"
#12012945369
0!
#12012945369
0"
#12012997449
1!
#12012997449
1"
#12013006129
0!
#12013006129
0"
#12013023489
1!
#12013023489
1"
#12013032169
0!
#12013032169
0"
#12013084249
1!
#12013084249
1"
#12013092929
0!
#12013092929
0"
#12013110289
1!
#12013110289
1"
#12013118969
0!
#12013118969
0"
#12013171049
1!
#12013171049
1"
#12013179729
0!
#12013179729
0"
#12013197089
1!
#12013197089
1"
#12013205769
0!
#12013205769
0"
#12013257849
1!
#12013257849
1"
#12013266529
0!
#12013266529
0"
#12013283889
1!
#12013283889
1"
#12013292569
0!
#12013292569
0"
#12013335969
1!
#12013335969
1"
#12013353329
0!
#12013353329
0"
#12013370689
1!
#12013370689
1"
#12013379369
0!
#12013379369
0"
#12013396729
1!
#12013396729
1"
#12013422769
0!
#12013422769
0"
#12013431449
1!
#12013431449
1"
#12013440129
0!
#12013440129
0"
#12013457489
1!
#12013457489
1"
#12013466169
0!
#12013466169
0"
#12013509569
1!
#12013509569
1"
#12013526929
0!
#12013526929
0"
#12013544289
1!
#12013544289
1"
#12013552969
0!
#12013552969
0"
#12013579009
1!
#12013579009
1"
#12013596369
0!
#12013596369
0"
#12013605049
1!
#12013605049
1"
#12013613729
0!
#12013613729
0"
#12013631089
1!
#12013631089
1"
#12013639769
0!
#12013639769
0"
#12013691849
1!
#12013691849
1"
#12013700529
0!
#12013700529
0"
#12013717889
1!
#12013717889
1"
#12013726569
0!
#12013726569
0"
#12013752609
1!
#12013752609
1"
#12013761289
0!
#12013761289
0"
#12013778649
1!
#12013778649
1"
#12013796009
0!
#12013796009
0"
#12013804689
1!
#12013804689
1"
#12013813369
0!
#12013813369
0"
#12013822049
1!
#12013822049
1"
#12013830729
0!
#12013830729
0"
#12013848089
1!
#12013848089
1"
#12013856769
0!
#12013856769
0"
#12013865449
1!
#12013865449
1"
#12013882809
0!
#12013882809
0"
#12013891489
1!
#12013891489
1"
#12013900169
0!
#12013900169
0"
#12013908849
1!
#12013908849
1"
#12013926209
0!
#12013926209
0"
#12013943569
1!
#12013943569
1"
#12013969609
0!
#12013969609
0"
#12013978289
1!
#12013978289
1"
#12013986969
0!
#12013986969
0"
#12014030369
1!
#12014030369
1"
#12014056409
0!
#12014056409
0"
#12014065089
1!
#12014065089
1"
#12014073769
0!
#12014073769
0"
#12014099809
1!
#12014099809
1"
#12014117169
0!
#12014117169
0"
#12014125849
1!
#12014125849
1"
#12014143209
0!
#12014143209
0"
#12014151889
1!
#12014151889
1"
#12014160569
0!
#12014160569
0"
#12014169249
1!
#12014169249
1"
#12014177929
0!
#12014177929
0"
#12014212649
1!
#12014212649
1"
#12014230009
0!
#12014230009
0"
#12014238689
1!
#12014238689
1"
#12014247369
0!
#12014247369
0"
#12014256049
1!
#12014256049
1"
#12014264729
0!
#12014264729
0"
#12014282089
1!
#12014282089
1"
#12014316809
0!
#12014316809
0"
#12014325489
1!
#12014325489
1"
#12014334169
0!
#12014334169
0"
#12014386249
1!
#12014386249
1"
#12014394929
0!
#12014394929
0"
#12014412289
1!
#12014412289
1"
#12014420969
0!
#12014420969
0"
#12014447009
1!
#12014447009
1"
#12014455689
0!
#12014455689
0"
#12014464369
1!
#12014464369
1"
#12014490409
0!
#12014490409
0"
#12014499089
1!
#12014499089
1"
#12014507769
0!
#12014507769
0"
#12014516449
1!
#12014516449
1"
#12014525129
0!
#12014525129
0"
#12014542489
1!
#12014542489
1"
#12014551169
0!
#12014551169
0"
#12014559849
1!
#12014559849
1"
#12014577209
0!
#12014577209
0"
#12014585889
1!
#12014585889
1"
#12014594569
0!
#12014594569
0"
#12014603249
1!
#12014603249
1"
#12014611929
0!
#12014611929
0"
#12014620609
1!
#12014620609
1"
#12014637969
0!
#12014637969
0"
#12014646649
1!
#12014646649
1"
#12014664009
0!
#12014664009
0"
#12014672689
1!
#12014672689
1"
#12014681369
0!
#12014681369
0"
#12014690049
1!
#12014690049
1"
#12014698729
0!
#12014698729
0"
#12014707409
1!
#12014707409
1"
#12014716089
0!
#12014716089
0"
#12014733449
1!
#12014733449
1"
#12014750809
0!
#12014750809
0"
#12014759489
1!
#12014759489
1"
#12014768169
0!
#12014768169
0"
#12014785529
1!
#12014785529
1"
#12014794209
0!
#12014794209
0"
#12014802889
1!
#12014802889
1"
#12014828929
0!
#12014828929
0"
#12014846289
1!
#12014846289
1"
#12014854969
0!
#12014854969
0"
#12014907049
1!
#12014907049
1"
#12014915729
0!
#12014915729
0"
#12014933089
1!
#12014933089
1"
#12014941769
0!
#12014941769
0"
#12014950449
1!
#12014950449
1"
#12014959129
0!
#12014959129
0"
#12014967809
1!
#12014967809
1"
#12014976489
0!
#12014976489
0"
#12014985169
1!
#12014985169
1"
#12015002529
0!
#12015002529
0"
#12015019889
1!
#12015019889
1"
#12015028569
0!
#12015028569
0"
#12015071969
1!
#12015071969
1"
#12015089329
0!
#12015089329
0"
#12015106689
1!
#12015106689
1"
#12015115369
0!
#12015115369
0"
#12015158769
1!
#12015158769
1"
#12015176129
0!
#12015176129
0"
#12015193489
1!
#12015193489
1"
#12015202169
0!
#12015202169
0"
#12015245569
1!
#12015245569
1"
#12015262929
0!
#12015262929
0"
#12015280289
1!
#12015280289
1"
#12015288969
0!
#12015288969
0"
#12015315009
1!
#12015315009
1"
#12015332369
0!
#12015332369
0"
#12015341049
1!
#12015341049
1"
#12015349729
0!
#12015349729
0"
#12015367089
1!
#12015367089
1"
#12015375769
0!
#12015375769
0"
#12015427849
1!
#12015427849
1"
#12015436529
0!
#12015436529
0"
#12015453889
1!
#12015453889
1"
#12015462569
0!
#12015462569
0"
#12015471249
1!
#12015471249
1"
#12015488609
0!
#12015488609
0"
#12015505969
1!
#12015505969
1"
#12015532009
0!
#12015532009
0"
#12015540689
1!
#12015540689
1"
#12015549369
0!
#12015549369
0"
#12015558049
1!
#12015558049
1"
#12015566729
0!
#12015566729
0"
#12015575409
1!
#12015575409
1"
#12015584089
0!
#12015584089
0"
#12015601449
1!
#12015601449
1"
#12015618809
0!
#12015618809
0"
#12015627489
1!
#12015627489
1"
#12015636169
0!
#12015636169
0"
#12015653529
1!
#12015653529
1"
#12015679569
0!
#12015679569
0"
#12015688249
1!
#12015688249
1"
#12015705609
0!
#12015705609
0"
#12015714289
1!
#12015714289
1"
#12015722969
0!
#12015722969
0"
#12015731649
1!
#12015731649
1"
#12015749009
0!
#12015749009
0"
#12015766369
1!
#12015766369
1"
#12015792409
0!
#12015792409
0"
#12015801089
1!
#12015801089
1"
#12015809769
0!
#12015809769
0"
#12015818449
1!
#12015818449
1"
#12015853169
0!
#12015853169
0"
#12015861849
1!
#12015861849
1"
#12015879209
0!
#12015879209
0"
#12015887889
1!
#12015887889
1"
#12015896569
0!
#12015896569
0"
#12015913929
1!
#12015913929
1"
#12015922609
0!
#12015922609
0"
#12015939969
1!
#12015939969
1"
#12015966009
0!
#12015966009
0"
#12015974689
1!
#12015974689
1"
#12015983369
0!
#12015983369
0"
#12016035449
1!
#12016035449
1"
#12016044129
0!
#12016044129
0"
#12016061489
1!
#12016061489
1"
#12016070169
0!
#12016070169
0"
#12016096209
1!
#12016096209
1"
#12016104889
0!
#12016104889
0"
#12016113569
1!
#12016113569
1"
#12016139609
0!
#12016139609
0"
#12016148289
1!
#12016148289
1"
#12016156969
0!
#12016156969
0"
#12016165649
1!
#12016165649
1"
#12016174329
0!
#12016174329
0"
#12016191689
1!
#12016191689
1"
#12016200369
0!
#12016200369
0"
#12016209049
1!
#12016209049
1"
#12016226409
0!
#12016226409
0"
#12016235089
1!
#12016235089
1"
#12016243769
0!
#12016243769
0"
#12016252449
1!
#12016252449
1"
#12016261129
0!
#12016261129
0"
#12016269809
1!
#12016269809
1"
#12016287169
0!
#12016287169
0"
#12016295849
1!
#12016295849
1"
#12016313209
0!
#12016313209
0"
#12016321889
1!
#12016321889
1"
#12016330569
0!
#12016330569
0"
#12016339249
1!
#12016339249
1"
#12016347929
0!
#12016347929
0"
#12016356609
1!
#12016356609
1"
#12016365289
0!
#12016365289
0"
#12016382649
1!
#12016382649
1"
#12016400009
0!
#12016400009
0"
#12016408689
1!
#12016408689
1"
#12016417369
0!
#12016417369
0"
#12016434729
1!
#12016434729
1"
#12016443409
0!
#12016443409
0"
#12016452089
1!
#12016452089
1"
#12016478129
0!
#12016478129
0"
#12016495489
1!
#12016495489
1"
#12016504169
0!
#12016504169
0"
#12016556249
1!
#12016556249
1"
#12016564929
0!
#12016564929
0"
#12016582289
1!
#12016582289
1"
#12016590969
0!
#12016590969
0"
#12016599649
1!
#12016599649
1"
#12016608329
0!
#12016608329
0"
#12016634369
1!
#12016634369
1"
#12016651729
0!
#12016651729
0"
#12016669089
1!
#12016669089
1"
#12016677769
0!
#12016677769
0"
#12016721169
1!
#12016721169
1"
#12016738529
0!
#12016738529
0"
#12016755889
1!
#12016755889
1"
#12016764569
0!
#12016764569
0"
#12016807969
1!
#12016807969
1"
#12016825329
0!
#12016825329
0"
#12016842689
1!
#12016842689
1"
#12016851369
0!
#12016851369
0"
#12016868729
1!
#12016868729
1"
#12016877409
0!
#12016877409
0"
#12016886089
1!
#12016886089
1"
#12016894769
0!
#12016894769
0"
#12016929489
1!
#12016929489
1"
#12016938169
0!
#12016938169
0"
#12017016289
1!
#12017016289
1"
#12017024969
0!
#12017024969
0"
#12017059689
1!
#12017059689
1"
#12017068369
0!
#12017068369
0"
#12017103089
1!
#12017103089
1"
#12017111769
0!
#12017111769
0"
#12017189889
1!
#12017189889
1"
#12017198569
0!
#12017198569
0"
#12017276689
1!
#12017276689
1"
#12017285369
0!
#12017285369
0"
#12017363489
1!
#12017363489
1"
#12017372169
0!
#12017372169
0"
#12017424249
1!
#12017424249
1"
#12017441609
0!
#12017441609
0"
#12017450289
1!
#12017450289
1"
#12017458969
0!
#12017458969
0"
#12017476329
1!
#12017476329
1"
#12017502369
0!
#12017502369
0"
#12017519729
1!
#12017519729
1"
#12017545769
0!
#12017545769
0"
#12017563129
1!
#12017563129
1"
#12017589169
0!
#12017589169
0"
#12017606529
1!
#12017606529
1"
#12017632569
0!
#12017632569
0"
#12017641249
1!
#12017641249
1"
#12017693329
0!
#12017693329
0"
#12017710689
1!
#12017710689
1"
#12017719369
0!
#12017719369
0"
#12017728049
1!
#12017728049
1"
#12017745409
0!
#12017745409
0"
#12017797489
1!
#12017797489
1"
#12017806169
0!
#12017806169
0"
#12017884289
1!
#12017884289
1"
#12017892969
0!
#12017892969
0"
#12017971089
1!
#12017971089
1"
#12017979769
0!
#12017979769
0"
#12018057889
1!
#12018057889
1"
#12018066569
0!
#12018066569
0"
#12018083929
1!
#12018083929
1"
#12018101289
0!
#12018101289
0"
#12018136009
1!
#12018136009
1"
#12018153369
0!
#12018153369
0"
#12018162049
1!
#12018162049
1"
#12018196769
0!
#12018196769
0"
#12018231489
1!
#12018231489
1"
#17529039369
0!
#17529039369
0"
#17529048049
1!
#17529048049
1"
#17529056729
0!
#17529056729
0"
#17529065409
1!
#17529065409
1"
#17529074089
0!
#17529074089
0"
#17529091449
1!
#17529091449
1"
#17529100129
0!
#17529100129
0"
#17529108809
1!
#17529108809
1"
#17529126169
0!
#17529126169
0"
#17529143529
1!
#17529143529
1"
#17529152209
0!
#17529152209
0"
#17529160889
1!
#17529160889
1"
#17529178249
0!
#17529178249
0"
#17529186929
1!
#17529186929
1"
#17529195609
0!
#17529195609
0"
#17529204289
1!
#17529204289
1"
#17529212969
0!
#17529212969
0"
#17529221649
1!
#17529221649
1"
#17529230329
0!
#17529230329
0"
#17529291089
1!
#17529291089
1"
#17529299769
0!
#17529299769
0"
#17529325809
1!
#17529325809
1"
#17529334489
0!
#17529334489
0"
#17529351849
1!
#17529351849
1"
#17529369209
0!
#17529369209
0"
#17529377889
1!
#17529377889
1"
#17529386569
0!
#17529386569
0"
#17529403929
1!
#17529403929
1"
#17529412609
0!
#17529412609
0"
#17529429969
1!
#17529429969
1"
#17529438649
0!
#17529438649
0"
#17529447329
1!
#17529447329
1"
#17529456009
0!
#17529456009
0"
#17529464689
1!
#17529464689
1"
#17529473369
0!
#17529473369
0"
#17529482049
1!
#17529482049
1"
#17529490729
0!
#17529490729
0"
#17529499409
1!
#17529499409
1"
#17529508089
0!
#17529508089
0"
#17529525449
1!
#17529525449
1"
#17529542809
0!
#17529542809
0"
#17529551489
1!
#17529551489
1"
#17529560169
0!
#17529560169
0"
#17529568849
1!
#17529568849
1"
#17529586209
0!
#17529586209
0"
#17529603569
1!
#17529603569
1"
#17529629609
0!
#17529629609
0"
#17529638289
1!
#17529638289
1"
#17529646969
0!
#17529646969
0"
#17529655649
1!
#17529655649
1"
#17529664329
0!
#17529664329
0"
#17529673009
1!
#17529673009
1"
#17529681689
0!
#17529681689
0"
#17529690369
1!
#17529690369
1"
#17529716409
0!
#17529716409
0"
#17529725089
1!
#17529725089
1"
#17529733769
0!
#17529733769
0"
#17529759809
1!
#17529759809
1"
#17529777169
0!
#17529777169
0"
#17529785849
1!
#17529785849
1"
#17529803209
0!
#17529803209
0"
#17529811889
1!
#17529811889
1"
#17529820569
0!
#17529820569
0"
#17529846609
1!
#17529846609
1"
#17529855289
0!
#17529855289
0"
#17529863969
1!
#17529863969
1"
#17529890009
0!
#17529890009
0"
#17529898689
1!
#17529898689
1"
#17529907369
0!
#17529907369
0"
#17529924729
1!
#17529924729
1"
#17529933409
0!
#17529933409
0"
#17529942089
1!
#17529942089
1"
#17529968129
0!
#17529968129
0"
#17529985489
1!
#17529985489
1"
#17529994169
0!
#17529994169
0"
#17530046249
1!
#17530046249
1"
#17530054929
0!
#17530054929
0"
#17530072289
1!
#17530072289
1"
#17530080969
0!
#17530080969
0"
#17530089649
1!
#17530089649
1"
#17530115689
0!
#17530115689
0"
#17530133049
1!
#17530133049
1"
#17530150409
0!
#17530150409
0"
#17530159089
1!
#17530159089
1"
#17530167769
0!
#17530167769
0"
#17530202489
1!
#17530202489
1"
#17530237209
0!
#17530237209
0"
#17530245889
1!
#17530245889
1"
#17530254569
0!
#17530254569
0"
#17530271929
1!
#17530271929
1"
#17530280609
0!
#17530280609
0"
#17530289289
1!
#17530289289
1"
#17530315329
0!
#17530315329
0"
#17530332689
1!
#17530332689
1"
#17530341369
0!
#17530341369
0"
#17530393449
1!
#17530393449
1"
#17530402129
0!
#17530402129
0"
#17530419489
1!
#17530419489
1"
#17530428169
0!
#17530428169
0"
#17530480249
1!
#17530480249
1"
#17530488929
0!
#17530488929
0"
#17530506289
1!
#17530506289
1"
#17530514969
0!
#17530514969
0"
#17530567049
1!
#17530567049
1"
#17530575729
0!
#17530575729
0"
#17530593089
1!
#17530593089
1"
#17530601769
0!
#17530601769
0"
#17530653849
1!
#17530653849
1"
#17530662529
0!
#17530662529
0"
#17530679889
1!
#17530679889
1"
#17530688569
0!
#17530688569
0"
#17530740649
1!
#17530740649
1"
#17530749329
0!
#17530749329
0"
#17530766689
1!
#17530766689
1"
#17530775369
0!
#17530775369
0"
#17530827449
1!
#17530827449
1"
#17530836129
0!
#17530836129
0"
#17530853489
1!
#17530853489
1"
#17530862169
0!
#17530862169
0"
#17530905569
1!
#17530905569
1"
#17530922929
0!
#17530922929
0"
#17530940289
1!
#17530940289
1"
#17530948969
0!
#17530948969
0"
#17530966329
1!
#17530966329
1"
#17530992369
0!
#17530992369
0"
#17531001049
1!
#17531001049
1"
#17531009729
0!
#17531009729
0"
#17531027089
1!
#17531027089
1"
#17531035769
0!
#17531035769
0"
#17531079169
1!
#17531079169
1"
#17531096529
0!
#17531096529
0"
#17531113889
1!
#17531113889
1"
#17531122569
0!
#17531122569
0"
#17531148609
1!
#17531148609
1"
#17531165969
0!
#17531165969
0"
#17531174649
1!
#17531174649
1"
#17531183329
0!
#17531183329
0"
#17531200689
1!
#17531200689
1"
#17531209369
0!
#17531209369
0"
#17531261449
1!
#17531261449
1"
#17531270129
0!
#17531270129
0"
#17531287489
1!
#17531287489
1"
#17531296169
0!
#17531296169
0"
#17531304849
1!
#17531304849
1"
#17531330889
0!
#17531330889
0"
#17531348249
1!
#17531348249
1"
#17531365609
0!
#17531365609
0"
#17531374289
1!
#17531374289
1"
#17531382969
0!
#17531382969
0"
#17531391649
1!
#17531391649
1"
#17531400329
0!
#17531400329
0"
#17531417689
1!
#17531417689
1"
#17531452409
0!
#17531452409
0"
#17531461089
1!
#17531461089
1"
#17531469769
0!
#17531469769
0"
#17531487129
1!
#17531487129
1"
#17531495809
0!
#17531495809
0"
#17531504489
1!
#17531504489
1"
#17531530529
0!
#17531530529
0"
#17531547889
1!
#17531547889
1"
#17531556569
0!
#17531556569
0"
#17531608649
1!
#17531608649
1"
#17531617329
0!
#17531617329
0"
#17531634689
1!
#17531634689
1"
#17531643369
0!
#17531643369
0"
#17531695449
1!
#17531695449
1"
#17531704129
0!
#17531704129
0"
#17531721489
1!
#17531721489
1"
#17531730169
0!
#17531730169
0"
#17531782249
1!
#17531782249
1"
#17531790929
0!
#17531790929
0"
#17531808289
1!
#17531808289
1"
#17531816969
0!
#17531816969
0"
#17531869049
1!
#17531869049
1"
#17531877729
0!
#17531877729
0"
#17531895089
1!
#17531895089
1"
#17531903769
0!
#17531903769
0"
#17531955849
1!
#17531955849
1"
#17531964529
0!
#17531964529
0"
#17531981889
1!
#17531981889
1"
#17531990569
0!
#17531990569
0"
#17532042649
1!
#17532042649
1"
#17532051329
0!
#17532051329
0"
#17532068689
1!
#17532068689
1"
#17532077369
0!
#17532077369
0"
#17532120769
1!
#17532120769
1"
#17532138129
0!
#17532138129
0"
#17532155489
1!
#17532155489
1"
#17532164169
0!
#17532164169
0"
#17532181529
1!
#17532181529
1"
#17532207569
0!
#17532207569
0"
#17532216249
1!
#17532216249
1"
#17532224929
0!
#17532224929
0"
#17532242289
1!
#17532242289
1"
#17532250969
0!
#17532250969
0"
#17532294369
1!
#17532294369
1"
#17532311729
0!
#17532311729
0"
#17532329089
1!
#17532329089
1"
#17532337769
0!
#17532337769
0"
#17532363809
1!
#17532363809
1"
#17532381169
0!
#17532381169
0"
#17532389849
1!
#17532389849
1"
#17532398529
0!
#17532398529
0"
#17532415889
1!
#17532415889
1"
#17532424569
0!
#17532424569
0"
#17532476649
1!
#17532476649
1"
#17532485329
0!
#17532485329
0"
#17532502689
1!
#17532502689
1"
#17532511369
0!
#17532511369
0"
#17532520049
1!
#17532520049
1"
#17532546089
0!
#17532546089
0"
#17532563449
1!
#17532563449
1"
#17532580809
0!
#17532580809
0"
#17532589489
1!
#17532589489
1"
#17532598169
0!
#17532598169
0"
#17532615529
1!
#17532615529
1"
#17532624209
0!
#17532624209
0"
#17532632889
1!
#17532632889
1"
#17532667609
0!
#17532667609
0"
#17532676289
1!
#17532676289
1"
#17532684969
0!
#17532684969
0"
#17532702329
1!
#17532702329
1"
#17532711009
0!
#17532711009
0"
#17532719689
1!
#17532719689
1"
#17532745729
0!
#17532745729
0"
#17532763089
1!
#17532763089
1"
#17532771769
0!
#17532771769
0"
#17532823849
1!
#17532823849
1"
#17532832529
0!
#17532832529
0"
#17532849889
1!
#17532849889
1"
#17532858569
0!
#17532858569
0"
#17532910649
1!
#17532910649
1"
#17532919329
0!
#17532919329
0"
#17532936689
1!
#17532936689
1"
#17532945369
0!
#17532945369
0"
#17532997449
1!
#17532997449
1"
#17533006129
0!
#17533006129
0"
#17533023489
1!
#17533023489
1"
#17533032169
0!
#17533032169
0"
#17533084249
1!
#17533084249
1"
#17533092929
0!
#17533092929
0"
#17533110289
1!
#17533110289
1"
#17533118969
0!
#17533118969
0"
#17533171049
1!
#17533171049
1"
#17533179729
0!
#17533179729
0"
#17533197089
1!
#17533197089
1"
#17533205769
0!
#17533205769
0"
#17533257849
1!
#17533257849
1"
#17533266529
0!
#17533266529
0"
#17533283889
1!
#17533283889
1"
#17533292569
0!
#17533292569
0"
#17533335969
1!
#17533335969
1"
#17533353329
0!
#17533353329
0"
#17533370689
1!
#17533370689
1"
#17533379369
0!
#17533379369
0"
#17533396729
1!
#17533396729
1"
#17533422769
0!
#17533422769
0"
#17533431449
1!
#17533431449
1"
#17533440129
0!
#17533440129
0"
#17533457489
1!
#17533457489
1"
#17533466169
0!
#17533466169
0"
#17533509569
1!
#17533509569
1"
#17533526929
0!
#17533526929
0"
#17533544289
1!
#17533544289
1"
#17533552969
0!
#17533552969
0"
#17533579009
1!
#17533579009
1"
#17533596369
0!
#17533596369
0"
#17533605049
1!
#17533605049
1"
#17533613729
0!
#17533613729
0"
#17533631089
1!
#17533631089
1"
#17533639769
0!
#17533639769
0"
#17533691849
1!
#17533691849
1"
#17533700529
0!
#17533700529
0"
#17533717889
1!
#17533717889
1"
#17533726569
0!
#17533726569
0"
#17533752609
1!
#17533752609
1"
#17533761289
0!
#17533761289
0"
#17533778649
1!
#17533778649
1"
#17533796009
0!
#17533796009
0"
#17533804689
1!
#17533804689
1"
#17533813369
0!
#17533813369
0"
#17533822049
1!
#17533822049
1"
#17533830729
0!
#17533830729
0"
#17533848089
1!
#17533848089
1"
#17533856769
0!
#17533856769
0"
#17533865449
1!
#17533865449
1"
#17533882809
0!
#17533882809
0"
#17533891489
1!
#17533891489
1"
#17533900169
0!
#17533900169
0"
#17533908849
1!
#17533908849
1"
#17533926209
0!
#17533926209
0"
#17533943569
1!
#17533943569
1"
#17533969609
0!
#17533969609
0"
#17533978289
1!
#17533978289
1"
#17533986969
0!
#17533986969
0"
#17534030369
1!
#17534030369
1"
#17534056409
0!
#17534056409
0"
#17534065089
1!
#17534065089
1"
#17534073769
0!
#17534073769
0"
#17534099809
1!
#17534099809
1"
#17534117169
0!
#17534117169
0"
#17534125849
1!
#17534125849
1"
#17534143209
0!
#17534143209
0"
#17534151889
1!
#17534151889
1"
#17534160569
0!
#17534160569
0"
#17534169249
1!
#17534169249
1"
#17534177929
0!
#17534177929
0"
#17534212649
1!
#17534212649
1"
#17534230009
0!
#17534230009
0"
#17534238689
1!
#17534238689
1"
#17534247369
0!
#17534247369
0"
#17534256049
1!
#17534256049
1"
#17534264729
0!
#17534264729
0"
#17534282089
1!
#17534282089
1"
#17534316809
0!
#17534316809
0"
#17534325489
1!
#17534325489
1"
#17534334169
0!
#17534334169
0"
#17534386249
1!
#17534386249
1"
#17534394929
0!
#17534394929
0"
#17534412289
1!
#17534412289
1"
#17534420969
0!
#17534420969
0"
#17534447009
1!
#17534447009
1"
#17534455689
0!
#17534455689
0"
#17534464369
1!
#17534464369
1"
#17534490409
0!
#17534490409
0"
#17534499089
1!
#17534499089
1"
#17534507769
0!
#17534507769
0"
#17534516449
1!
#17534516449
1"
#17534525129
0!
#17534525129
0"
#17534542489
1!
#17534542489
1"
#17534551169
0!
#17534551169
0"
#17534559849
1!
#17534559849
1"
#17534577209
0!
#17534577209
0"
#17534585889
1!
#17534585889
1"
#17534594569
0!
#17534594569
0"
#17534603249
1!
#17534603249
1"
#17534611929
0!
#17534611929
0"
#17534620609
1!
#17534620609
1"
#17534637969
0!
#17534637969
0"
#17534646649
1!
#17534646649
1"
#17534664009
0!
#17534664009
0"
#17534672689
1!
#17534672689
1"
#17534681369
0!
#17534681369
0"
#17534690049
1!
#17534690049
1"
#17534698729
0!
#17534698729
0"
#17534707409
1!
#17534707409
1"
#17534716089
0!
#17534716089
0"
#17534733449
1!
#17534733449
1"
#17534750809
0!
#17534750809
0"
#17534759489
1!
#17534759489
1"
#17534768169
0!
#17534768169
0"
#17534785529
1!
#17534785529
1"
#17534794209
0!
#17534794209
0"
#17534802889
1!
#17534802889
1"
#17534828929
0!
#17534828929
0"
#17534846289
1!
#17534846289
1"
#17534854969
0!
#17534854969
0"
#17534907049
1!
#17534907049
1"
#17534915729
0!
#17534915729
0"
#17534933089
1!
#17534933089
1"
#17534941769
0!
#17534941769
0"
#17534950449
1!
#17534950449
1"
#17534959129
0!
#17534959129
0"
#17534967809
1!
#17534967809
1"
#17534976489
0!
#17534976489
0"
#17534985169
1!
#17534985169
1"
#17535002529
0!
#17535002529
0"
#17535019889
1!
#17535019889
1"
#17535028569
0!
#17535028569
0"
#17535071969
1!
#17535071969
1"
#17535089329
0!
#17535089329
0"
#17535106689
1!
#17535106689
1"
#17535115369
0!
#17535115369
0"
#17535158769
1!
#17535158769
1"
#17535176129
0!
#17535176129
0"
#17535193489
1!
#17535193489
1"
#17535202169
0!
#17535202169
0"
#17535245569
1!
#17535245569
1"
#17535262929
0!
#17535262929
0"
#17535280289
1!
#17535280289
1"
#17535288969
0!
#17535288969
0"
#17535315009
1!
#17535315009
1"
#17535332369
0!
#17535332369
0"
#17535341049
1!
#17535341049
1"
#17535349729
0!
#17535349729
0"
#17535367089
1!
#17535367089
1"
#17535375769
0!
#17535375769
0"
#17535427849
1!
#17535427849
1"
#17535436529
0!
#17535436529
0"
#17535453889
1!
#17535453889
1"
#17535462569
0!
#17535462569
0"
#17535471249
1!
#17535471249
1"
#17535488609
0!
#17535488609
0"
#17535505969
1!
#17535505969
1"
#17535532009
0!
#17535532009
0"
#17535540689
1!
#17535540689
1"
#17535549369
0!
#17535549369
0"
#17535558049
1!
#17535558049
1"
#17535566729
0!
#17535566729
0"
#17535575409
1!
#17535575409
1"
#17535584089
0!
#17535584089
0"
#17535601449
1!
#17535601449
1"
#17535618809
0!
#17535618809
0"
#17535627489
1!
#17535627489
1"
#17535636169
0!
#17535636169
0"
#17535653529
1!
#17535653529
1"
#17535679569
0!
#17535679569
0"
#17535688249
1!
#17535688249
1"
#17535705609
0!
#17535705609
0"
#17535714289
1!
#17535714289
1"
#17535722969
0!
#17535722969
0"
#17535731649
1!
#17535731649
1"
#17535749009
0!
#17535749009
0"
#17535766369
1!
#17535766369
1"
#17535792409
0!
#17535792409
0"
#17535801089
1!
#17535801089
1"
#17535809769
0!
#17535809769
0"
#17535818449
1!
#17535818449
1"
#17535853169
0!
#17535853169
0"
#17535861849
1!
#17535861849
1"
#17535879209
0!
#17535879209
0"
#17535887889
1!
#17535887889
1"
#17535896569
0!
#17535896569
0"
#17535913929
1!
#17535913929
1"
#17535922609
0!
#17535922609
0"
#17535939969
1!
#17535939969
1"
#17535966009
0!
#17535966009
0"
#17535974689
1!
#17535974689
1"
#17535983369
0!
#17535983369
0"
#17536035449
1!
#17536035449
1"
#17536044129
0!
#17536044129
0"
#17536061489
1!
#17536061489
1"
#17536070169
0!
#17536070169
0"
#17536096209
1!
#17536096209
1"
#17536104889
0!
#17536104889
0"
#17536113569
1!
#17536113569
1"
#17536139609
0!
#17536139609
0"
#17536148289
1!
#17536148289
1"
#17536156969
0!
#17536156969
0"
#17536165649
1!
#17536165649
1"
#17536174329
0!
#17536174329
0"
#17536191689
1!
#17536191689
1"
#17536200369
0!
#17536200369
0"
#17536209049
1!
#17536209049
1"
#17536226409
0!
#17536226409
0"
#17536235089
1!
#17536235089
1"
#17536243769
0!
#17536243769
0"
#17536252449
1!
#17536252449
1"
#17536261129
0!
#17536261129
0"
#17536269809
1!
#17536269809
1"
#17536287169
0!
#17536287169
0"
#17536295849
1!
#17536295849
1"
#17536313209
0!
#17536313209
0"
#17536321889
1!
#17536321889
1"
#17536330569
0!
#17536330569
0"
#17536339249
1!
#17536339249
1"
#17536347929
0!
#17536347929
0"
#17536356609
1!
#17536356609
1"
#17536365289
0!
#17536365289
0"
#17536382649
1!
#17536382649
1"
#17536400009
0!
#17536400009
0"
#17536408689
1!
#17536408689
1"
#17536417369
0!
#17536417369
0"
#17536434729
1!
#17536434729
1"
#17536443409
0!
#17536443409
0"
#17536452089
1!
#17536452089
1"
#17536478129
0!
#17536478129
0"
#17536495489
1!
#17536495489
1"
#17536504169
0!
#17536504169
0"
#17536556249
1!
#17536556249
1"
#17536564929
0!
#17536564929
0"
#17536582289
1!
#17536582289
1"
#17536590969
0!
#17536590969
0"
#17536599649
1!
#17536599649
1"
#17536608329
0!
#17536608329
0"
#17536634369
1!
#17536634369
1"
#17536651729
0!
#17536651729
0"
#17536669089
1!
#17536669089
1"
#17536677769
0!
#17536677769
0"
#17536721169
1!
#17536721169
1"
#17536738529
0!
#17536738529
0"
#17536755889
1!
#17536755889
1"
#17536764569
0!
#17536764569
0"
#17536807969
1!
#17536807969
1"
#17536825329
0!
#17536825329
0"
#17536842689
1!
#17536842689
1"
#17536851369
0!
#17536851369
0"
#17536868729
1!
#17536868729
1"
#17536877409
0!
#17536877409
0"
#17536886089
1!
#17536886089
1"
#17536894769
0!
#17536894769
0"
#17536929489
1!
#17536929489
1"
#17536938169
0!
#17536938169
0"
#17537016289
1!
#17537016289
1"
#17537024969
0!
#17537024969
0"
#17537059689
1!
#17537059689
1"
#17537068369
0!
#17537068369
0"
#17537103089
1!
#17537103089
1"
#17537111769
0!
#17537111769
0"
#17537189889
1!
#17537189889
1"
#17537198569
0!
#17537198569
0"
#17537276689
1!
#17537276689
1"
#17537285369
0!
#17537285369
0"
#17537363489
1!
#17537363489
1"
#17537372169
0!
#17537372169
0"
#17537424249
1!
#17537424249
1"
#17537441609
0!
#17537441609
0"
#17537450289
1!
#17537450289
1"
#17537458969
0!
#17537458969
0"
#17537476329
1!
#17537476329
1"
#17537502369
0!
#17537502369
0"
#17537519729
1!
#17537519729
1"
#17537545769
0!
#17537545769
0"
#17537563129
1!
#17537563129
1"
#17537589169
0!
#17537589169
0"
#17537606529
1!
#17537606529
1"
#17537632569
0!
#17537632569
0"
#17537641249
1!
#17537641249
1"
#17537693329
0!
#17537693329
0"
#17537710689
1!
#17537710689
1"
#17537719369
0!
#17537719369
0"
#17537728049
1!
#17537728049
1"
#17537745409
0!
#17537745409
0"
#17537797489
1!
#17537797489
1"
#17537806169
0!
#17537806169
0"
#17537884289
1!
#17537884289
1"
#17537892969
0!
#17537892969
0"
#17537971089
1!
#17537971089
1"
#17537979769
0!
#17537979769
0"
#17538057889
1!
#17538057889
1"
#17538066569
0!
#17538066569
0"
#17538083929
1!
#17538083929
1"
#17538101289
0!
#17538101289
0"
#17538136009
1!
#17538136009
1"
#17538153369
0!
#17538153369
0"
#17538162049
1!
#17538162049
1"
#17538196769
0!
#17538196769
0"
#17538231489
1!
#17538231489
1"
#23049485069
0!
#23049485069
0"
#23049493749
1!
#23049493749
1"
#23049502429
0!
#23049502429
0"
#23049511109
1!
#23049511109
1"
#23049519789
0!
#23049519789
0"
#23049537149
1!
#23049537149
1"
#23049545829
0!
#23049545829
0"
#23049554509
1!
#23049554509
1"
#23049571869
0!
#23049571869
0"
#23049589229
1!
#23049589229
1"
#23049597909
0!
#23049597909
0"
#23049606589
1!
#23049606589
1"
#23049623949
0!
#23049623949
0"
#23049632629
1!
#23049632629
1"
#23049641309
0!
#23049641309
0"
#23049649989
1!
#23049649989
1"
#23049658669
0!
#23049658669
0"
#23049667349
1!
#23049667349
1"
#23049676029
0!
#23049676029
0"
#23049736789
1!
#23049736789
1"
#23049745469
0!
#23049745469
0"
#23049771509
1!
#23049771509
1"
#23049780189
0!
#23049780189
0"
#23049797549
1!
#23049797549
1"
#23049814909
0!
#23049814909
0"
#23049823589
1!
#23049823589
1"
#23049832269
0!
#23049832269
0"
#23049849629
1!
#23049849629
1"
#23049858309
0!
#23049858309
0"
#23049875669
1!
#23049875669
1"
#23049884349
0!
#23049884349
0"
#23049893029
1!
#23049893029
1"
#23049901709
0!
#23049901709
0"
#23049910389
1!
#23049910389
1"
#23049919069
0!
#23049919069
0"
#23049927749
1!
#23049927749
1"
#23049936429
0!
#23049936429
0"
#23049945109
1!
#23049945109
1"
#23049953789
0!
#23049953789
0"
#23049971149
1!
#23049971149
1"
#23049988509
0!
#23049988509
0"
#23049997189
1!
#23049997189
1"
#23050005869
0!
#23050005869
0"
#23050014549
1!
#23050014549
1"
#23050031909
0!
#23050031909
0"
#23050049269
1!
#23050049269
1"
#23050075309
0!
#23050075309
0"
#23050083989
1!
#23050083989
1"
#23050092669
0!
#23050092669
0"
#23050101349
1!
#23050101349
1"
#23050110029
0!
#23050110029
0"
#23050118709
1!
#23050118709
1"
#23050127389
0!
#23050127389
0"
#23050136069
1!
#23050136069
1"
#23050162109
0!
#23050162109
0"
#23050170789
1!
#23050170789
1"
#23050179469
0!
#23050179469
0"
#23050205509
1!
#23050205509
1"
#23050222869
0!
#23050222869
0"
#23050231549
1!
#23050231549
1"
#23050248909
0!
#23050248909
0"
#23050257589
1!
#23050257589
1"
#23050266269
0!
#23050266269
0"
#23050292309
1!
#23050292309
1"
#23050300989
0!
#23050300989
0"
#23050309669
1!
#23050309669
1"
#23050335709
0!
#23050335709
0"
#23050344389
1!
#23050344389
1"
#23050353069
0!
#23050353069
0"
#23050370429
1!
#23050370429
1"
#23050379109
0!
#23050379109
0"
#23050387789
1!
#23050387789
1"
#23050413829
0!
#23050413829
0"
#23050431189
1!
#23050431189
1"
#23050439869
0!
#23050439869
0"
#23050491949
1!
#23050491949
1"
#23050500629
0!
#23050500629
0"
#23050517989
1!
#23050517989
1"
#23050526669
0!
#23050526669
0"
#23050535349
1!
#23050535349
1"
#23050561389
0!
#23050561389
0"
#23050578749
1!
#23050578749
1"
#23050596109
0!
#23050596109
0"
#23050604789
1!
#23050604789
1"
#23050613469
0!
#23050613469
0"
#23050648189
1!
#23050648189
1"
#23050682909
0!
#23050682909
0"
#23050691589
1!
#23050691589
1"
#23050700269
0!
#23050700269
0"
#23050717629
1!
#23050717629
1"
#23050726309
0!
#23050726309
0"
#23050734989
1!
#23050734989
1"
#23050761029
0!
#23050761029
0"
#23050778389
1!
#23050778389
1"
#23050787069
0!
#23050787069
0"
#23050839149
1!
#23050839149
1"
#23050847829
0!
#23050847829
0"
#23050865189
1!
#23050865189
1"
#23050873869
0!
#23050873869
0"
#23050925949
1!
#23050925949
1"
#23050934629
0!
#23050934629
0"
#23050951989
1!
#23050951989
1"
#23050960669
0!
#23050960669
0"
#23051012749
1!
#23051012749
1"
#23051021429
0!
#23051021429
0"
#23051038789
1!
#23051038789
1"
#23051047469
0!
#23051047469
0"
#23051099549
1!
#23051099549
1"
#23051108229
0!
#23051108229
0"
#23051125589
1!
#23051125589
1"
#23051134269
0!
#23051134269
0"
#23051186349
1!
#23051186349
1"
#23051195029
0!
#23051195029
0"
#23051212389
1!
#23051212389
1"
#23051221069
0!
#23051221069
0"
#23051273149
1!
#23051273149
1"
#23051281829
0!
#23051281829
0"
#23051299189
1!
#23051299189
1"
#23051307869
0!
#23051307869
0"
#23051351269
1!
#23051351269
1"
#23051368629
0!
#23051368629
0"
#23051385989
1!
#23051385989
1"
#23051394669
0!
#23051394669
0"
#23051412029
1!
#23051412029
1"
#23051438069
0!
#23051438069
0"
#23051446749
1!
#23051446749
1"
#23051455429
0!
#23051455429
0"
#23051472789
1!
#23051472789
1"
#23051481469
0!
#23051481469
0"
#23051524869
1!
#23051524869
1"
#23051542229
0!
#23051542229
0"
#23051559589
1!
#23051559589
1"
#23051568269
0!
#23051568269
0"
#23051594309
1!
#23051594309
1"
#23051611669
0!
#23051611669
0"
#23051620349
1!
#23051620349
1"
#23051629029
0!
#23051629029
0"
#23051646389
1!
#23051646389
1"
#23051655069
0!
#23051655069
0"
#23051707149
1!
#23051707149
1"
#23051715829
0!
#23051715829
0"
#23051733189
1!
#23051733189
1"
#23051741869
0!
#23051741869
0"
#23051750549
1!
#23051750549
1"
#23051776589
0!
#23051776589
0"
#23051793949
1!
#23051793949
1"
#23051811309
0!
#23051811309
0"
#23051819989
1!
#23051819989
1"
#23051828669
0!
#23051828669
0"
#23051837349
1!
#23051837349
1"
#23051846029
0!
#23051846029
0"
#23051863389
1!
#23051863389
1"
#23051898109
0!
#23051898109
0"
#23051906789
1!
#23051906789
1"
#23051915469
0!
#23051915469
0"
#23051932829
1!
#23051932829
1"
#23051941509
0!
#23051941509
0"
#23051950189
1!
#23051950189
1"
#23051976229
0!
#23051976229
0"
#23051993589
1!
#23051993589
1"
#23052002269
0!
#23052002269
0"
#23052054349
1!
#23052054349
1"
#23052063029
0!
#23052063029
0"
#23052080389
1!
#23052080389
1"
#23052089069
0!
#23052089069
0"
#23052141149
1!
#23052141149
1"
#23052149829
0!
#23052149829
0"
#23052167189
1!
#23052167189
1"
#23052175869
0!
#23052175869
0"
#23052227949
1!
#23052227949
1"
#23052236629
0!
#23052236629
0"
#23052253989
1!
#23052253989
1"
#23052262669
0!
#23052262669
0"
#23052314749
1!
#23052314749
1"
#23052323429
0!
#23052323429
0"
#23052340789
1!
#23052340789
1"
#23052349469
0!
#23052349469
0"
#23052401549
1!
#23052401549
1"
#23052410229
0!
#23052410229
0"
#23052427589
1!
#23052427589
1"
#23052436269
0!
#23052436269
0"
#23052488349
1!
#23052488349
1"
#23052497029
0!
#23052497029
0"
#23052514389
1!
#23052514389
1"
#23052523069
0!
#23052523069
0"
#23052566469
1!
#23052566469
1"
#23052583829
0!
#23052583829
0"
#23052601189
1!
#23052601189
1"
#23052609869
0!
#23052609869
0"
#23052627229
1!
#23052627229
1"
#23052653269
0!
#23052653269
0"
#23052661949
1!
#23052661949
1"
#23052670629
0!
#23052670629
0"
#23052687989
1!
#23052687989
1"
#23052696669
0!
#23052696669
0"
#23052740069
1!
#23052740069
1"
#23052757429
0!
#23052757429
0"
#23052774789
1!
#23052774789
1"
#23052783469
0!
#23052783469
0"
#23052809509
1!
#23052809509
1"
#23052826869
0!
#23052826869
0"
#23052835549
1!
#23052835549
1"
#23052844229
0!
#23052844229
0"
#23052861589
1!
#23052861589
1"
#23052870269
0!
#23052870269
0"
#23052922349
1!
#23052922349
1"
#23052931029
0!
#23052931029
0"
#23052948389
1!
#23052948389
1"
#23052957069
0!
#23052957069
0"
#23052965749
1!
#23052965749
1"
#23052991789
0!
#23052991789
0"
#23053009149
1!
#23053009149
1"
#23053026509
0!
#23053026509
0"
#23053035189
1!
#23053035189
1"
#23053043869
0!
#23053043869
0"
#23053061229
1!
#23053061229
1"
#23053069909
0!
#23053069909
0"
#23053078589
1!
#23053078589
1"
#23053113309
0!
#23053113309
0"
#23053121989
1!
#23053121989
1"
#23053130669
0!
#23053130669
0"
#23053148029
1!
#23053148029
1"
#23053156709
0!
#23053156709
0"
#23053165389
1!
#23053165389
1"
#23053191429
0!
#23053191429
0"
#23053208789
1!
#23053208789
1"
#23053217469
0!
#23053217469
0"
#23053269549
1!
#23053269549
1"
#23053278229
0!
#23053278229
0"
#23053295589
1!
#23053295589
1"
#23053304269
0!
#23053304269
0"
#23053356349
1!
#23053356349
1"
#23053365029
0!
#23053365029
0"
#23053382389
1!
#23053382389
1"
#23053391069
0!
#23053391069
0"
#23053443149
1!
#23053443149
1"
#23053451829
0!
#23053451829
0"
#23053469189
1!
#23053469189
1"
#23053477869
0!
#23053477869
0"
#23053529949
1!
#23053529949
1"
#23053538629
0!
#23053538629
0"
#23053555989
1!
#23053555989
1"
#23053564669
0!
#23053564669
0"
#23053616749
1!
#23053616749
1"
#23053625429
0!
#23053625429
0"
#23053642789
1!
#23053642789
1"
#23053651469
0!
#23053651469
0"
#23053703549
1!
#23053703549
1"
#23053712229
0!
#23053712229
0"
#23053729589
1!
#23053729589
1"
#23053738269
0!
#23053738269
0"
#23053781669
1!
#23053781669
1"
#23053799029
0!
#23053799029
0"
#23053816389
1!
#23053816389
1"
#23053825069
0!
#23053825069
0"
#23053842429
1!
#23053842429
1"
#23053868469
0!
#23053868469
0"
#23053877149
1!
#23053877149
1"
#23053885829
0!
#23053885829
0"
#23053903189
1!
#23053903189
1"
#23053911869
0!
#23053911869
0"
#23053955269
1!
#23053955269
1"
#23053972629
0!
#23053972629
0"
#23053989989
1!
#23053989989
1"
#23053998669
0!
#23053998669
0"
#23054024709
1!
#23054024709
1"
#23054042069
0!
#23054042069
0"
#23054050749
1!
#23054050749
1"
#23054059429
0!
#23054059429
0"
#23054076789
1!
#23054076789
1"
#23054085469
0!
#23054085469
0"
#23054137549
1!
#23054137549
1"
#23054146229
0!
#23054146229
0"
#23054163589
1!
#23054163589
1"
#23054172269
0!
#23054172269
0"
#23054198309
1!
#23054198309
1"
#23054206989
0!
#23054206989
0"
#23054224349
1!
#23054224349
1"
#23054241709
0!
#23054241709
0"
#23054250389
1!
#23054250389
1"
#23054259069
0!
#23054259069
0"
#23054267749
1!
#23054267749
1"
#23054276429
0!
#23054276429
0"
#23054293789
1!
#23054293789
1"
#23054302469
0!
#23054302469
0"
#23054311149
1!
#23054311149
1"
#23054328509
0!
#23054328509
0"
#23054337189
1!
#23054337189
1"
#23054345869
0!
#23054345869
0"
#23054354549
1!
#23054354549
1"
#23054371909
0!
#23054371909
0"
#23054389269
1!
#23054389269
1"
#23054415309
0!
#23054415309
0"
#23054423989
1!
#23054423989
1"
#23054432669
0!
#23054432669
0"
#23054476069
1!
#23054476069
1"
#23054502109
0!
#23054502109
0"
#23054510789
1!
#23054510789
1"
#23054519469
0!
#23054519469
0"
#23054545509
1!
#23054545509
1"
#23054562869
0!
#23054562869
0"
#23054571549
1!
#23054571549
1"
#23054588909
0!
#23054588909
0"
#23054597589
1!
#23054597589
1"
#23054606269
0!
#23054606269
0"
#23054614949
1!
#23054614949
1"
#23054623629
0!
#23054623629
0"
#23054658349
1!
#23054658349
1"
#23054675709
0!
#23054675709
0"
#23054684389
1!
#23054684389
1"
#23054693069
0!
#23054693069
0"
#23054701749
1!
#23054701749
1"
#23054710429
0!
#23054710429
0"
#23054727789
1!
#23054727789
1"
#23054762509
0!
#23054762509
0"
#23054771189
1!
#23054771189
1"
#23054779869
0!
#23054779869
0"
#23054831949
1!
#23054831949
1"
#23054840629
0!
#23054840629
0"
#23054857989
1!
#23054857989
1"
#23054866669
0!
#23054866669
0"
#23054892709
1!
#23054892709
1"
#23054901389
0!
#23054901389
0"
#23054910069
1!
#23054910069
1"
#23054936109
0!
#23054936109
0"
#23054944789
1!
#23054944789
1"
#23054953469
0!
#23054953469
0"
#23054962149
1!
#23054962149
1"
#23054970829
0!
#23054970829
0"
#23054988189
1!
#23054988189
1"
#23054996869
0!
#23054996869
0"
#23055005549
1!
#23055005549
1"
#23055022909
0!
#23055022909
0"
#23055031589
1!
#23055031589
1"
#23055040269
0!
#23055040269
0"
#23055048949
1!
#23055048949
1"
#23055057629
0!
#23055057629
0"
#23055066309
1!
#23055066309
1"
#23055083669
0!
#23055083669
0"
#23055092349
1!
#23055092349
1"
#23055109709
0!
#23055109709
0"
#23055118389
1!
#23055118389
1"
#23055127069
0!
#23055127069
0"
#23055135749
1!
#23055135749
1"
#23055144429
0!
#23055144429
0"
#23055153109
1!
#23055153109
1"
#23055161789
0!
#23055161789
0"
#23055179149
1!
#23055179149
1"
#23055196509
0!
#23055196509
0"
#23055205189
1!
#23055205189
1"
#23055213869
0!
#23055213869
0"
#23055231229
1!
#23055231229
1"
#23055239909
0!
#23055239909
0"
#23055248589
1!
#23055248589
1"
#23055274629
0!
#23055274629
0"
#23055291989
1!
#23055291989
1"
#23055300669
0!
#23055300669
0"
#23055352749
1!
#23055352749
1"
#23055361429
0!
#23055361429
0"
#23055378789
1!
#23055378789
1"
#23055387469
0!
#23055387469
0"
#23055396149
1!
#23055396149
1"
#23055404829
0!
#23055404829
0"
#23055413509
1!
#23055413509
1"
#23055422189
0!
#23055422189
0"
#23055430869
1!
#23055430869
1"
#23055448229
0!
#23055448229
0"
#23055465589
1!
#23055465589
1"
#23055474269
0!
#23055474269
0"
#23055517669
1!
#23055517669
1"
#23055535029
0!
#23055535029
0"
#23055552389
1!
#23055552389
1"
#23055561069
0!
#23055561069
0"
#23055604469
1!
#23055604469
1"
#23055621829
0!
#23055621829
0"
#23055639189
1!
#23055639189
1"
#23055647869
0!
#23055647869
0"
#23055691269
1!
#23055691269
1"
#23055708629
0!
#23055708629
0"
#23055725989
1!
#23055725989
1"
#23055734669
0!
#23055734669
0"
#23055760709
1!
#23055760709
1"
#23055778069
0!
#23055778069
0"
#23055786749
1!
#23055786749
1"
#23055795429
0!
#23055795429
0"
#23055812789
1!
#23055812789
1"
#23055821469
0!
#23055821469
0"
#23055873549
1!
#23055873549
1"
#23055882229
0!
#23055882229
0"
#23055899589
1!
#23055899589
1"
#23055908269
0!
#23055908269
0"
#23055916949
1!
#23055916949
1"
#23055934309
0!
#23055934309
0"
#23055951669
1!
#23055951669
1"
#23055977709
0!
#23055977709
0"
#23055986389
1!
#23055986389
1"
#23055995069
0!
#23055995069
0"
#23056003749
1!
#23056003749
1"
#23056012429
0!
#23056012429
0"
#23056021109
1!
#23056021109
1"
#23056029789
0!
#23056029789
0"
#23056047149
1!
#23056047149
1"
#23056064509
0!
#23056064509
0"
#23056073189
1!
#23056073189
1"
#23056081869
0!
#23056081869
0"
#23056099229
1!
#23056099229
1"
#23056125269
0!
#23056125269
0"
#23056133949
1!
#23056133949
1"
#23056151309
0!
#23056151309
0"
#23056159989
1!
#23056159989
1"
#23056168669
0!
#23056168669
0"
#23056177349
1!
#23056177349
1"
#23056194709
0!
#23056194709
0"
#23056212069
1!
#23056212069
1"
#23056238109
0!
#23056238109
0"
#23056246789
1!
#23056246789
1"
#23056255469
0!
#23056255469
0"
#23056264149
1!
#23056264149
1"
#23056298869
0!
#23056298869
0"
#23056307549
1!
#23056307549
1"
#23056324909
0!
#23056324909
0"
#23056333589
1!
#23056333589
1"
#23056342269
0!
#23056342269
0"
#23056359629
1!
#23056359629
1"
#23056368309
0!
#23056368309
0"
#23056385669
1!
#23056385669
1"
#23056411709
0!
#23056411709
0"
#23056420389
1!
#23056420389
1"
#23056429069
0!
#23056429069
0"
#23056481149
1!
#23056481149
1"
#23056489829
0!
#23056489829
0"
#23056507189
1!
#23056507189
1"
#23056515869
0!
#23056515869
0"
#23056541909
1!
#23056541909
1"
#23056550589
0!
#23056550589
0"
#23056559269
1!
#23056559269
1"
#23056585309
0!
#23056585309
0"
#23056593989
1!
#23056593989
1"
#23056602669
0!
#23056602669
0"
#23056611349
1!
#23056611349
1"
#23056620029
0!
#23056620029
0"
#23056637389
1!
#23056637389
1"
#23056646069
0!
#23056646069
0"
#23056654749
1!
#23056654749
1"
#23056672109
0!
#23056672109
0"
#23056680789
1!
#23056680789
1"
#23056689469
0!
#23056689469
0"
#23056698149
1!
#23056698149
1"
#23056706829
0!
#23056706829
0"
#23056715509
1!
#23056715509
1"
#23056732869
0!
#23056732869
0"
#23056741549
1!
#23056741549
1"
#23056758909
0!
#23056758909
0"
#23056767589
1!
#23056767589
1"
#23056776269
0!
#23056776269
0"
#23056784949
1!
#23056784949
1"
#23056793629
0!
#23056793629
0"
#23056802309
1!
#23056802309
1"
#23056810989
0!
#23056810989
0"
#23056828349
1!
#23056828349
1"
#23056845709
0!
#23056845709
0"
#23056854389
1!
#23056854389
1"
#23056863069
0!
#23056863069
0"
#23056880429
1!
#23056880429
1"
#23056889109
0!
#23056889109
0"
#23056897789
1!
#23056897789
1"
#23056923829
0!
#23056923829
0"
#23056941189
1!
#23056941189
1"
#23056949869
0!
#23056949869
0"
#23057001949
1!
#23057001949
1"
#23057010629
0!
#23057010629
0"
#23057027989
1!
#23057027989
1"
#23057036669
0!
#23057036669
0"
#23057045349
1!
#23057045349
1"
#23057054029
0!
#23057054029
0"
#23057080069
1!
#23057080069
1"
#23057097429
0!
#23057097429
0"
#23057114789
1!
#23057114789
1"
#23057123469
0!
#23057123469
0"
#23057166869
1!
#23057166869
1"
#23057184229
0!
#23057184229
0"
#23057201589
1!
#23057201589
1"
#23057210269
0!
#23057210269
0"
#23057253669
1!
#23057253669
1"
#23057271029
0!
#23057271029
0"
#23057288389
1!
#23057288389
1"
#23057297069
0!
#23057297069
0"
#23057314429
1!
#23057314429
1"
#23057323109
0!
#23057323109
0"
#23057331789
1!
#23057331789
1"
#23057340469
0!
#23057340469
0"
#23057375189
1!
#23057375189
1"
#23057383869
0!
#23057383869
0"
#23057461989
1!
#23057461989
1"
#23057470669
0!
#23057470669
0"
#23057505389
1!
#23057505389
1"
#23057514069
0!
#23057514069
0"
#23057548789
1!
#23057548789
1"
#23057557469
0!
#23057557469
0"
#23057635589
1!
#23057635589
1"
#23057644269
0!
#23057644269
0"
#23057722389
1!
#23057722389
1"
#23057731069
0!
#23057731069
0"
#23057809189
1!
#23057809189
1"
#23057817869
0!
#23057817869
0"
#23057869949
1!
#23057869949
1"
#23057887309
0!
#23057887309
0"
#23057895989
1!
#23057895989
1"
#23057904669
0!
#23057904669
0"
#23057922029
1!
#23057922029
1"
#23057948069
0!
#23057948069
0"
#23057965429
1!
#23057965429
1"
#23057991469
0!
#23057991469
0"
#23058008829
1!
#23058008829
1"
#23058034869
0!
#23058034869
0"
#23058052229
1!
#23058052229
1"
#23058078269
0!
#23058078269
0"
#23058086949
1!
#23058086949
1"
#23058139029
0!
#23058139029
0"
#23058156389
1!
#23058156389
1"
#23058165069
0!
#23058165069
0"
#23058173749
1!
#23058173749
1"
#23058191109
0!
#23058191109
0"
#23058243189
1!
#23058243189
1"
#23058251869
0!
#23058251869
0"
#23058329989
1!
#23058329989
1"
#23058338669
0!
#23058338669
0"
#23058416789
1!
#23058416789
1"
#23058425469
0!
#23058425469
0"
#23058503589
1!
#23058503589
1"
#23058512269
0!
#23058512269
0"
#23058529629
1!
#23058529629
1"
#23058546989
0!
#23058546989
0"
#23058581709
1!
#23058581709
1"
#23058599069
0!
#23058599069
0"
#23058607749
1!
#23058607749
1"
#23058642469
0!
#23058642469
0"
#23058677189
1!
#23058677189
1"
#28573903262
0!
#28573903262
0"
#28573911942
1!
#28573911942
1"
#28573920622
0!
#28573920622
0"
#28573929302
1!
#28573929302
1"
#28573937982
0!
#28573937982
0"
#28573955342
1!
#28573955342
1"
#28573964022
0!
#28573964022
0"
#28573972702
1!
#28573972702
1"
#28573990062
0!
#28573990062
0"
#28574007422
1!
#28574007422
1"
#28574016102
0!
#28574016102
0"
#28574024782
1!
#28574024782
1"
#28574042142
0!
#28574042142
0"
#28574050822
1!
#28574050822
1"
#28574059502
0!
#28574059502
0"
#28574068182
1!
#28574068182
1"
#28574076862
0!
#28574076862
0"
#28574085542
1!
#28574085542
1"
#28574094222
0!
#28574094222
0"
#28574154982
1!
#28574154982
1"
#28574163662
0!
#28574163662
0"
#28574189702
1!
#28574189702
1"
#28574198382
0!
#28574198382
0"
#28574215742
1!
#28574215742
1"
#28574233102
0!
#28574233102
0"
#28574241782
1!
#28574241782
1"
#28574250462
0!
#28574250462
0"
#28574267822
1!
#28574267822
1"
#28574276502
0!
#28574276502
0"
#28574293862
1!
#28574293862
1"
#28574302542
0!
#28574302542
0"
#28574311222
1!
#28574311222
1"
#28574319902
0!
#28574319902
0"
#28574328582
1!
#28574328582
1"
#28574337262
0!
#28574337262
0"
#28574345942
1!
#28574345942
1"
#28574354622
0!
#28574354622
0"
#28574363302
1!
#28574363302
1"
#28574371982
0!
#28574371982
0"
#28574389342
1!
#28574389342
1"
#28574406702
0!
#28574406702
0"
#28574415382
1!
#28574415382
1"
#28574424062
0!
#28574424062
0"
#28574432742
1!
#28574432742
1"
#28574450102
0!
#28574450102
0"
#28574467462
1!
#28574467462
1"
#28574493502
0!
#28574493502
0"
#28574502182
1!
#28574502182
1"
#28574510862
0!
#28574510862
0"
#28574519542
1!
#28574519542
1"
#28574528222
0!
#28574528222
0"
#28574536902
1!
#28574536902
1"
#28574545582
0!
#28574545582
0"
#28574554262
1!
#28574554262
1"
#28574580302
0!
#28574580302
0"
#28574588982
1!
#28574588982
1"
#28574597662
0!
#28574597662
0"
#28574623702
1!
#28574623702
1"
#28574641062
0!
#28574641062
0"
#28574649742
1!
#28574649742
1"
#28574667102
0!
#28574667102
0"
#28574675782
1!
#28574675782
1"
#28574684462
0!
#28574684462
0"
#28574710502
1!
#28574710502
1"
#28574719182
0!
#28574719182
0"
#28574727862
1!
#28574727862
1"
#28574753902
0!
#28574753902
0"
#28574762582
1!
#28574762582
1"
#28574771262
0!
#28574771262
0"
#28574788622
1!
#28574788622
1"
#28574797302
0!
#28574797302
0"
#28574805982
1!
#28574805982
1"
#28574832022
0!
#28574832022
0"
#28574849382
1!
#28574849382
1"
#28574858062
0!
#28574858062
0"
#28574910142
1!
#28574910142
1"
#28574918822
0!
#28574918822
0"
#28574936182
1!
#28574936182
1"
#28574944862
0!
#28574944862
0"
#28574953542
1!
#28574953542
1"
#28574979582
0!
#28574979582
0"
#28574996942
1!
#28574996942
1"
#28575014302
0!
#28575014302
0"
#28575022982
1!
#28575022982
1"
#28575031662
0!
#28575031662
0"
#28575066382
1!
#28575066382
1"
#28575101102
0!
#28575101102
0"
#28575109782
1!
#28575109782
1"
#28575118462
0!
#28575118462
0"
#28575135822
1!
#28575135822
1"
#28575144502
0!
#28575144502
0"
#28575153182
1!
#28575153182
1"
#28575179222
0!
#28575179222
0"
#28575196582
1!
#28575196582
1"
#28575205262
0!
#28575205262
0"
#28575257342
1!
#28575257342
1"
#28575266022
0!
#28575266022
0"
#28575283382
1!
#28575283382
1"
#28575292062
0!
#28575292062
0"
#28575344142
1!
#28575344142
1"
#28575352822
0!
#28575352822
0"
#28575370182
1!
#28575370182
1"
#28575378862
0!
#28575378862
0"
#28575430942
1!
#28575430942
1"
#28575439622
0!
#28575439622
0"
#28575456982
1!
#28575456982
1"
#28575465662
0!
#28575465662
0"
#28575517742
1!
#28575517742
1"
#28575526422
0!
#28575526422
0"
#28575543782
1!
#28575543782
1"
#28575552462
0!
#28575552462
0"
#28575604542
1!
#28575604542
1"
#28575613222
0!
#28575613222
0"
#28575630582
1!
#28575630582
1"
#28575639262
0!
#28575639262
0"
#28575691342
1!
#28575691342
1"
#28575700022
0!
#28575700022
0"
#28575717382
1!
#28575717382
1"
#28575726062
0!
#28575726062
0"
#28575769462
1!
#28575769462
1"
#28575786822
0!
#28575786822
0"
#28575804182
1!
#28575804182
1"
#28575812862
0!
#28575812862
0"
#28575830222
1!
#28575830222
1"
#28575856262
0!
#28575856262
0"
#28575864942
1!
#28575864942
1"
#28575873622
0!
#28575873622
0"
#28575890982
1!
#28575890982
1"
#28575899662
0!
#28575899662
0"
#28575943062
1!
#28575943062
1"
#28575960422
0!
#28575960422
0"
#28575977782
1!
#28575977782
1"
#28575986462
0!
#28575986462
0"
#28576012502
1!
#28576012502
1"
#28576029862
0!
#28576029862
0"
#28576038542
1!
#28576038542
1"
#28576047222
0!
#28576047222
0"
#28576064582
1!
#28576064582
1"
#28576073262
0!
#28576073262
0"
#28576125342
1!
#28576125342
1"
#28576134022
0!
#28576134022
0"
#28576151382
1!
#28576151382
1"
#28576160062
0!
#28576160062
0"
#28576168742
1!
#28576168742
1"
#28576194782
0!
#28576194782
0"
#28576212142
1!
#28576212142
1"
#28576229502
0!
#28576229502
0"
#28576238182
1!
#28576238182
1"
#28576246862
0!
#28576246862
0"
#28576255542
1!
#28576255542
1"
#28576264222
0!
#28576264222
0"
#28576281582
1!
#28576281582
1"
#28576316302
0!
#28576316302
0"
#28576324982
1!
#28576324982
1"
#28576333662
0!
#28576333662
0"
#28576351022
1!
#28576351022
1"
#28576359702
0!
#28576359702
0"
#28576368382
1!
#28576368382
1"
#28576394422
0!
#28576394422
0"
#28576411782
1!
#28576411782
1"
#28576420462
0!
#28576420462
0"
#28576472542
1!
#28576472542
1"
#28576481222
0!
#28576481222
0"
#28576498582
1!
#28576498582
1"
#28576507262
0!
#28576507262
0"
#28576559342
1!
#28576559342
1"
#28576568022
0!
#28576568022
0"
#28576585382
1!
#28576585382
1"
#28576594062
0!
#28576594062
0"
#28576646142
1!
#28576646142
1"
#28576654822
0!
#28576654822
0"
#28576672182
1!
#28576672182
1"
#28576680862
0!
#28576680862
0"
#28576732942
1!
#28576732942
1"
#28576741622
0!
#28576741622
0"
#28576758982
1!
#28576758982
1"
#28576767662
0!
#28576767662
0"
#28576819742
1!
#28576819742
1"
#28576828422
0!
#28576828422
0"
#28576845782
1!
#28576845782
1"
#28576854462
0!
#28576854462
0"
#28576906542
1!
#28576906542
1"
#28576915222
0!
#28576915222
0"
#28576932582
1!
#28576932582
1"
#28576941262
0!
#28576941262
0"
#28576984662
1!
#28576984662
1"
#28577002022
0!
#28577002022
0"
#28577019382
1!
#28577019382
1"
#28577028062
0!
#28577028062
0"
#28577045422
1!
#28577045422
1"
#28577071462
0!
#28577071462
0"
#28577080142
1!
#28577080142
1"
#28577088822
0!
#28577088822
0"
#28577106182
1!
#28577106182
1"
#28577114862
0!
#28577114862
0"
#28577158262
1!
#28577158262
1"
#28577175622
0!
#28577175622
0"
#28577192982
1!
#28577192982
1"
#28577201662
0!
#28577201662
0"
#28577227702
1!
#28577227702
1"
#28577245062
0!
#28577245062
0"
#28577253742
1!
#28577253742
1"
#28577262422
0!
#28577262422
0"
#28577279782
1!
#28577279782
1"
#28577288462
0!
#28577288462
0"
#28577340542
1!
#28577340542
1"
#28577349222
0!
#28577349222
0"
#28577366582
1!
#28577366582
1"
#28577375262
0!
#28577375262
0"
#28577383942
1!
#28577383942
1"
#28577409982
0!
#28577409982
0"
#28577427342
1!
#28577427342
1"
#28577444702
0!
#28577444702
0"
#28577453382
1!
#28577453382
1"
#28577462062
0!
#28577462062
0"
#28577479422
1!
#28577479422
1"
#28577488102
0!
#28577488102
0"
#28577496782
1!
#28577496782
1"
#28577531502
0!
#28577531502
0"
#28577540182
1!
#28577540182
1"
#28577548862
0!
#28577548862
0"
#28577566222
1!
#28577566222
1"
#28577574902
0!
#28577574902
0"
#28577583582
1!
#28577583582
1"
#28577609622
0!
#28577609622
0"
#28577626982
1!
#28577626982
1"
#28577635662
0!
#28577635662
0"
#28577687742
1!
#28577687742
1"
#28577696422
0!
#28577696422
0"
#28577713782
1!
#28577713782
1"
#28577722462
0!
#28577722462
0"
#28577774542
1!
#28577774542
1"
#28577783222
0!
#28577783222
0"
#28577800582
1!
#28577800582
1"
#28577809262
0!
#28577809262
0"
#28577861342
1!
#28577861342
1"
#28577870022
0!
#28577870022
0"
#28577887382
1!
#28577887382
1"
#28577896062
0!
#28577896062
0"
#28577948142
1!
#28577948142
1"
#28577956822
0!
#28577956822
0"
#28577974182
1!
#28577974182
1"
#28577982862
0!
#28577982862
0"
#28578034942
1!
#28578034942
1"
#28578043622
0!
#28578043622
0"
#28578060982
1!
#28578060982
1"
#28578069662
0!
#28578069662
0"
#28578121742
1!
#28578121742
1"
#28578130422
0!
#28578130422
0"
#28578147782
1!
#28578147782
1"
#28578156462
0!
#28578156462
0"
#28578199862
1!
#28578199862
1"
#28578217222
0!
#28578217222
0"
#28578234582
1!
#28578234582
1"
#28578243262
0!
#28578243262
0"
#28578260622
1!
#28578260622
1"
#28578286662
0!
#28578286662
0"
#28578295342
1!
#28578295342
1"
#28578304022
0!
#28578304022
0"
#28578321382
1!
#28578321382
1"
#28578330062
0!
#28578330062
0"
#28578373462
1!
#28578373462
1"
#28578390822
0!
#28578390822
0"
#28578408182
1!
#28578408182
1"
#28578416862
0!
#28578416862
0"
#28578442902
1!
#28578442902
1"
#28578460262
0!
#28578460262
0"
#28578468942
1!
#28578468942
1"
#28578477622
0!
#28578477622
0"
#28578494982
1!
#28578494982
1"
#28578503662
0!
#28578503662
0"
#28578555742
1!
#28578555742
1"
#28578564422
0!
#28578564422
0"
#28578581782
1!
#28578581782
1"
#28578590462
0!
#28578590462
0"
#28578616502
1!
#28578616502
1"
#28578625182
0!
#28578625182
0"
#28578642542
1!
#28578642542
1"
#28578659902
0!
#28578659902
0"
#28578668582
1!
#28578668582
1"
#28578677262
0!
#28578677262
0"
#28578685942
1!
#28578685942
1"
#28578694622
0!
#28578694622
0"
#28578711982
1!
#28578711982
1"
#28578720662
0!
#28578720662
0"
#28578729342
1!
#28578729342
1"
#28578746702
0!
#28578746702
0"
#28578755382
1!
#28578755382
1"
#28578764062
0!
#28578764062
0"
#28578772742
1!
#28578772742
1"
#28578790102
0!
#28578790102
0"
#28578807462
1!
#28578807462
1"
#28578833502
0!
#28578833502
0"
#28578842182
1!
#28578842182
1"
#28578850862
0!
#28578850862
0"
#28578894262
1!
#28578894262
1"
#28578920302
0!
#28578920302
0"
#28578928982
1!
#28578928982
1"
#28578937662
0!
#28578937662
0"
#28578963702
1!
#28578963702
1"
#28578981062
0!
#28578981062
0"
#28578989742
1!
#28578989742
1"
#28579007102
0!
#28579007102
0"
#28579015782
1!
#28579015782
1"
#28579024462
0!
#28579024462
0"
#28579033142
1!
#28579033142
1"
#28579041822
0!
#28579041822
0"
#28579076542
1!
#28579076542
1"
#28579093902
0!
#28579093902
0"
#28579102582
1!
#28579102582
1"
#28579111262
0!
#28579111262
0"
#28579119942
1!
#28579119942
1"
#28579128622
0!
#28579128622
0"
#28579145982
1!
#28579145982
1"
#28579180702
0!
#28579180702
0"
#28579189382
1!
#28579189382
1"
#28579198062
0!
#28579198062
0"
#28579250142
1!
#28579250142
1"
#28579258822
0!
#28579258822
0"
#28579276182
1!
#28579276182
1"
#28579284862
0!
#28579284862
0"
#28579310902
1!
#28579310902
1"
#28579319582
0!
#28579319582
0"
#28579328262
1!
#28579328262
1"
#28579354302
0!
#28579354302
0"
#28579362982
1!
#28579362982
1"
#28579371662
0!
#28579371662
0"
#28579380342
1!
#28579380342
1"
#28579389022
0!
#28579389022
0"
#28579406382
1!
#28579406382
1"
#28579415062
0!
#28579415062
0"
#28579423742
1!
#28579423742
1"
#28579441102
0!
#28579441102
0"
#28579449782
1!
#28579449782
1"
#28579458462
0!
#28579458462
0"
#28579467142
1!
#28579467142
1"
#28579475822
0!
#28579475822
0"
#28579484502
1!
#28579484502
1"
#28579501862
0!
#28579501862
0"
#28579510542
1!
#28579510542
1"
#28579527902
0!
#28579527902
0"
#28579536582
1!
#28579536582
1"
#28579545262
0!
#28579545262
0"
#28579553942
1!
#28579553942
1"
#28579562622
0!
#28579562622
0"
#28579571302
1!
#28579571302
1"
#28579579982
0!
#28579579982
0"
#28579597342
1!
#28579597342
1"
#28579614702
0!
#28579614702
0"
#28579623382
1!
#28579623382
1"
#28579632062
0!
#28579632062
0"
#28579649422
1!
#28579649422
1"
#28579658102
0!
#28579658102
0"
#28579666782
1!
#28579666782
1"
#28579692822
0!
#28579692822
0"
#28579710182
1!
#28579710182
1"
#28579718862
0!
#28579718862
0"
#28579770942
1!
#28579770942
1"
#28579779622
0!
#28579779622
0"
#28579796982
1!
#28579796982
1"
#28579805662
0!
#28579805662
0"
#28579814342
1!
#28579814342
1"
#28579823022
0!
#28579823022
0"
#28579831702
1!
#28579831702
1"
#28579840382
0!
#28579840382
0"
#28579849062
1!
#28579849062
1"
#28579866422
0!
#28579866422
0"
#28579883782
1!
#28579883782
1"
#28579892462
0!
#28579892462
0"
#28579935862
1!
#28579935862
1"
#28579953222
0!
#28579953222
0"
#28579970582
1!
#28579970582
1"
#28579979262
0!
#28579979262
0"
#28580022662
1!
#28580022662
1"
#28580040022
0!
#28580040022
0"
#28580057382
1!
#28580057382
1"
#28580066062
0!
#28580066062
0"
#28580109462
1!
#28580109462
1"
#28580126822
0!
#28580126822
0"
#28580144182
1!
#28580144182
1"
#28580152862
0!
#28580152862
0"
#28580178902
1!
#28580178902
1"
#28580196262
0!
#28580196262
0"
#28580204942
1!
#28580204942
1"
#28580213622
0!
#28580213622
0"
#28580230982
1!
#28580230982
1"
#28580239662
0!
#28580239662
0"
#28580291742
1!
#28580291742
1"
#28580300422
0!
#28580300422
0"
#28580317782
1!
#28580317782
1"
#28580326462
0!
#28580326462
0"
#28580335142
1!
#28580335142
1"
#28580352502
0!
#28580352502
0"
#28580369862
1!
#28580369862
1"
#28580395902
0!
#28580395902
0"
#28580404582
1!
#28580404582
1"
#28580413262
0!
#28580413262
0"
#28580421942
1!
#28580421942
1"
#28580430622
0!
#28580430622
0"
#28580439302
1!
#28580439302
1"
#28580447982
0!
#28580447982
0"
#28580465342
1!
#28580465342
1"
#28580482702
0!
#28580482702
0"
#28580491382
1!
#28580491382
1"
#28580500062
0!
#28580500062
0"
#28580517422
1!
#28580517422
1"
#28580543462
0!
#28580543462
0"
#28580552142
1!
#28580552142
1"
#28580569502
0!
#28580569502
0"
#28580578182
1!
#28580578182
1"
#28580586862
0!
#28580586862
0"
#28580595542
1!
#28580595542
1"
#28580612902
0!
#28580612902
0"
#28580630262
1!
#28580630262
1"
#28580656302
0!
#28580656302
0"
#28580664982
1!
#28580664982
1"
#28580673662
0!
#28580673662
0"
#28580682342
1!
#28580682342
1"
#28580717062
0!
#28580717062
0"
#28580725742
1!
#28580725742
1"
#28580743102
0!
#28580743102
0"
#28580751782
1!
#28580751782
1"
#28580760462
0!
#28580760462
0"
#28580777822
1!
#28580777822
1"
#28580786502
0!
#28580786502
0"
#28580803862
1!
#28580803862
1"
#28580829902
0!
#28580829902
0"
#28580838582
1!
#28580838582
1"
#28580847262
0!
#28580847262
0"
#28580899342
1!
#28580899342
1"
#28580908022
0!
#28580908022
0"
#28580925382
1!
#28580925382
1"
#28580934062
0!
#28580934062
0"
#28580960102
1!
#28580960102
1"
#28580968782
0!
#28580968782
0"
#28580977462
1!
#28580977462
1"
#28581003502
0!
#28581003502
0"
#28581012182
1!
#28581012182
1"
#28581020862
0!
#28581020862
0"
#28581029542
1!
#28581029542
1"
#28581038222
0!
#28581038222
0"
#28581055582
1!
#28581055582
1"
#28581064262
0!
#28581064262
0"
#28581072942
1!
#28581072942
1"
#28581090302
0!
#28581090302
0"
#28581098982
1!
#28581098982
1"
#28581107662
0!
#28581107662
0"
#28581116342
1!
#28581116342
1"
#28581125022
0!
#28581125022
0"
#28581133702
1!
#28581133702
1"
#28581151062
0!
#28581151062
0"
#28581159742
1!
#28581159742
1"
#28581177102
0!
#28581177102
0"
#28581185782
1!
#28581185782
1"
#28581194462
0!
#28581194462
0"
#28581203142
1!
#28581203142
1"
#28581211822
0!
#28581211822
0"
#28581220502
1!
#28581220502
1"
#28581229182
0!
#28581229182
0"
#28581246542
1!
#28581246542
1"
#28581263902
0!
#28581263902
0"
#28581272582
1!
#28581272582
1"
#28581281262
0!
#28581281262
0"
#28581298622
1!
#28581298622
1"
#28581307302
0!
#28581307302
0"
#28581315982
1!
#28581315982
1"
#28581342022
0!
#28581342022
0"
#28581359382
1!
#28581359382
1"
#28581368062
0!
#28581368062
0"
#28581420142
1!
#28581420142
1"
#28581428822
0!
#28581428822
0"
#28581446182
1!
#28581446182
1"
#28581454862
0!
#28581454862
0"
#28581463542
1!
#28581463542
1"
#28581472222
0!
#28581472222
0"
#28581498262
1!
#28581498262
1"
#28581515622
0!
#28581515622
0"
#28581532982
1!
#28581532982
1"
#28581541662
0!
#28581541662
0"
#28581585062
1!
#28581585062
1"
#28581602422
0!
#28581602422
0"
#28581619782
1!
#28581619782
1"
#28581628462
0!
#28581628462
0"
#28581671862
1!
#28581671862
1"
#28581689222
0!
#28581689222
0"
#28581706582
1!
#28581706582
1"
#28581715262
0!
#28581715262
0"
#28581732622
1!
#28581732622
1"
#28581741302
0!
#28581741302
0"
#28581749982
1!
#28581749982
1"
#28581758662
0!
#28581758662
0"
#28581793382
1!
#28581793382
1"
#28581802062
0!
#28581802062
0"
#28581880182
1!
#28581880182
1"
#28581888862
0!
#28581888862
0"
#28581923582
1!
#28581923582
1"
#28581932262
0!
#28581932262
0"
#28581966982
1!
#28581966982
1"
#28581975662
0!
#28581975662
0"
#28582053782
1!
#28582053782
1"
#28582062462
0!
#28582062462
0"
#28582140582
1!
#28582140582
1"
#28582149262
0!
#28582149262
0"
#28582227382
1!
#28582227382
1"
#28582236062
0!
#28582236062
0"
#28582288142
1!
#28582288142
1"
#28582305502
0!
#28582305502
0"
#28582314182
1!
#28582314182
1"
#28582322862
0!
#28582322862
0"
#28582340222
1!
#28582340222
1"
#28582366262
0!
#28582366262
0"
#28582383622
1!
#28582383622
1"
#28582409662
0!
#28582409662
0"
#28582427022
1!
#28582427022
1"
#28582453062
0!
#28582453062
0"
#28582470422
1!
#28582470422
1"
#28582496462
0!
#28582496462
0"
#28582505142
1!
#28582505142
1"
#28582557222
0!
#28582557222
0"
#28582574582
1!
#28582574582
1"
#28582583262
0!
#28582583262
0"
#28582591942
1!
#28582591942
1"
#28582609302
0!
#28582609302
0"
#28582661382
1!
#28582661382
1"
#28582670062
0!
#28582670062
0"
#28582748182
1!
#28582748182
1"
#28582756862
0!
#28582756862
0"
#28582834982
1!
#28582834982
1"
#28582843662
0!
#28582843662
0"
#28582921782
1!
#28582921782
1"
#28582930462
0!
#28582930462
0"
#28582947822
1!
#28582947822
1"
#28582965182
0!
#28582965182
0"
#28582999902
1!
#28582999902
1"
#28583017262
0!
#28583017262
0"
#28583025942
1!
#28583025942
1"
#28583060662
0!
#28583060662
0"
#28583095382
1!
#28583095382
1"
#29944315100
0!
#29944315100
0"
#29944323780
1!
#29944323780
1"
#29944332460
0!
#29944332460
0"
#29944341140
1!
#29944341140
1"
#29944349820
0!
#29944349820
0"
#29944367180
1!
#29944367180
1"
#29944375860
0!
#29944375860
0"
#29944384540
1!
#29944384540
1"
#29944401900
0!
#29944401900
0"
#29944419260
1!
#29944419260
1"
#29944427940
0!
#29944427940
0"
#29944436620
1!
#29944436620
1"
#29944453980
0!
#29944453980
0"
#29944462660
1!
#29944462660
1"
#29944471340
0!
#29944471340
0"
#29944480020
1!
#29944480020
1"
#29944488700
0!
#29944488700
0"
#29944506060
1!
#29944506060
1"
#29944514740
0!
#29944514740
0"
#29944566820
1!
#29944566820
1"
#29944575500
0!
#29944575500
0"
#29944601540
1!
#29944601540
1"
#29944610220
0!
#29944610220
0"
#29944653620
1!
#29944653620
1"
#29944662300
0!
#29944662300
0"
#29944688340
1!
#29944688340
1"
#29944697020
0!
#29944697020
0"
#29944714380
1!
#29944714380
1"
#29944731740
0!
#29944731740
0"
#29944740420
1!
#29944740420
1"
#29944749100
0!
#29944749100
0"
#29944827220
1!
#29944827220
1"
#29944835900
0!
#29944835900
0"
#29944870620
1!
#29944870620
1"
#29944879300
0!
#29944879300
0"
#29944905340
1!
#29944905340
1"
#29944922700
0!
#29944922700
0"
#29944931380
1!
#29944931380
1"
#29944948740
0!
#29944948740
0"
#29944966100
1!
#29944966100
1"
#29944974780
0!
#29944974780
0"
#29945000820
1!
#29945000820
1"
#29945009500
0!
#29945009500
0"
#29945026860
1!
#29945026860
1"
#29945044220
0!
#29945044220
0"
#29945052900
1!
#29945052900
1"
#29945061580
0!
#29945061580
0"
#29945087620
1!
#29945087620
1"
#29945096300
0!
#29945096300
0"
#29945104980
1!
#29945104980
1"
#29945139700
0!
#29945139700
0"
#29945148380
1!
#29945148380
1"
#29945157060
0!
#29945157060
0"
#29945174420
1!
#29945174420
1"
#30038747106
0!
#30038747106
0"
#30038755786
1!
#30038755786
1"
#30038764466
0!
#30038764466
0"
#30038773146
1!
#30038773146
1"
#30038781826
0!
#30038781826
0"
#30038799186
1!
#30038799186
1"
#30038807866
0!
#30038807866
0"
#30038816546
1!
#30038816546
1"
#30038833906
0!
#30038833906
0"
#30038851266
1!
#30038851266
1"
#30038859946
0!
#30038859946
0"
#30038868626
1!
#30038868626
1"
#30038885986
0!
#30038885986
0"
#30038894666
1!
#30038894666
1"
#30038903346
0!
#30038903346
0"
#30038912026
1!
#30038912026
1"
#30038920706
0!
#30038920706
0"
#30038929386
1!
#30038929386
1"
#30038938066
0!
#30038938066
0"
#30038998826
1!
#30038998826
1"
#30039007506
0!
#30039007506
0"
#30039033546
1!
#30039033546
1"
#30039042226
0!
#30039042226
0"
#30039059586
1!
#30039059586
1"
#30039076946
0!
#30039076946
0"
#30039085626
1!
#30039085626
1"
#30039094306
0!
#30039094306
0"
#30039137706
1!
#30039137706
1"
#30039146386
0!
#30039146386
0"
#30039155066
1!
#30039155066
1"
#30039181106
0!
#30039181106
0"
#30039189786
1!
#30039189786
1"
#30039207146
0!
#30039207146
0"
#30039233186
1!
#30039233186
1"
#30039241866
0!
#30039241866
0"
#30039250546
1!
#30039250546
1"
#30039267906
0!
#30039267906
0"
#30039276586
1!
#30039276586
1"
#30039285266
0!
#30039285266
0"
#30039311306
1!
#30039311306
1"
#30039319986
0!
#30039319986
0"
#30039328666
1!
#30039328666
1"
#30039354706
0!
#30039354706
0"
#30039363386
1!
#30039363386
1"
#30039372066
0!
#30039372066
0"
#30039424146
1!
#30039424146
1"
#30039441506
0!
#30039441506
0"
#30039484906
1!
#30039484906
1"
#30039493586
0!
#30039493586
0"
#30039502266
1!
#30039502266
1"
#30039528306
0!
#30039528306
0"
#30039536986
1!
#30039536986
1"
#30039589066
0!
#30039589066
0"
#30039597746
1!
#30039597746
1"
#30039615106
0!
#30039615106
0"
#30039623786
1!
#30039623786
1"
#30039632466
0!
#30039632466
0"
#30039658506
1!
#30039658506
1"
#30039667186
0!
#30039667186
0"
#30039675866
1!
#30039675866
1"
#30039701906
0!
#30039701906
0"
#30039719266
1!
#30039719266
1"
#30039736626
0!
#30039736626
0"
#30039745306
1!
#30039745306
1"
#30039753986
0!
#30039753986
0"
#30039771346
1!
#30039771346
1"
#30039788706
0!
#30039788706
0"
#30039797386
1!
#30039797386
1"
#30039806066
0!
#30039806066
0"
#30039832106
1!
#30039832106
1"
#30039840786
0!
#30039840786
0"
#30039849466
1!
#30039849466
1"
#30039875506
0!
#30039875506
0"
#30039910226
1!
#30039910226
1"
#30039918906
0!
#30039918906
0"
#30039944946
1!
#30039944946
1"
#30039962306
0!
#30039962306
0"
#30040005706
1!
#30040005706
1"
#30040014386
0!
#30040014386
0"
#30040023066
1!
#30040023066
1"
#30040049106
0!
#30040049106
0"
#30040057786
1!
#30040057786
1"
#30040066466
0!
#30040066466
0"
#30040075146
1!
#30040075146
1"
#30040109866
0!
#30040109866
0"
#30040118546
1!
#30040118546
1"
#30040135906
0!
#30040135906
0"
#30040179306
1!
#30040179306
1"
#30040187986
0!
#30040187986
0"
#30040196666
1!
#30040196666
1"
#30040222706
0!
#30040222706
0"
#30040240066
1!
#30040240066
1"
#30040283466
0!
#30040283466
0"
#30040292146
1!
#30040292146
1"
#30040309506
0!
#30040309506
0"
#30040361586
1!
#30040361586
1"
#30040370266
0!
#30040370266
0"
#30040387626
1!
#30040387626
1"
#30040396306
0!
#30040396306
0"
#30040439706
1!
#30040439706
1"
#30040448386
0!
#30040448386
0"
#30040457066
1!
#30040457066
1"
#30040483106
0!
#30040483106
0"
#30040491786
1!
#30040491786
1"
#30040517826
0!
#30040517826
0"
#30040526506
1!
#30040526506
1"
#30040543866
0!
#30040543866
0"
#30040552546
1!
#30040552546
1"
#30040569906
0!
#30040569906
0"
#30040613306
1!
#30040613306
1"
#30040621986
0!
#30040621986
0"
#30040630666
1!
#30040630666
1"
#30040656706
0!
#30040656706
0"
#30040682746
1!
#30040682746
1"
#30040717466
0!
#30040717466
0"
#30040726146
1!
#30040726146
1"
#30040743506
0!
#30040743506
0"
#30040752186
1!
#30040752186
1"
#30040760866
0!
#30040760866
0"
#30040786906
1!
#30040786906
1"
#30040795586
0!
#30040795586
0"
#30040804266
1!
#30040804266
1"
#30040830306
0!
#30040830306
0"
#30040847666
1!
#30040847666
1"
#30040865026
0!
#30040865026
0"
#30040873706
1!
#30040873706
1"
#30040882386
0!
#30040882386
0"
#30040899746
1!
#30040899746
1"
#30040917106
0!
#30040917106
0"
#30040960506
1!
#30040960506
1"
#30040969186
0!
#30040969186
0"
#30040977866
1!
#30040977866
1"
#30041003906
0!
#30041003906
0"
#30041012586
1!
#30041012586
1"
#30041021266
0!
#30041021266
0"
#30041029946
1!
#30041029946
1"
#30041064666
0!
#30041064666
0"
#30041073346
1!
#30041073346
1"
#30041090706
0!
#30041090706
0"
#30041134106
1!
#30041134106
1"
#30041142786
0!
#30041142786
0"
#30041151466
1!
#30041151466
1"
#30041177506
0!
#30041177506
0"
#30041186186
1!
#30041186186
1"
#30041194866
0!
#30041194866
0"
#30041203546
1!
#30041203546
1"
#30041212226
0!
#30041212226
0"
#30041220906
1!
#30041220906
1"
#30041238266
0!
#30041238266
0"
#30041246946
1!
#30041246946
1"
#30041264306
0!
#30041264306
0"
#30041307706
1!
#30041307706
1"
#30041316386
0!
#30041316386
0"
#30041325066
1!
#30041325066
1"
#30041351106
0!
#30041351106
0"
#30041359786
1!
#30041359786
1"
#30041368466
0!
#30041368466
0"
#30041377146
1!
#30041377146
1"
#30041411866
0!
#30041411866
0"
#30041420546
1!
#30041420546
1"
#30041437906
0!
#30041437906
0"
#30041481306
1!
#30041481306
1"
#30041489986
0!
#30041489986
0"
#30041498666
1!
#30041498666
1"
#30041524706
0!
#30041524706
0"
#30041542066
1!
#30041542066
1"
#30041585466
0!
#30041585466
0"
#30041594146
1!
#30041594146
1"
#30041611506
0!
#30041611506
0"
#30041663586
1!
#30041663586
1"
#30041672266
0!
#30041672266
0"
#30041689626
1!
#30041689626
1"
#30041698306
0!
#30041698306
0"
#30041706986
1!
#30041706986
1"
#30041724346
0!
#30041724346
0"
#30041741706
1!
#30041741706
1"
#30041750386
0!
#30041750386
0"
#30041759066
1!
#30041759066
1"
#30041767746
0!
#30041767746
0"
#30041776426
1!
#30041776426
1"
#30041785106
0!
#30041785106
0"
#30041793786
1!
#30041793786
1"
#30041802466
0!
#30041802466
0"
#30041811146
1!
#30041811146
1"
#30041819826
0!
#30041819826
0"
#30041845866
1!
#30041845866
1"
#30041854546
0!
#30041854546
0"
#30041863226
1!
#30041863226
1"
#30041871906
0!
#30041871906
0"
#30041889266
1!
#30041889266
1"
#30041915306
0!
#30041915306
0"
#30041932666
1!
#30041932666
1"
#30041941346
0!
#30041941346
0"
#30041950026
1!
#30041950026
1"
#30041958706
0!
#30041958706
0"
#30041967386
1!
#30041967386
1"
#30041984746
0!
#30041984746
0"
#30042002106
1!
#30042002106
1"
#30042010786
0!
#30042010786
0"
#30042019466
1!
#30042019466
1"
#30042028146
0!
#30042028146
0"
#30042036826
1!
#30042036826
1"
#30042045506
0!
#30042045506
0"
#30042054186
1!
#30042054186
1"
#30042088906
0!
#30042088906
0"
#30042106266
1!
#30042106266
1"
#30042114946
0!
#30042114946
0"
#30042123626
1!
#30042123626
1"
#30042132306
0!
#30042132306
0"
#30042149666
1!
#30042149666
1"
#30042158346
0!
#30042158346
0"
#30042175706
1!
#30042175706
1"
#30042184386
0!
#30042184386
0"
#30042193066
1!
#30042193066
1"
#30042201746
0!
#30042201746
0"
#30042210426
1!
#30042210426
1"
#30042219106
0!
#30042219106
0"
#30042227786
1!
#30042227786
1"
#30042271186
0!
#30042271186
0"
#30042279866
1!
#30042279866
1"
#30042288546
0!
#30042288546
0"
#30042297226
1!
#30042297226
1"
#30042305906
0!
#30042305906
0"
#30042349306
1!
#30042349306
1"
#30042357986
0!
#30042357986
0"
#30042366666
1!
#30042366666
1"
#30042375346
0!
#30042375346
0"
#30042384026
1!
#30042384026
1"
#30042392706
0!
#30042392706
0"
#30042401386
1!
#30042401386
1"
#30042410066
0!
#30042410066
0"
#30042418746
1!
#30042418746
1"
#30042427426
0!
#30042427426
0"
#30042453466
1!
#30042453466
1"
#30042462146
0!
#30042462146
0"
#30042470826
1!
#30042470826
1"
#30042479506
0!
#30042479506
0"
#30042496866
1!
#30042496866
1"
#30042505546
0!
#30042505546
0"
#30042522906
1!
#30042522906
1"
#30042531586
0!
#30042531586
0"
#30042540266
1!
#30042540266
1"
#30042548946
0!
#30042548946
0"
#30042557626
1!
#30042557626
1"
#30042566306
0!
#30042566306
0"
#30042574986
1!
#30042574986
1"
#30042583666
0!
#30042583666
0"
#30042601026
1!
#30042601026
1"
#30042609706
0!
#30042609706
0"
#30042627066
1!
#30042627066
1"
#30042635746
0!
#30042635746
0"
#30042644426
1!
#30042644426
1"
#30042653106
0!
#30042653106
0"
#30042661786
1!
#30042661786
1"
#30042696506
0!
#30042696506
0"
#30042713866
1!
#30042713866
1"
#30042722546
0!
#30042722546
0"
#30042731226
1!
#30042731226
1"
#30042739906
0!
#30042739906
0"
#30042765946
1!
#30042765946
1"
#30042774626
0!
#30042774626
0"
#30042800666
1!
#30042800666
1"
#30042809346
0!
#30042809346
0"
#30042818026
1!
#30042818026
1"
#30042826706
0!
#30042826706
0"
#30042835386
1!
#30042835386
1"
#30042844066
0!
#30042844066
0"
#30042878786
1!
#30042878786
1"
#30042887466
0!
#30042887466
0"
#30042904826
1!
#30042904826
1"
#30042913506
0!
#30042913506
0"
#30042965586
1!
#30042965586
1"
#30042974266
0!
#30042974266
0"
#30042991626
1!
#30042991626
1"
#30043000306
0!
#30043000306
0"
#30043017666
1!
#30043017666
1"
#30043035026
0!
#30043035026
0"
#30043043706
1!
#30043043706
1"
#30043052386
0!
#30043052386
0"
#30043061066
1!
#30043061066
1"
#30043069746
0!
#30043069746
0"
#30043078426
1!
#30043078426
1"
#30043087106
0!
#30043087106
0"
#30043095786
1!
#30043095786
1"
#30043104466
0!
#30043104466
0"
#30043147866
1!
#30043147866
1"
#30043156546
0!
#30043156546
0"
#30043165226
1!
#30043165226
1"
#30043173906
0!
#30043173906
0"
#30043199946
1!
#30043199946
1"
#30043217306
0!
#30043217306
0"
#30043234666
1!
#30043234666
1"
#30043243346
0!
#30043243346
0"
#30043252026
1!
#30043252026
1"
#30043260706
0!
#30043260706
0"
#30043278066
1!
#30043278066
1"
#30043286746
0!
#30043286746
0"
#30043295426
1!
#30043295426
1"
#30043321466
0!
#30043321466
0"
#30043338826
1!
#30043338826
1"
#30043347506
0!
#30043347506
0"
#30043399586
1!
#30043399586
1"
#30043408266
0!
#30043408266
0"
#30043425626
1!
#30043425626
1"
#30043434306
0!
#30043434306
0"
#30043442986
1!
#30043442986
1"
#30043451666
0!
#30043451666
0"
#30043477706
1!
#30043477706
1"
#30043495066
0!
#30043495066
0"
#30043512426
1!
#30043512426
1"
#30043521106
0!
#30043521106
0"
#30043564506
1!
#30043564506
1"
#30043581866
0!
#30043581866
0"
#30043599226
1!
#30043599226
1"
#30043607906
0!
#30043607906
0"
#30043651306
1!
#30043651306
1"
#30043668666
0!
#30043668666
0"
#30043686026
1!
#30043686026
1"
#30043694706
0!
#30043694706
0"
#30043712066
1!
#30043712066
1"
#30043720746
0!
#30043720746
0"
#30043729426
1!
#30043729426
1"
#30043738106
0!
#30043738106
0"
#30043772826
1!
#30043772826
1"
#30043781506
0!
#30043781506
0"
#30043859626
1!
#30043859626
1"
#30043868306
0!
#30043868306
0"
#30043946426
1!
#30043946426
1"
#30043955106
0!
#30043955106
0"
#30043998506
1!
#30043998506
1"
#30044015866
0!
#30044015866
0"
#30044024546
1!
#30044024546
1"
#30044041906
0!
#30044041906
0"
#30044050586
1!
#30044050586
1"
#30044067946
0!
#30044067946
0"
#30044076626
1!
#30044076626
1"
#30044093986
0!
#30044093986
0"
#30044102666
1!
#30044102666
1"
#30044128706
0!
#30044128706
0"
#30044146066
1!
#30044146066
1"
#30044172106
0!
#30044172106
0"
#30044189466
1!
#30044189466
1"
#30044215506
0!
#30044215506
0"
#30044224186
1!
#30044224186
1"
#30044276266
0!
#30044276266
0"
#30044293626
1!
#30044293626
1"
#30044302306
0!
#30044302306
0"
#30044345706
1!
#30044345706
1"
#30044354386
0!
#30044354386
0"
#30044371746
1!
#30044371746
1"
#30044389106
0!
#30044389106
0"
#30044397786
1!
#30044397786
1"
#30044415146
0!
#30044415146
0"
#30044423826
1!
#30044423826
1"
#30044441186
0!
#30044441186
0"
#30044449866
1!
#30044449866
1"
#30044475906
0!
#30044475906
0"
#30044493266
1!
#30044493266
1"
#30044519306
0!
#30044519306
0"
#30044536666
1!
#30044536666
1"
#30044562706
0!
#30044562706
0"
#30044571386
1!
#30044571386
1"
#30044623466
0!
#30044623466
0"
#30044640826
1!
#30044640826
1"
#30044649506
0!
#30044649506
0"
#30044692906
1!
#30044692906
1"
#30044701586
0!
#30044701586
0"
#30044727626
1!
#30044727626
1"
#30044736306
0!
#30044736306
0"
#30044814426
1!
#30044814426
1"
#30044823106
0!
#30044823106
0"
#30044901226
1!
#30044901226
1"
#30044909906
0!
#30044909906
0"
#30044988026
1!
#30044988026
1"
#30044996706
0!
#30044996706
0"
#30045040106
1!
#30045040106
1"
#30045048786
0!
#30045048786
0"
#30045066146
1!
#30045066146
1"
#30045083506
0!
#30045083506
0"
#30045092186
1!
#30045092186
1"
#30045109546
0!
#30045109546
0"
#30045118226
1!
#30045118226
1"
#30045135586
0!
#30045135586
0"
#30045144266
1!
#30045144266
1"
#30045170306
0!
#30045170306
0"
#30045187666
1!
#30045187666
1"
#30045213706
0!
#30045213706
0"
#30045231066
1!
#30045231066
1"
#30045257106
0!
#30045257106
0"
#30045265786
1!
#30045265786
1"
#30045317866
0!
#30045317866
0"
#30045335226
1!
#30045335226
1"
#30045343906
0!
#30045343906
0"
#30045422026
1!
#30045422026
1"
#30045430706
0!
#30045430706
0"
#30045508826
1!
#30045508826
1"
#30045517506
0!
#30045517506
0"
#30045595626
1!
#30045595626
1"
#30045604306
0!
#30045604306
0"
#30045682426
1!
#30045682426
1"
#30045691106
0!
#30045691106
0"
#30045708466
1!
#30045708466
1"
#30045725826
0!
#30045725826
0"
#30045734506
1!
#30045734506
1"
#30045760546
0!
#30045760546
0"
#30045769226
1!
#30045769226
1"
#30045777906
0!
#30045777906
0"
#30045856026
1!
#30045856026
1"
#30045864706
0!
#30045864706
0"
#30045942826
1!
#30045942826
1"
#30045951506
0!
#30045951506
0"
#30046029626
1!
#30046029626
1"
#30046038306
0!
#30046038306
0"
#30046081706
1!
#30046081706
1"
#30046099066
0!
#30046099066
0"
#30046107746
1!
#30046107746
1"
#30046125106
0!
#30046125106
0"
#30046133786
1!
#30046133786
1"
#30046151146
0!
#30046151146
0"
#30046159826
1!
#30046159826
1"
#30046177186
0!
#30046177186
0"
#30046185866
1!
#30046185866
1"
#30046211906
0!
#30046211906
0"
#30046229266
1!
#30046229266
1"
#30046255306
0!
#30046255306
0"
#30046272666
1!
#30046272666
1"
#30046298706
0!
#30046298706
0"
#30046307386
1!
#30046307386
1"
#30046359466
0!
#30046359466
0"
#30046376826
1!
#30046376826
1"
#30046385506
0!
#30046385506
0"
#30046428906
1!
#30046428906
1"
#30046437586
0!
#30046437586
0"
#30046454946
1!
#30046454946
1"
#30046472306
0!
#30046472306
0"
#30046480986
1!
#30046480986
1"
#30046498346
0!
#30046498346
0"
#30046507026
1!
#30046507026
1"
#30046524386
0!
#30046524386
0"
#30046533066
1!
#30046533066
1"
#30046559106
0!
#30046559106
0"
#30046576466
1!
#30046576466
1"
#30046602506
0!
#30046602506
0"
#30046619866
1!
#30046619866
1"
#30046645906
0!
#30046645906
0"
#30046654586
1!
#30046654586
1"
#30046706666
0!
#30046706666
0"
#30046724026
1!
#30046724026
1"
#30046732706
0!
#30046732706
0"
#30046758746
1!
#30046758746
1"
#30046776106
0!
#30046776106
0"
#30046810826
1!
#30046810826
1"
#30046819506
0!
#30046819506
0"
#30046897626
1!
#30046897626
1"
#30046906306
0!
#30046906306
0"
#30046984426
1!
#30046984426
1"
#30046993106
0!
#30046993106
0"
#30047071226
1!
#30047071226
1"
#30047079906
0!
#30047079906
0"
#30047131986
1!
#30047131986
1"
#30047149346
0!
#30047149346
0"
#30047158026
1!
#30047158026
1"
#30047166706
0!
#30047166706
0"
#30047175386
1!
#30047175386
1"
#30047192746
0!
#30047192746
0"
#30047201426
1!
#30047201426
1"
#30047218786
0!
#30047218786
0"
#30047227466
1!
#30047227466
1"
#30047253506
0!
#30047253506
0"
#30047270866
1!
#30047270866
1"
#30047296906
0!
#30047296906
0"
#30047314266
1!
#30047314266
1"
#30047340306
0!
#30047340306
0"
#30047348986
1!
#30047348986
1"
#30047401066
0!
#30047401066
0"
#30047418426
1!
#30047418426
1"
#30047427106
0!
#30047427106
0"
#30047435786
1!
#30047435786
1"
#30047453146
0!
#30047453146
0"
#30047505226
1!
#30047505226
1"
#30047513906
0!
#30047513906
0"
#30047592026
1!
#30047592026
1"
#30047600706
0!
#30047600706
0"
#30047678826
1!
#30047678826
1"
#30047687506
0!
#30047687506
0"
#30047765626
1!
#30047765626
1"
#30047774306
0!
#30047774306
0"
#30047782986
1!
#30047782986
1"
#30047809026
0!
#30047809026
0"
#30047835066
1!
#30047835066
1"
#30047843746
0!
#30047843746
0"
#30047852426
1!
#30047852426
1"
#30047861106
0!
#30047861106
0"
#30047878466
1!
#30047878466
1"
#30047887146
0!
#30047887146
0"
#30047895826
1!
#30047895826
1"
#30047947906
0!
#30047947906
0"
#30047956586
1!
#30047956586
1"
#30047965266
0!
#30047965266
0"
#30047973946
1!
#30047973946
1"
#30047982626
0!
#30047982626
0"
#30047999986
1!
#30047999986
1"
#30048008666
0!
#30048008666
0"
#30048017346
1!
#30048017346
1"
#30048034706
0!
#30048034706
0"
#30048052066
1!
#30048052066
1"
#30048060746
0!
#30048060746
0"
#30048069426
1!
#30048069426
1"
#30048086786
0!
#30048086786
0"
#30048095466
1!
#30048095466
1"
#30048104146
0!
#30048104146
0"
#30048112826
1!
#30048112826
1"
#30048121506
0!
#30048121506
0"
#30048130186
1!
#30048130186
1"
#30048138866
0!
#30048138866
0"
#30048199626
1!
#30048199626
1"
#30048208306
0!
#30048208306
0"
#30048234346
1!
#30048234346
1"
#30048243026
0!
#30048243026
0"
#30048260386
1!
#30048260386
1"
#30048277746
0!
#30048277746
0"
#30048286426
1!
#30048286426
1"
#30048295106
0!
#30048295106
0"
#30048338506
1!
#30048338506
1"
#30048347186
0!
#30048347186
0"
#30048355866
1!
#30048355866
1"
#30048381906
0!
#30048381906
0"
#30048390586
1!
#30048390586
1"
#30048407946
0!
#30048407946
0"
#30048433986
1!
#30048433986
1"
#30048442666
0!
#30048442666
0"
#30048451346
1!
#30048451346
1"
#30048468706
0!
#30048468706
0"
#30048477386
1!
#30048477386
1"
#30048486066
0!
#30048486066
0"
#30048512106
1!
#30048512106
1"
#30048520786
0!
#30048520786
0"
#30048529466
1!
#30048529466
1"
#30048555506
0!
#30048555506
0"
#30048564186
1!
#30048564186
1"
#30048572866
0!
#30048572866
0"
#30048624946
1!
#30048624946
1"
#30048642306
0!
#30048642306
0"
#30048685706
1!
#30048685706
1"
#30048694386
0!
#30048694386
0"
#30048703066
1!
#30048703066
1"
#30048729106
0!
#30048729106
0"
#30048737786
1!
#30048737786
1"
#30048789866
0!
#30048789866
0"
#30048798546
1!
#30048798546
1"
#30048815906
0!
#30048815906
0"
#30048824586
1!
#30048824586
1"
#30048833266
0!
#30048833266
0"
#30048859306
1!
#30048859306
1"
#30048867986
0!
#30048867986
0"
#30048876666
1!
#30048876666
1"
#30048902706
0!
#30048902706
0"
#30048920066
1!
#30048920066
1"
#30048937426
0!
#30048937426
0"
#30048946106
1!
#30048946106
1"
#30048954786
0!
#30048954786
0"
#30048972146
1!
#30048972146
1"
#30048989506
0!
#30048989506
0"
#30048998186
1!
#30048998186
1"
#30049006866
0!
#30049006866
0"
#30049032906
1!
#30049032906
1"
#30049041586
0!
#30049041586
0"
#30049050266
1!
#30049050266
1"
#30049076306
0!
#30049076306
0"
#30049111026
1!
#30049111026
1"
#30049119706
0!
#30049119706
0"
#30049145746
1!
#30049145746
1"
#30049163106
0!
#30049163106
0"
#30049206506
1!
#30049206506
1"
#30049215186
0!
#30049215186
0"
#30049223866
1!
#30049223866
1"
#30049249906
0!
#30049249906
0"
#30049258586
1!
#30049258586
1"
#30049267266
0!
#30049267266
0"
#30049275946
1!
#30049275946
1"
#30049310666
0!
#30049310666
0"
#30049319346
1!
#30049319346
1"
#30049336706
0!
#30049336706
0"
#30049380106
1!
#30049380106
1"
#30049388786
0!
#30049388786
0"
#30049397466
1!
#30049397466
1"
#30049423506
0!
#30049423506
0"
#30049440866
1!
#30049440866
1"
#30049484266
0!
#30049484266
0"
#30049492946
1!
#30049492946
1"
#30049510306
0!
#30049510306
0"
#30049562386
1!
#30049562386
1"
#30049571066
0!
#30049571066
0"
#30049588426
1!
#30049588426
1"
#30049597106
0!
#30049597106
0"
#30049640506
1!
#30049640506
1"
#30049649186
0!
#30049649186
0"
#30049657866
1!
#30049657866
1"
#30049683906
0!
#30049683906
0"
#30049692586
1!
#30049692586
1"
#30049718626
0!
#30049718626
0"
#30049727306
1!
#30049727306
1"
#30049744666
0!
#30049744666
0"
#30049753346
1!
#30049753346
1"
#30049770706
0!
#30049770706
0"
#30049814106
1!
#30049814106
1"
#30049822786
0!
#30049822786
0"
#30049831466
1!
#30049831466
1"
#30049857506
0!
#30049857506
0"
#30049883546
1!
#30049883546
1"
#30049918266
0!
#30049918266
0"
#30049926946
1!
#30049926946
1"
#30049944306
0!
#30049944306
0"
#30049952986
1!
#30049952986
1"
#30049961666
0!
#30049961666
0"
#30049987706
1!
#30049987706
1"
#30049996386
0!
#30049996386
0"
#30050005066
1!
#30050005066
1"
#30050031106
0!
#30050031106
0"
#30050048466
1!
#30050048466
1"
#30050065826
0!
#30050065826
0"
#30050074506
1!
#30050074506
1"
#30050083186
0!
#30050083186
0"
#30050100546
1!
#30050100546
1"
#30050117906
0!
#30050117906
0"
#30050161306
1!
#30050161306
1"
#30050169986
0!
#30050169986
0"
#30050178666
1!
#30050178666
1"
#30050204706
0!
#30050204706
0"
#30050213386
1!
#30050213386
1"
#30050222066
0!
#30050222066
0"
#30050230746
1!
#30050230746
1"
#30050265466
0!
#30050265466
0"
#30050274146
1!
#30050274146
1"
#30050291506
0!
#30050291506
0"
#30050334906
1!
#30050334906
1"
#30050343586
0!
#30050343586
0"
#30050352266
1!
#30050352266
1"
#30050378306
0!
#30050378306
0"
#30050386986
1!
#30050386986
1"
#30050395666
0!
#30050395666
0"
#30050404346
1!
#30050404346
1"
#30050413026
0!
#30050413026
0"
#30050421706
1!
#30050421706
1"
#30050439066
0!
#30050439066
0"
#30050447746
1!
#30050447746
1"
#30050465106
0!
#30050465106
0"
#30050508506
1!
#30050508506
1"
#30050517186
0!
#30050517186
0"
#30050525866
1!
#30050525866
1"
#30050551906
0!
#30050551906
0"
#30050560586
1!
#30050560586
1"
#30050569266
0!
#30050569266
0"
#30050577946
1!
#30050577946
1"
#30050612666
0!
#30050612666
0"
#30050621346
1!
#30050621346
1"
#30050638706
0!
#30050638706
0"
#30050682106
1!
#30050682106
1"
#30050690786
0!
#30050690786
0"
#30050699466
1!
#30050699466
1"
#30050725506
0!
#30050725506
0"
#30050742866
1!
#30050742866
1"
#30050786266
0!
#30050786266
0"
#30050794946
1!
#30050794946
1"
#30050812306
0!
#30050812306
0"
#30050864386
1!
#30050864386
1"
#30050873066
0!
#30050873066
0"
#30050890426
1!
#30050890426
1"
#30050899106
0!
#30050899106
0"
#30050925146
1!
#30050925146
1"
#30050933826
0!
#30050933826
0"
#30050959866
1!
#30050959866
1"
#30050968546
0!
#30050968546
0"
#30050977226
1!
#30050977226
1"
#30050985906
0!
#30050985906
0"
#30050994586
1!
#30050994586
1"
#30051003266
0!
#30051003266
0"
#30051020626
1!
#30051020626
1"
#30051029306
0!
#30051029306
0"
#30051046666
1!
#30051046666
1"
#30051055346
0!
#30051055346
0"
#30051064026
1!
#30051064026
1"
#30051072706
0!
#30051072706
0"
#30051081386
1!
#30051081386
1"
#30051098746
0!
#30051098746
0"
#30051116106
1!
#30051116106
1"
#30051124786
0!
#30051124786
0"
#30051133466
1!
#30051133466
1"
#30051142146
0!
#30051142146
0"
#30051150826
1!
#30051150826
1"
#30051159506
0!
#30051159506
0"
#30051202906
1!
#30051202906
1"
#30051211586
0!
#30051211586
0"
#30051220266
1!
#30051220266
1"
#30051228946
0!
#30051228946
0"
#30051237626
1!
#30051237626
1"
#30051246306
0!
#30051246306
0"
#30051272346
1!
#30051272346
1"
#30051289706
0!
#30051289706
0"
#30051307066
1!
#30051307066
1"
#30051315746
0!
#30051315746
0"
#30051324426
1!
#30051324426
1"
#30051333106
0!
#30051333106
0"
#30051341786
1!
#30051341786
1"
#30051350466
0!
#30051350466
0"
#30051393866
1!
#30051393866
1"
#30051402546
0!
#30051402546
0"
#30051411226
1!
#30051411226
1"
#30051419906
0!
#30051419906
0"
#30051428586
1!
#30051428586
1"
#30051437266
0!
#30051437266
0"
#30051454626
1!
#30051454626
1"
#30051471986
0!
#30051471986
0"
#30051480666
1!
#30051480666
1"
#30051489346
0!
#30051489346
0"
#30051498026
1!
#30051498026
1"
#30051506706
0!
#30051506706
0"
#30051515386
1!
#30051515386
1"
#30051558786
0!
#30051558786
0"
#30051567466
1!
#30051567466
1"
#30051576146
0!
#30051576146
0"
#30051584826
1!
#30051584826
1"
#30051593506
0!
#30051593506
0"
#30051636906
1!
#30051636906
1"
#30051645586
0!
#30051645586
0"
#30051654266
1!
#30051654266
1"
#30051662946
0!
#30051662946
0"
#30051671626
1!
#30051671626
1"
#30051680306
0!
#30051680306
0"
#30051688986
1!
#30051688986
1"
#30051697666
0!
#30051697666
0"
#30051706346
1!
#30051706346
1"
#30051715026
0!
#30051715026
0"
#30051741066
1!
#30051741066
1"
#30051749746
0!
#30051749746
0"
#30051758426
1!
#30051758426
1"
#30051767106
0!
#30051767106
0"
#30051784466
1!
#30051784466
1"
#30051793146
0!
#30051793146
0"
#30051810506
1!
#30051810506
1"
#30051819186
0!
#30051819186
0"
#30051827866
1!
#30051827866
1"
#30051836546
0!
#30051836546
0"
#30051845226
1!
#30051845226
1"
#30051853906
0!
#30051853906
0"
#30051862586
1!
#30051862586
1"
#30051871266
0!
#30051871266
0"
#30051888626
1!
#30051888626
1"
#30051897306
0!
#30051897306
0"
#30051914666
1!
#30051914666
1"
#30051923346
0!
#30051923346
0"
#30051932026
1!
#30051932026
1"
#30051940706
0!
#30051940706
0"
#30051949386
1!
#30051949386
1"
#30051984106
0!
#30051984106
0"
#30052001466
1!
#30052001466
1"
#30052010146
0!
#30052010146
0"
#30052018826
1!
#30052018826
1"
#30052027506
0!
#30052027506
0"
#30052053546
1!
#30052053546
1"
#30052062226
0!
#30052062226
0"
#30052088266
1!
#30052088266
1"
#30052096946
0!
#30052096946
0"
#30052105626
1!
#30052105626
1"
#30052114306
0!
#30052114306
0"
#30052122986
1!
#30052122986
1"
#30052131666
0!
#30052131666
0"
#30052166386
1!
#30052166386
1"
#30052175066
0!
#30052175066
0"
#30052192426
1!
#30052192426
1"
#30052201106
0!
#30052201106
0"
#30052253186
1!
#30052253186
1"
#30052261866
0!
#30052261866
0"
#30052279226
1!
#30052279226
1"
#30052287906
0!
#30052287906
0"
#30052305266
1!
#30052305266
1"
#30052322626
0!
#30052322626
0"
#30052331306
1!
#30052331306
1"
#30052339986
0!
#30052339986
0"
#30052348666
1!
#30052348666
1"
#30052357346
0!
#30052357346
0"
#30052366026
1!
#30052366026
1"
#30052374706
0!
#30052374706
0"
#30052383386
1!
#30052383386
1"
#30052392066
0!
#30052392066
0"
#30052435466
1!
#30052435466
1"
#30052444146
0!
#30052444146
0"
#30052452826
1!
#30052452826
1"
#30052461506
0!
#30052461506
0"
#30052487546
1!
#30052487546
1"
#30052504906
0!
#30052504906
0"
#30052522266
1!
#30052522266
1"
#30052530946
0!
#30052530946
0"
#30052539626
1!
#30052539626
1"
#30052548306
0!
#30052548306
0"
#30052565666
1!
#30052565666
1"
#30052574346
0!
#30052574346
0"
#30052583026
1!
#30052583026
1"
#30052609066
0!
#30052609066
0"
#30052626426
1!
#30052626426
1"
#30052635106
0!
#30052635106
0"
#30052687186
1!
#30052687186
1"
#30052695866
0!
#30052695866
0"
#30052713226
1!
#30052713226
1"
#30052721906
0!
#30052721906
0"
#30052730586
1!
#30052730586
1"
#30052739266
0!
#30052739266
0"
#30052747946
1!
#30052747946
1"
#30052756626
0!
#30052756626
0"
#30052765306
1!
#30052765306
1"
#30052782666
0!
#30052782666
0"
#30052800026
1!
#30052800026
1"
#30052808706
0!
#30052808706
0"
#30052852106
1!
#30052852106
1"
#30052869466
0!
#30052869466
0"
#30052886826
1!
#30052886826
1"
#30052895506
0!
#30052895506
0"
#30052938906
1!
#30052938906
1"
#30052956266
0!
#30052956266
0"
#30052973626
1!
#30052973626
1"
#30052982306
0!
#30052982306
0"
#30053025706
1!
#30053025706
1"
#30053043066
0!
#30053043066
0"
#30053060426
1!
#30053060426
1"
#30053069106
0!
#30053069106
0"
#30053086466
1!
#30053086466
1"
#30053095146
0!
#30053095146
0"
#30053103826
1!
#30053103826
1"
#30053112506
0!
#30053112506
0"
#30053147226
1!
#30053147226
1"
#30053155906
0!
#30053155906
0"
#30053234026
1!
#30053234026
1"
#30053242706
0!
#30053242706
0"
#30053251386
1!
#30053251386
1"
#30053268746
0!
#30053268746
0"
#30053277426
1!
#30053277426
1"
#30053294786
0!
#30053294786
0"
#30053303466
1!
#30053303466
1"
#30053329506
0!
#30053329506
0"
#30053346866
1!
#30053346866
1"
#30053372906
0!
#30053372906
0"
#30053390266
1!
#30053390266
1"
#30053416306
0!
#30053416306
0"
#30053424986
1!
#30053424986
1"
#30053477066
0!
#30053477066
0"
#30053494426
1!
#30053494426
1"
#30053503106
0!
#30053503106
0"
#30053546506
1!
#30053546506
1"
#30053555186
0!
#30053555186
0"
#30053572546
1!
#30053572546
1"
#30053589906
0!
#30053589906
0"
#30053598586
1!
#30053598586
1"
#30053615946
0!
#30053615946
0"
#30053624626
1!
#30053624626
1"
#30053641986
0!
#30053641986
0"
#30053650666
1!
#30053650666
1"
#30053676706
0!
#30053676706
0"
#30053694066
1!
#30053694066
1"
#30053720106
0!
#30053720106
0"
#30053737466
1!
#30053737466
1"
#30053763506
0!
#30053763506
0"
#30053772186
1!
#30053772186
1"
#30053824266
0!
#30053824266
0"
#30053841626
1!
#30053841626
1"
#30053850306
0!
#30053850306
0"
#30053893706
1!
#30053893706
1"
#30053902386
0!
#30053902386
0"
#30053928426
1!
#30053928426
1"
#30053937106
0!
#30053937106
0"
#30054015226
1!
#30054015226
1"
#30054023906
0!
#30054023906
0"
#30054102026
1!
#30054102026
1"
#30054110706
0!
#30054110706
0"
#30054188826
1!
#30054188826
1"
#30054197506
0!
#30054197506
0"
#30054240906
1!
#30054240906
1"
#30054249586
0!
#30054249586
0"
#30054266946
1!
#30054266946
1"
#30054284306
0!
#30054284306
0"
#30054292986
1!
#30054292986
1"
#30054310346
0!
#30054310346
0"
#30054319026
1!
#30054319026
1"
#30054336386
0!
#30054336386
0"
#30054345066
1!
#30054345066
1"
#30054371106
0!
#30054371106
0"
#30054388466
1!
#30054388466
1"
#30054414506
0!
#30054414506
0"
#30054431866
1!
#30054431866
1"
#30054457906
0!
#30054457906
0"
#30054466586
1!
#30054466586
1"
#30054518666
0!
#30054518666
0"
#30054536026
1!
#30054536026
1"
#30054544706
0!
#30054544706
0"
#30054622826
1!
#30054622826
1"
#30054631506
0!
#30054631506
0"
#30054709626
1!
#30054709626
1"
#30054718306
0!
#30054718306
0"
#30054796426
1!
#30054796426
1"
#30054805106
0!
#30054805106
0"
#30054883226
1!
#30054883226
1"
#30054891906
0!
#30054891906
0"
#30054909266
1!
#30054909266
1"
#30054926626
0!
#30054926626
0"
#30054935306
1!
#30054935306
1"
#30054961346
0!
#30054961346
0"
#30054970026
1!
#30054970026
1"
#30054978706
0!
#30054978706
0"
#30055056826
1!
#30055056826
1"
#30055065506
0!
#30055065506
0"
#30055143626
1!
#30055143626
1"
#30055152306
0!
#30055152306
0"
#30055230426
1!
#30055230426
1"
#30055239106
0!
#30055239106
0"
#30055282506
1!
#30055282506
1"
#30055299866
0!
#30055299866
0"
#30055308546
1!
#30055308546
1"
#30055325906
0!
#30055325906
0"
#30055334586
1!
#30055334586
1"
#30055351946
0!
#30055351946
0"
#30055360626
1!
#30055360626
1"
#30055377986
0!
#30055377986
0"
#30055386666
1!
#30055386666
1"
#30055412706
0!
#30055412706
0"
#30055430066
1!
#30055430066
1"
#30055456106
0!
#30055456106
0"
#30055473466
1!
#30055473466
1"
#30055499506
0!
#30055499506
0"
#30055508186
1!
#30055508186
1"
#30055560266
0!
#30055560266
0"
#30055577626
1!
#30055577626
1"
#30055586306
0!
#30055586306
0"
#30055629706
1!
#30055629706
1"
#30055638386
0!
#30055638386
0"
#30055655746
1!
#30055655746
1"
#30055673106
0!
#30055673106
0"
#30055681786
1!
#30055681786
1"
#30055699146
0!
#30055699146
0"
#30055707826
1!
#30055707826
1"
#30055725186
0!
#30055725186
0"
#30055733866
1!
#30055733866
1"
#30055759906
0!
#30055759906
0"
#30055777266
1!
#30055777266
1"
#30055803306
0!
#30055803306
0"
#30055820666
1!
#30055820666
1"
#30055846706
0!
#30055846706
0"
#30055855386
1!
#30055855386
1"
#30055907466
0!
#30055907466
0"
#30055924826
1!
#30055924826
1"
#30055933506
0!
#30055933506
0"
#30055959546
1!
#30055959546
1"
#30055976906
0!
#30055976906
0"
#30056011626
1!
#30056011626
1"
#30056020306
0!
#30056020306
0"
#30056098426
1!
#30056098426
1"
#30056107106
0!
#30056107106
0"
#30056185226
1!
#30056185226
1"
#30056193906
0!
#30056193906
0"
#30056272026
1!
#30056272026
1"
#30056280706
0!
#30056280706
0"
#30056332786
1!
#30056332786
1"
#30056350146
0!
#30056350146
0"
#30056358826
1!
#30056358826
1"
#30056367506
0!
#30056367506
0"
#30056376186
1!
#30056376186
1"
#30056393546
0!
#30056393546
0"
#30056402226
1!
#30056402226
1"
#30056419586
0!
#30056419586
0"
#30056428266
1!
#30056428266
1"
#30056454306
0!
#30056454306
0"
#30056471666
1!
#30056471666
1"
#30056497706
0!
#30056497706
0"
#30056515066
1!
#30056515066
1"
#30056541106
0!
#30056541106
0"
#30056549786
1!
#30056549786
1"
#30056601866
0!
#30056601866
0"
#30056619226
1!
#30056619226
1"
#30056627906
0!
#30056627906
0"
#30056653946
1!
#30056653946
1"
#30056662626
0!
#30056662626
0"
#30056706026
1!
#30056706026
1"
#30056714706
0!
#30056714706
0"
#30056792826
1!
#30056792826
1"
#30056801506
0!
#30056801506
0"
#30056879626
1!
#30056879626
1"
#30056888306
0!
#30056888306
0"
#30056966426
1!
#30056966426
1"
#30056975106
0!
#30056975106
0"
#30056983786
1!
#30056983786
1"
#30056992466
0!
#30056992466
0"
#30057001146
1!
#30057001146
1"
#30057009826
0!
#30057009826
0"
#30057018506
1!
#30057018506
1"
#30057044546
0!
#30057044546
0"
#30057053226
1!
#30057053226
1"
#30057061906
0!
#30057061906
0"
#30057079266
1!
#30057079266
1"
#30057113986
0!
#30057113986
0"
#30057122666
1!
#30057122666
1"
#30057131346
0!
#30057131346
0"
#30057140026
1!
#30057140026
1"
#33897497156
0!
#33897497156
0"
#33897505836
1!
#33897505836
1"
#33897514516
0!
#33897514516
0"
#33897523196
1!
#33897523196
1"
#33897531876
0!
#33897531876
0"
#33897549236
1!
#33897549236
1"
#33897557916
0!
#33897557916
0"
#33897566596
1!
#33897566596
1"
#33897583956
0!
#33897583956
0"
#33897601316
1!
#33897601316
1"
#33897609996
0!
#33897609996
0"
#33897618676
1!
#33897618676
1"
#33897636036
0!
#33897636036
0"
#33897644716
1!
#33897644716
1"
#33897653396
0!
#33897653396
0"
#33897662076
1!
#33897662076
1"
#33897670756
0!
#33897670756
0"
#33897688116
1!
#33897688116
1"
#33897696796
0!
#33897696796
0"
#33897748876
1!
#33897748876
1"
#33897757556
0!
#33897757556
0"
#33897783596
1!
#33897783596
1"
#33897792276
0!
#33897792276
0"
#33897835676
1!
#33897835676
1"
#33897844356
0!
#33897844356
0"
#33897870396
1!
#33897870396
1"
#33897879076
0!
#33897879076
0"
#33897896436
1!
#33897896436
1"
#33897913796
0!
#33897913796
0"
#33897922476
1!
#33897922476
1"
#33897931156
0!
#33897931156
0"
#33898009276
1!
#33898009276
1"
#33898017956
0!
#33898017956
0"
#33898061356
1!
#33898061356
1"
#33898070036
0!
#33898070036
0"
#33898078716
1!
#33898078716
1"
#33898104756
0!
#33898104756
0"
#33898113436
1!
#33898113436
1"
#33898139476
0!
#33898139476
0"
#33898182876
1!
#33898182876
1"
#33898191556
0!
#33898191556
0"
#33898200236
1!
#33898200236
1"
#33898208916
0!
#33898208916
0"
#33898217596
1!
#33898217596
1"
#33898226276
0!
#33898226276
0"
#33898234956
1!
#33898234956
1"
#33898252316
0!
#33898252316
0"
#33898260996
1!
#33898260996
1"
#33898278356
0!
#33898278356
0"
#33898295716
1!
#33898295716
1"
#33898304396
0!
#33898304396
0"
#33898313076
1!
#33898313076
1"
#33998540219
0!
#33998540219
0"
#33998548899
1!
#33998548899
1"
#33998557579
0!
#33998557579
0"
#33998566259
1!
#33998566259
1"
#33998574939
0!
#33998574939
0"
#33998592299
1!
#33998592299
1"
#33998600979
0!
#33998600979
0"
#33998609659
1!
#33998609659
1"
#33998627019
0!
#33998627019
0"
#33998644379
1!
#33998644379
1"
#33998653059
0!
#33998653059
0"
#33998661739
1!
#33998661739
1"
#33998679099
0!
#33998679099
0"
#33998687779
1!
#33998687779
1"
#33998696459
0!
#33998696459
0"
#33998705139
1!
#33998705139
1"
#33998713819
0!
#33998713819
0"
#33998722499
1!
#33998722499
1"
#33998731179
0!
#33998731179
0"
#33998791939
1!
#33998791939
1"
#33998800619
0!
#33998800619
0"
#33998826659
1!
#33998826659
1"
#33998835339
0!
#33998835339
0"
#33998852699
1!
#33998852699
1"
#33998870059
0!
#33998870059
0"
#33998878739
1!
#33998878739
1"
#33998887419
0!
#33998887419
0"
#33998930819
1!
#33998930819
1"
#33998939499
0!
#33998939499
0"
#33998948179
1!
#33998948179
1"
#33998974219
0!
#33998974219
0"
#33998982899
1!
#33998982899
1"
#33999000259
0!
#33999000259
0"
#33999026299
1!
#33999026299
1"
#33999034979
0!
#33999034979
0"
#33999043659
1!
#33999043659
1"
#33999061019
0!
#33999061019
0"
#33999069699
1!
#33999069699
1"
#33999078379
0!
#33999078379
0"
#33999104419
1!
#33999104419
1"
#33999113099
0!
#33999113099
0"
#33999121779
1!
#33999121779
1"
#33999147819
0!
#33999147819
0"
#33999156499
1!
#33999156499
1"
#33999165179
0!
#33999165179
0"
#33999217259
1!
#33999217259
1"
#33999234619
0!
#33999234619
0"
#33999278019
1!
#33999278019
1"
#33999286699
0!
#33999286699
0"
#33999295379
1!
#33999295379
1"
#33999321419
0!
#33999321419
0"
#33999330099
1!
#33999330099
1"
#33999382179
0!
#33999382179
0"
#33999390859
1!
#33999390859
1"
#33999408219
0!
#33999408219
0"
#33999416899
1!
#33999416899
1"
#33999425579
0!
#33999425579
0"
#33999451619
1!
#33999451619
1"
#33999460299
0!
#33999460299
0"
#33999468979
1!
#33999468979
1"
#33999495019
0!
#33999495019
0"
#33999512379
1!
#33999512379
1"
#33999529739
0!
#33999529739
0"
#33999538419
1!
#33999538419
1"
#33999547099
0!
#33999547099
0"
#33999564459
1!
#33999564459
1"
#33999581819
0!
#33999581819
0"
#33999590499
1!
#33999590499
1"
#33999599179
0!
#33999599179
0"
#33999625219
1!
#33999625219
1"
#33999633899
0!
#33999633899
0"
#33999642579
1!
#33999642579
1"
#33999668619
0!
#33999668619
0"
#33999703339
1!
#33999703339
1"
#33999712019
0!
#33999712019
0"
#33999738059
1!
#33999738059
1"
#33999755419
0!
#33999755419
0"
#33999798819
1!
#33999798819
1"
#33999807499
0!
#33999807499
0"
#33999816179
1!
#33999816179
1"
#33999842219
0!
#33999842219
0"
#33999850899
1!
#33999850899
1"
#33999859579
0!
#33999859579
0"
#33999868259
1!
#33999868259
1"
#33999902979
0!
#33999902979
0"
#33999911659
1!
#33999911659
1"
#33999929019
0!
#33999929019
0"
#33999972419
1!
#33999972419
1"
#33999981099
0!
#33999981099
0"
#33999989779
1!
#33999989779
1"
#34000015819
0!
#34000015819
0"
#34000033179
1!
#34000033179
1"
#34000076579
0!
#34000076579
0"
#34000085259
1!
#34000085259
1"
#34000102619
0!
#34000102619
0"
#34000154699
1!
#34000154699
1"
#34000163379
0!
#34000163379
0"
#34000180739
1!
#34000180739
1"
#34000189419
0!
#34000189419
0"
#34000232819
1!
#34000232819
1"
#34000241499
0!
#34000241499
0"
#34000250179
1!
#34000250179
1"
#34000276219
0!
#34000276219
0"
#34000284899
1!
#34000284899
1"
#34000310939
0!
#34000310939
0"
#34000319619
1!
#34000319619
1"
#34000336979
0!
#34000336979
0"
#34000345659
1!
#34000345659
1"
#34000363019
0!
#34000363019
0"
#34000406419
1!
#34000406419
1"
#34000415099
0!
#34000415099
0"
#34000423779
1!
#34000423779
1"
#34000449819
0!
#34000449819
0"
#34000475859
1!
#34000475859
1"
#34000510579
0!
#34000510579
0"
#34000519259
1!
#34000519259
1"
#34000536619
0!
#34000536619
0"
#34000545299
1!
#34000545299
1"
#34000553979
0!
#34000553979
0"
#34000580019
1!
#34000580019
1"
#34000588699
0!
#34000588699
0"
#34000597379
1!
#34000597379
1"
#34000623419
0!
#34000623419
0"
#34000640779
1!
#34000640779
1"
#34000658139
0!
#34000658139
0"
#34000666819
1!
#34000666819
1"
#34000675499
0!
#34000675499
0"
#34000692859
1!
#34000692859
1"
#34000710219
0!
#34000710219
0"
#34000753619
1!
#34000753619
1"
#34000762299
0!
#34000762299
0"
#34000770979
1!
#34000770979
1"
#34000797019
0!
#34000797019
0"
#34000805699
1!
#34000805699
1"
#34000814379
0!
#34000814379
0"
#34000823059
1!
#34000823059
1"
#34000857779
0!
#34000857779
0"
#34000866459
1!
#34000866459
1"
#34000883819
0!
#34000883819
0"
#34000927219
1!
#34000927219
1"
#34000935899
0!
#34000935899
0"
#34000944579
1!
#34000944579
1"
#34000970619
0!
#34000970619
0"
#34000979299
1!
#34000979299
1"
#34000987979
0!
#34000987979
0"
#34000996659
1!
#34000996659
1"
#34001005339
0!
#34001005339
0"
#34001014019
1!
#34001014019
1"
#34001031379
0!
#34001031379
0"
#34001040059
1!
#34001040059
1"
#34001057419
0!
#34001057419
0"
#34001100819
1!
#34001100819
1"
#34001109499
0!
#34001109499
0"
#34001118179
1!
#34001118179
1"
#34001144219
0!
#34001144219
0"
#34001152899
1!
#34001152899
1"
#34001161579
0!
#34001161579
0"
#34001170259
1!
#34001170259
1"
#34001204979
0!
#34001204979
0"
#34001213659
1!
#34001213659
1"
#34001231019
0!
#34001231019
0"
#34001274419
1!
#34001274419
1"
#34001283099
0!
#34001283099
0"
#34001291779
1!
#34001291779
1"
#34001317819
0!
#34001317819
0"
#34001335179
1!
#34001335179
1"
#34001378579
0!
#34001378579
0"
#34001387259
1!
#34001387259
1"
#34001404619
0!
#34001404619
0"
#34001456699
1!
#34001456699
1"
#34001465379
0!
#34001465379
0"
#34001482739
1!
#34001482739
1"
#34001491419
0!
#34001491419
0"
#34001500099
1!
#34001500099
1"
#34001517459
0!
#34001517459
0"
#34001534819
1!
#34001534819
1"
#34001543499
0!
#34001543499
0"
#34001552179
1!
#34001552179
1"
#34001560859
0!
#34001560859
0"
#34001569539
1!
#34001569539
1"
#34001578219
0!
#34001578219
0"
#34001586899
1!
#34001586899
1"
#34001595579
0!
#34001595579
0"
#34001604259
1!
#34001604259
1"
#34001612939
0!
#34001612939
0"
#34001638979
1!
#34001638979
1"
#34001647659
0!
#34001647659
0"
#34001656339
1!
#34001656339
1"
#34001665019
0!
#34001665019
0"
#34001682379
1!
#34001682379
1"
#34001708419
0!
#34001708419
0"
#34001725779
1!
#34001725779
1"
#34001734459
0!
#34001734459
0"
#34001743139
1!
#34001743139
1"
#34001751819
0!
#34001751819
0"
#34001760499
1!
#34001760499
1"
#34001777859
0!
#34001777859
0"
#34001795219
1!
#34001795219
1"
#34001803899
0!
#34001803899
0"
#34001812579
1!
#34001812579
1"
#34001821259
0!
#34001821259
0"
#34001829939
1!
#34001829939
1"
#34001838619
0!
#34001838619
0"
#34001847299
1!
#34001847299
1"
#34001882019
0!
#34001882019
0"
#34001899379
1!
#34001899379
1"
#34001908059
0!
#34001908059
0"
#34001916739
1!
#34001916739
1"
#34001925419
0!
#34001925419
0"
#34001942779
1!
#34001942779
1"
#34001951459
0!
#34001951459
0"
#34001968819
1!
#34001968819
1"
#34001977499
0!
#34001977499
0"
#34001986179
1!
#34001986179
1"
#34001994859
0!
#34001994859
0"
#34002003539
1!
#34002003539
1"
#34002012219
0!
#34002012219
0"
#34002020899
1!
#34002020899
1"
#34002064299
0!
#34002064299
0"
#34002072979
1!
#34002072979
1"
#34002081659
0!
#34002081659
0"
#34002090339
1!
#34002090339
1"
#34002099019
0!
#34002099019
0"
#34002142419
1!
#34002142419
1"
#34002151099
0!
#34002151099
0"
#34002159779
1!
#34002159779
1"
#34002168459
0!
#34002168459
0"
#34002177139
1!
#34002177139
1"
#34002185819
0!
#34002185819
0"
#34002194499
1!
#34002194499
1"
#34002203179
0!
#34002203179
0"
#34002211859
1!
#34002211859
1"
#34002220539
0!
#34002220539
0"
#34002246579
1!
#34002246579
1"
#34002255259
0!
#34002255259
0"
#34002263939
1!
#34002263939
1"
#34002272619
0!
#34002272619
0"
#34002289979
1!
#34002289979
1"
#34002298659
0!
#34002298659
0"
#34002316019
1!
#34002316019
1"
#34002324699
0!
#34002324699
0"
#34002333379
1!
#34002333379
1"
#34002342059
0!
#34002342059
0"
#34002350739
1!
#34002350739
1"
#34002359419
0!
#34002359419
0"
#34002368099
1!
#34002368099
1"
#34002376779
0!
#34002376779
0"
#34002394139
1!
#34002394139
1"
#34002402819
0!
#34002402819
0"
#34002420179
1!
#34002420179
1"
#34002428859
0!
#34002428859
0"
#34002437539
1!
#34002437539
1"
#34002446219
0!
#34002446219
0"
#34002454899
1!
#34002454899
1"
#34002489619
0!
#34002489619
0"
#34002506979
1!
#34002506979
1"
#34002515659
0!
#34002515659
0"
#34002524339
1!
#34002524339
1"
#34002533019
0!
#34002533019
0"
#34002559059
1!
#34002559059
1"
#34002567739
0!
#34002567739
0"
#34002593779
1!
#34002593779
1"
#34002602459
0!
#34002602459
0"
#34002611139
1!
#34002611139
1"
#34002619819
0!
#34002619819
0"
#34002628499
1!
#34002628499
1"
#34002637179
0!
#34002637179
0"
#34002671899
1!
#34002671899
1"
#34002680579
0!
#34002680579
0"
#34002697939
1!
#34002697939
1"
#34002706619
0!
#34002706619
0"
#34002758699
1!
#34002758699
1"
#34002767379
0!
#34002767379
0"
#34002784739
1!
#34002784739
1"
#34002793419
0!
#34002793419
0"
#34002810779
1!
#34002810779
1"
#34002828139
0!
#34002828139
0"
#34002836819
1!
#34002836819
1"
#34002845499
0!
#34002845499
0"
#34002854179
1!
#34002854179
1"
#34002862859
0!
#34002862859
0"
#34002871539
1!
#34002871539
1"
#34002880219
0!
#34002880219
0"
#34002888899
1!
#34002888899
1"
#34002897579
0!
#34002897579
0"
#34002940979
1!
#34002940979
1"
#34002949659
0!
#34002949659
0"
#34002958339
1!
#34002958339
1"
#34002967019
0!
#34002967019
0"
#34002993059
1!
#34002993059
1"
#34003010419
0!
#34003010419
0"
#34003027779
1!
#34003027779
1"
#34003036459
0!
#34003036459
0"
#34003045139
1!
#34003045139
1"
#34003053819
0!
#34003053819
0"
#34003071179
1!
#34003071179
1"
#34003079859
0!
#34003079859
0"
#34003088539
1!
#34003088539
1"
#34003114579
0!
#34003114579
0"
#34003131939
1!
#34003131939
1"
#34003140619
0!
#34003140619
0"
#34003192699
1!
#34003192699
1"
#34003201379
0!
#34003201379
0"
#34003218739
1!
#34003218739
1"
#34003227419
0!
#34003227419
0"
#34003236099
1!
#34003236099
1"
#34003244779
0!
#34003244779
0"
#34003270819
1!
#34003270819
1"
#34003288179
0!
#34003288179
0"
#34003305539
1!
#34003305539
1"
#34003314219
0!
#34003314219
0"
#34003357619
1!
#34003357619
1"
#34003374979
0!
#34003374979
0"
#34003392339
1!
#34003392339
1"
#34003401019
0!
#34003401019
0"
#34003444419
1!
#34003444419
1"
#34003461779
0!
#34003461779
0"
#34003479139
1!
#34003479139
1"
#34003487819
0!
#34003487819
0"
#34003505179
1!
#34003505179
1"
#34003513859
0!
#34003513859
0"
#34003522539
1!
#34003522539
1"
#34003531219
0!
#34003531219
0"
#34003565939
1!
#34003565939
1"
#34003574619
0!
#34003574619
0"
#34003652739
1!
#34003652739
1"
#34003661419
0!
#34003661419
0"
#34003739539
1!
#34003739539
1"
#34003748219
0!
#34003748219
0"
#34003791619
1!
#34003791619
1"
#34003808979
0!
#34003808979
0"
#34003817659
1!
#34003817659
1"
#34003835019
0!
#34003835019
0"
#34003843699
1!
#34003843699
1"
#34003861059
0!
#34003861059
0"
#34003869739
1!
#34003869739
1"
#34003887099
0!
#34003887099
0"
#34003895779
1!
#34003895779
1"
#34003921819
0!
#34003921819
0"
#34003939179
1!
#34003939179
1"
#34003965219
0!
#34003965219
0"
#34003982579
1!
#34003982579
1"
#34004008619
0!
#34004008619
0"
#34004017299
1!
#34004017299
1"
#34004069379
0!
#34004069379
0"
#34004086739
1!
#34004086739
1"
#34004095419
0!
#34004095419
0"
#34004138819
1!
#34004138819
1"
#34004147499
0!
#34004147499
0"
#34004164859
1!
#34004164859
1"
#34004182219
0!
#34004182219
0"
#34004190899
1!
#34004190899
1"
#34004208259
0!
#34004208259
0"
#34004216939
1!
#34004216939
1"
#34004234299
0!
#34004234299
0"
#34004242979
1!
#34004242979
1"
#34004269019
0!
#34004269019
0"
#34004286379
1!
#34004286379
1"
#34004312419
0!
#34004312419
0"
#34004329779
1!
#34004329779
1"
#34004355819
0!
#34004355819
0"
#34004364499
1!
#34004364499
1"
#34004416579
0!
#34004416579
0"
#34004433939
1!
#34004433939
1"
#34004442619
0!
#34004442619
0"
#34004486019
1!
#34004486019
1"
#34004494699
0!
#34004494699
0"
#34004520739
1!
#34004520739
1"
#34004529419
0!
#34004529419
0"
#34004607539
1!
#34004607539
1"
#34004616219
0!
#34004616219
0"
#34004694339
1!
#34004694339
1"
#34004703019
0!
#34004703019
0"
#34004781139
1!
#34004781139
1"
#34004789819
0!
#34004789819
0"
#34004833219
1!
#34004833219
1"
#34004841899
0!
#34004841899
0"
#34004859259
1!
#34004859259
1"
#34004876619
0!
#34004876619
0"
#34004885299
1!
#34004885299
1"
#34004902659
0!
#34004902659
0"
#34004911339
1!
#34004911339
1"
#34004928699
0!
#34004928699
0"
#34004937379
1!
#34004937379
1"
#34004963419
0!
#34004963419
0"
#34004980779
1!
#34004980779
1"
#34005006819
0!
#34005006819
0"
#34005024179
1!
#34005024179
1"
#34005050219
0!
#34005050219
0"
#34005058899
1!
#34005058899
1"
#34005110979
0!
#34005110979
0"
#34005128339
1!
#34005128339
1"
#34005137019
0!
#34005137019
0"
#34005215139
1!
#34005215139
1"
#34005223819
0!
#34005223819
0"
#34005301939
1!
#34005301939
1"
#34005310619
0!
#34005310619
0"
#34005388739
1!
#34005388739
1"
#34005397419
0!
#34005397419
0"
#34005475539
1!
#34005475539
1"
#34005484219
0!
#34005484219
0"
#34005501579
1!
#34005501579
1"
#34005518939
0!
#34005518939
0"
#34005527619
1!
#34005527619
1"
#34005553659
0!
#34005553659
0"
#34005562339
1!
#34005562339
1"
#34005571019
0!
#34005571019
0"
#34005649139
1!
#34005649139
1"
#34005657819
0!
#34005657819
0"
#34005735939
1!
#34005735939
1"
#34005744619
0!
#34005744619
0"
#34005822739
1!
#34005822739
1"
#34005831419
0!
#34005831419
0"
#34005874819
1!
#34005874819
1"
#34005892179
0!
#34005892179
0"
#34005900859
1!
#34005900859
1"
#34005918219
0!
#34005918219
0"
#34005926899
1!
#34005926899
1"
#34005944259
0!
#34005944259
0"
#34005952939
1!
#34005952939
1"
#34005970299
0!
#34005970299
0"
#34005978979
1!
#34005978979
1"
#34006005019
0!
#34006005019
0"
#34006022379
1!
#34006022379
1"
#34006048419
0!
#34006048419
0"
#34006065779
1!
#34006065779
1"
#34006091819
0!
#34006091819
0"
#34006100499
1!
#34006100499
1"
#34006152579
0!
#34006152579
0"
#34006169939
1!
#34006169939
1"
#34006178619
0!
#34006178619
0"
#34006222019
1!
#34006222019
1"
#34006230699
0!
#34006230699
0"
#34006248059
1!
#34006248059
1"
#34006265419
0!
#34006265419
0"
#34006274099
1!
#34006274099
1"
#34006291459
0!
#34006291459
0"
#34006300139
1!
#34006300139
1"
#34006317499
0!
#34006317499
0"
#34006326179
1!
#34006326179
1"
#34006352219
0!
#34006352219
0"
#34006369579
1!
#34006369579
1"
#34006395619
0!
#34006395619
0"
#34006412979
1!
#34006412979
1"
#34006439019
0!
#34006439019
0"
#34006447699
1!
#34006447699
1"
#34006499779
0!
#34006499779
0"
#34006517139
1!
#34006517139
1"
#34006525819
0!
#34006525819
0"
#34006551859
1!
#34006551859
1"
#34006569219
0!
#34006569219
0"
#34006603939
1!
#34006603939
1"
#34006612619
0!
#34006612619
0"
#34006690739
1!
#34006690739
1"
#34006699419
0!
#34006699419
0"
#34006777539
1!
#34006777539
1"
#34006786219
0!
#34006786219
0"
#34006864339
1!
#34006864339
1"
#34006873019
0!
#34006873019
0"
#34006925099
1!
#34006925099
1"
#34006942459
0!
#34006942459
0"
#34006951139
1!
#34006951139
1"
#34006959819
0!
#34006959819
0"
#34006968499
1!
#34006968499
1"
#34006985859
0!
#34006985859
0"
#34006994539
1!
#34006994539
1"
#34007011899
0!
#34007011899
0"
#34007020579
1!
#34007020579
1"
#34007046619
0!
#34007046619
0"
#34007063979
1!
#34007063979
1"
#34007090019
0!
#34007090019
0"
#34007107379
1!
#34007107379
1"
#34007133419
0!
#34007133419
0"
#34007142099
1!
#34007142099
1"
#34007194179
0!
#34007194179
0"
#34007211539
1!
#34007211539
1"
#34007220219
0!
#34007220219
0"
#34007228899
1!
#34007228899
1"
#34007246259
0!
#34007246259
0"
#34007298339
1!
#34007298339
1"
#34007307019
0!
#34007307019
0"
#34007385139
1!
#34007385139
1"
#34007393819
0!
#34007393819
0"
#34007471939
1!
#34007471939
1"
#34007480619
0!
#34007480619
0"
#34007558739
1!
#34007558739
1"
#34007567419
0!
#34007567419
0"
#34007576099
1!
#34007576099
1"
#34007602139
0!
#34007602139
0"
#34007628179
1!
#34007628179
1"
#34007636859
0!
#34007636859
0"
#34007645539
1!
#34007645539
1"
#34007654219
0!
#34007654219
0"
#34007671579
1!
#34007671579
1"
#34007680259
0!
#34007680259
0"
#34007688939
1!
#34007688939
1"
#34007741019
0!
#34007741019
0"
#34007749699
1!
#34007749699
1"
#34007758379
0!
#34007758379
0"
#34007767059
1!
#34007767059
1"
#34007775739
0!
#34007775739
0"
#34007793099
1!
#34007793099
1"
#34007801779
0!
#34007801779
0"
#34007810459
1!
#34007810459
1"
#34007827819
0!
#34007827819
0"
#34007845179
1!
#34007845179
1"
#34007853859
0!
#34007853859
0"
#34007862539
1!
#34007862539
1"
#34007879899
0!
#34007879899
0"
#34007888579
1!
#34007888579
1"
#34007897259
0!
#34007897259
0"
#34007905939
1!
#34007905939
1"
#34007914619
0!
#34007914619
0"
#34007923299
1!
#34007923299
1"
#34007931979
0!
#34007931979
0"
#34007992739
1!
#34007992739
1"
#34008001419
0!
#34008001419
0"
#34008027459
1!
#34008027459
1"
#34008036139
0!
#34008036139
0"
#34008053499
1!
#34008053499
1"
#34008070859
0!
#34008070859
0"
#34008079539
1!
#34008079539
1"
#34008088219
0!
#34008088219
0"
#34008131619
1!
#34008131619
1"
#34008140299
0!
#34008140299
0"
#34008148979
1!
#34008148979
1"
#34008175019
0!
#34008175019
0"
#34008183699
1!
#34008183699
1"
#34008201059
0!
#34008201059
0"
#34008227099
1!
#34008227099
1"
#34008235779
0!
#34008235779
0"
#34008244459
1!
#34008244459
1"
#34008261819
0!
#34008261819
0"
#34008270499
1!
#34008270499
1"
#34008279179
0!
#34008279179
0"
#34008305219
1!
#34008305219
1"
#34008313899
0!
#34008313899
0"
#34008322579
1!
#34008322579
1"
#34008348619
0!
#34008348619
0"
#34008357299
1!
#34008357299
1"
#34008365979
0!
#34008365979
0"
#34008418059
1!
#34008418059
1"
#34008435419
0!
#34008435419
0"
#34008478819
1!
#34008478819
1"
#34008487499
0!
#34008487499
0"
#34008496179
1!
#34008496179
1"
#34008522219
0!
#34008522219
0"
#34008530899
1!
#34008530899
1"
#34008582979
0!
#34008582979
0"
#34008591659
1!
#34008591659
1"
#34008609019
0!
#34008609019
0"
#34008617699
1!
#34008617699
1"
#34008626379
0!
#34008626379
0"
#34008652419
1!
#34008652419
1"
#34008661099
0!
#34008661099
0"
#34008669779
1!
#34008669779
1"
#34008695819
0!
#34008695819
0"
#34008713179
1!
#34008713179
1"
#34008730539
0!
#34008730539
0"
#34008739219
1!
#34008739219
1"
#34008747899
0!
#34008747899
0"
#34008765259
1!
#34008765259
1"
#34008782619
0!
#34008782619
0"
#34008791299
1!
#34008791299
1"
#34008799979
0!
#34008799979
0"
#34008826019
1!
#34008826019
1"
#34008834699
0!
#34008834699
0"
#34008843379
1!
#34008843379
1"
#34008869419
0!
#34008869419
0"
#34008904139
1!
#34008904139
1"
#34008912819
0!
#34008912819
0"
#34008938859
1!
#34008938859
1"
#34008956219
0!
#34008956219
0"
#34008999619
1!
#34008999619
1"
#34009008299
0!
#34009008299
0"
#34009016979
1!
#34009016979
1"
#34009043019
0!
#34009043019
0"
#34009051699
1!
#34009051699
1"
#34009060379
0!
#34009060379
0"
#34009069059
1!
#34009069059
1"
#34009103779
0!
#34009103779
0"
#34009112459
1!
#34009112459
1"
#34009129819
0!
#34009129819
0"
#34009173219
1!
#34009173219
1"
#34009181899
0!
#34009181899
0"
#34009190579
1!
#34009190579
1"
#34009216619
0!
#34009216619
0"
#34009233979
1!
#34009233979
1"
#34009277379
0!
#34009277379
0"
#34009286059
1!
#34009286059
1"
#34009303419
0!
#34009303419
0"
#34009355499
1!
#34009355499
1"
#34009364179
0!
#34009364179
0"
#34009381539
1!
#34009381539
1"
#34009390219
0!
#34009390219
0"
#34009433619
1!
#34009433619
1"
#34009442299
0!
#34009442299
0"
#34009450979
1!
#34009450979
1"
#34009477019
0!
#34009477019
0"
#34009485699
1!
#34009485699
1"
#34009511739
0!
#34009511739
0"
#34009520419
1!
#34009520419
1"
#34009537779
0!
#34009537779
0"
#34009546459
1!
#34009546459
1"
#34009563819
0!
#34009563819
0"
#34009607219
1!
#34009607219
1"
#34009615899
0!
#34009615899
0"
#34009624579
1!
#34009624579
1"
#34009650619
0!
#34009650619
0"
#34009676659
1!
#34009676659
1"
#34009711379
0!
#34009711379
0"
#34009720059
1!
#34009720059
1"
#34009737419
0!
#34009737419
0"
#34009746099
1!
#34009746099
1"
#34009754779
0!
#34009754779
0"
#34009780819
1!
#34009780819
1"
#34009789499
0!
#34009789499
0"
#34009798179
1!
#34009798179
1"
#34009824219
0!
#34009824219
0"
#34009841579
1!
#34009841579
1"
#34009858939
0!
#34009858939
0"
#34009867619
1!
#34009867619
1"
#34009876299
0!
#34009876299
0"
#34009893659
1!
#34009893659
1"
#34009911019
0!
#34009911019
0"
#34009954419
1!
#34009954419
1"
#34009963099
0!
#34009963099
0"
#34009971779
1!
#34009971779
1"
#34009997819
0!
#34009997819
0"
#34010006499
1!
#34010006499
1"
#34010015179
0!
#34010015179
0"
#34010023859
1!
#34010023859
1"
#34010058579
0!
#34010058579
0"
#34010067259
1!
#34010067259
1"
#34010084619
0!
#34010084619
0"
#34010128019
1!
#34010128019
1"
#34010136699
0!
#34010136699
0"
#34010145379
1!
#34010145379
1"
#34010171419
0!
#34010171419
0"
#34010180099
1!
#34010180099
1"
#34010188779
0!
#34010188779
0"
#34010197459
1!
#34010197459
1"
#34010206139
0!
#34010206139
0"
#34010214819
1!
#34010214819
1"
#34010232179
0!
#34010232179
0"
#34010240859
1!
#34010240859
1"
#34010258219
0!
#34010258219
0"
#34010301619
1!
#34010301619
1"
#34010310299
0!
#34010310299
0"
#34010318979
1!
#34010318979
1"
#34010345019
0!
#34010345019
0"
#34010353699
1!
#34010353699
1"
#34010362379
0!
#34010362379
0"
#34010371059
1!
#34010371059
1"
#34010405779
0!
#34010405779
0"
#34010414459
1!
#34010414459
1"
#34010431819
0!
#34010431819
0"
#34010475219
1!
#34010475219
1"
#34010483899
0!
#34010483899
0"
#34010492579
1!
#34010492579
1"
#34010518619
0!
#34010518619
0"
#34010535979
1!
#34010535979
1"
#34010579379
0!
#34010579379
0"
#34010588059
1!
#34010588059
1"
#34010605419
0!
#34010605419
0"
#34010657499
1!
#34010657499
1"
#34010666179
0!
#34010666179
0"
#34010683539
1!
#34010683539
1"
#34010692219
0!
#34010692219
0"
#34010718259
1!
#34010718259
1"
#34010726939
0!
#34010726939
0"
#34010752979
1!
#34010752979
1"
#34010761659
0!
#34010761659
0"
#34010770339
1!
#34010770339
1"
#34010779019
0!
#34010779019
0"
#34010787699
1!
#34010787699
1"
#34010796379
0!
#34010796379
0"
#34010813739
1!
#34010813739
1"
#34010822419
0!
#34010822419
0"
#34010839779
1!
#34010839779
1"
#34010848459
0!
#34010848459
0"
#34010857139
1!
#34010857139
1"
#34010865819
0!
#34010865819
0"
#34010874499
1!
#34010874499
1"
#34010891859
0!
#34010891859
0"
#34010909219
1!
#34010909219
1"
#34010917899
0!
#34010917899
0"
#34010926579
1!
#34010926579
1"
#34010935259
0!
#34010935259
0"
#34010943939
1!
#34010943939
1"
#34010952619
0!
#34010952619
0"
#34010996019
1!
#34010996019
1"
#34011004699
0!
#34011004699
0"
#34011013379
1!
#34011013379
1"
#34011022059
0!
#34011022059
0"
#34011030739
1!
#34011030739
1"
#34011039419
0!
#34011039419
0"
#34011065459
1!
#34011065459
1"
#34011082819
0!
#34011082819
0"
#34011100179
1!
#34011100179
1"
#34011108859
0!
#34011108859
0"
#34011117539
1!
#34011117539
1"
#34011126219
0!
#34011126219
0"
#34011134899
1!
#34011134899
1"
#34011143579
0!
#34011143579
0"
#34011186979
1!
#34011186979
1"
#34011195659
0!
#34011195659
0"
#34011204339
1!
#34011204339
1"
#34011213019
0!
#34011213019
0"
#34011221699
1!
#34011221699
1"
#34011230379
0!
#34011230379
0"
#34011247739
1!
#34011247739
1"
#34011265099
0!
#34011265099
0"
#34011273779
1!
#34011273779
1"
#34011282459
0!
#34011282459
0"
#34011291139
1!
#34011291139
1"
#34011299819
0!
#34011299819
0"
#34011308499
1!
#34011308499
1"
#34011351899
0!
#34011351899
0"
#34011360579
1!
#34011360579
1"
#34011369259
0!
#34011369259
0"
#34011377939
1!
#34011377939
1"
#34011386619
0!
#34011386619
0"
#34011430019
1!
#34011430019
1"
#34011438699
0!
#34011438699
0"
#34011447379
1!
#34011447379
1"
#34011456059
0!
#34011456059
0"
#34011464739
1!
#34011464739
1"
#34011473419
0!
#34011473419
0"
#34011482099
1!
#34011482099
1"
#34011490779
0!
#34011490779
0"
#34011499459
1!
#34011499459
1"
#34011508139
0!
#34011508139
0"
#34011534179
1!
#34011534179
1"
#34011542859
0!
#34011542859
0"
#34011551539
1!
#34011551539
1"
#34011560219
0!
#34011560219
0"
#34011577579
1!
#34011577579
1"
#34011586259
0!
#34011586259
0"
#34011603619
1!
#34011603619
1"
#34011612299
0!
#34011612299
0"
#34011620979
1!
#34011620979
1"
#34011629659
0!
#34011629659
0"
#34011638339
1!
#34011638339
1"
#34011647019
0!
#34011647019
0"
#34011655699
1!
#34011655699
1"
#34011664379
0!
#34011664379
0"
#34011681739
1!
#34011681739
1"
#34011690419
0!
#34011690419
0"
#34011707779
1!
#34011707779
1"
#34011716459
0!
#34011716459
0"
#34011725139
1!
#34011725139
1"
#34011733819
0!
#34011733819
0"
#34011742499
1!
#34011742499
1"
#34011777219
0!
#34011777219
0"
#34011794579
1!
#34011794579
1"
#34011803259
0!
#34011803259
0"
#34011811939
1!
#34011811939
1"
#34011820619
0!
#34011820619
0"
#34011846659
1!
#34011846659
1"
#34011855339
0!
#34011855339
0"
#34011881379
1!
#34011881379
1"
#34011890059
0!
#34011890059
0"
#34011898739
1!
#34011898739
1"
#34011907419
0!
#34011907419
0"
#34011916099
1!
#34011916099
1"
#34011924779
0!
#34011924779
0"
#34011959499
1!
#34011959499
1"
#34011968179
0!
#34011968179
0"
#34011985539
1!
#34011985539
1"
#34011994219
0!
#34011994219
0"
#34012046299
1!
#34012046299
1"
#34012054979
0!
#34012054979
0"
#34012072339
1!
#34012072339
1"
#34012081019
0!
#34012081019
0"
#34012098379
1!
#34012098379
1"
#34012115739
0!
#34012115739
0"
#34012124419
1!
#34012124419
1"
#34012133099
0!
#34012133099
0"
#34012141779
1!
#34012141779
1"
#34012150459
0!
#34012150459
0"
#34012159139
1!
#34012159139
1"
#34012167819
0!
#34012167819
0"
#34012176499
1!
#34012176499
1"
#34012185179
0!
#34012185179
0"
#34012228579
1!
#34012228579
1"
#34012237259
0!
#34012237259
0"
#34012245939
1!
#34012245939
1"
#34012254619
0!
#34012254619
0"
#34012280659
1!
#34012280659
1"
#34012298019
0!
#34012298019
0"
#34012315379
1!
#34012315379
1"
#34012324059
0!
#34012324059
0"
#34012332739
1!
#34012332739
1"
#34012341419
0!
#34012341419
0"
#34012358779
1!
#34012358779
1"
#34012367459
0!
#34012367459
0"
#34012376139
1!
#34012376139
1"
#34012402179
0!
#34012402179
0"
#34012419539
1!
#34012419539
1"
#34012428219
0!
#34012428219
0"
#34012480299
1!
#34012480299
1"
#34012488979
0!
#34012488979
0"
#34012506339
1!
#34012506339
1"
#34012515019
0!
#34012515019
0"
#34012532379
1!
#34012532379
1"
#34012541059
0!
#34012541059
0"
#34012558419
1!
#34012558419
1"
#34012575779
0!
#34012575779
0"
#34012593139
1!
#34012593139
1"
#34012601819
0!
#34012601819
0"
#34012645219
1!
#34012645219
1"
#34012662579
0!
#34012662579
0"
#34012679939
1!
#34012679939
1"
#34012688619
0!
#34012688619
0"
#34012732019
1!
#34012732019
1"
#34012749379
0!
#34012749379
0"
#34012766739
1!
#34012766739
1"
#34012775419
0!
#34012775419
0"
#34012818819
1!
#34012818819
1"
#34012836179
0!
#34012836179
0"
#34012853539
1!
#34012853539
1"
#34012862219
0!
#34012862219
0"
#34012879579
1!
#34012879579
1"
#34012888259
0!
#34012888259
0"
#34012896939
1!
#34012896939
1"
#34012905619
0!
#34012905619
0"
#34012940339
1!
#34012940339
1"
#34012949019
0!
#34012949019
0"
#34013027139
1!
#34013027139
1"
#34013035819
0!
#34013035819
0"
#34013044499
1!
#34013044499
1"
#34013061859
0!
#34013061859
0"
#34013070539
1!
#34013070539
1"
#34013087899
0!
#34013087899
0"
#34013096579
1!
#34013096579
1"
#34013122619
0!
#34013122619
0"
#34013139979
1!
#34013139979
1"
#34013166019
0!
#34013166019
0"
#34013183379
1!
#34013183379
1"
#34013209419
0!
#34013209419
0"
#34013218099
1!
#34013218099
1"
#34013270179
0!
#34013270179
0"
#34013287539
1!
#34013287539
1"
#34013296219
0!
#34013296219
0"
#34013339619
1!
#34013339619
1"
#34013348299
0!
#34013348299
0"
#34013365659
1!
#34013365659
1"
#34013383019
0!
#34013383019
0"
#34013391699
1!
#34013391699
1"
#34013409059
0!
#34013409059
0"
#34013417739
1!
#34013417739
1"
#34013435099
0!
#34013435099
0"
#34013443779
1!
#34013443779
1"
#34013469819
0!
#34013469819
0"
#34013487179
1!
#34013487179
1"
#34013513219
0!
#34013513219
0"
#34013530579
1!
#34013530579
1"
#34013556619
0!
#34013556619
0"
#34013565299
1!
#34013565299
1"
#34013617379
0!
#34013617379
0"
#34013634739
1!
#34013634739
1"
#34013643419
0!
#34013643419
0"
#34013686819
1!
#34013686819
1"
#34013695499
0!
#34013695499
0"
#34013721539
1!
#34013721539
1"
#34013730219
0!
#34013730219
0"
#34013808339
1!
#34013808339
1"
#34013817019
0!
#34013817019
0"
#34013895139
1!
#34013895139
1"
#34013903819
0!
#34013903819
0"
#34013981939
1!
#34013981939
1"
#34013990619
0!
#34013990619
0"
#34014034019
1!
#34014034019
1"
#34014042699
0!
#34014042699
0"
#34014060059
1!
#34014060059
1"
#34014077419
0!
#34014077419
0"
#34014086099
1!
#34014086099
1"
#34014103459
0!
#34014103459
0"
#34014112139
1!
#34014112139
1"
#34014129499
0!
#34014129499
0"
#34014138179
1!
#34014138179
1"
#34014164219
0!
#34014164219
0"
#34014181579
1!
#34014181579
1"
#34014207619
0!
#34014207619
0"
#34014224979
1!
#34014224979
1"
#34014251019
0!
#34014251019
0"
#34014259699
1!
#34014259699
1"
#34014311779
0!
#34014311779
0"
#34014329139
1!
#34014329139
1"
#34014337819
0!
#34014337819
0"
#34014415939
1!
#34014415939
1"
#34014424619
0!
#34014424619
0"
#34014502739
1!
#34014502739
1"
#34014511419
0!
#34014511419
0"
#34014589539
1!
#34014589539
1"
#34014598219
0!
#34014598219
0"
#34014676339
1!
#34014676339
1"
#34014685019
0!
#34014685019
0"
#34014702379
1!
#34014702379
1"
#34014719739
0!
#34014719739
0"
#34014728419
1!
#34014728419
1"
#34014754459
0!
#34014754459
0"
#34014763139
1!
#34014763139
1"
#34014771819
0!
#34014771819
0"
#34014849939
1!
#34014849939
1"
#34014858619
0!
#34014858619
0"
#34014936739
1!
#34014936739
1"
#34014945419
0!
#34014945419
0"
#34015023539
1!
#34015023539
1"
#34015032219
0!
#34015032219
0"
#34015075619
1!
#34015075619
1"
#34015092979
0!
#34015092979
0"
#34015101659
1!
#34015101659
1"
#34015119019
0!
#34015119019
0"
#34015127699
1!
#34015127699
1"
#34015145059
0!
#34015145059
0"
#34015153739
1!
#34015153739
1"
#34015171099
0!
#34015171099
0"
#34015179779
1!
#34015179779
1"
#34015205819
0!
#34015205819
0"
#34015223179
1!
#34015223179
1"
#34015249219
0!
#34015249219
0"
#34015266579
1!
#34015266579
1"
#34015292619
0!
#34015292619
0"
#34015301299
1!
#34015301299
1"
#34015353379
0!
#34015353379
0"
#34015370739
1!
#34015370739
1"
#34015379419
0!
#34015379419
0"
#34015422819
1!
#34015422819
1"
#34015431499
0!
#34015431499
0"
#34015448859
1!
#34015448859
1"
#34015466219
0!
#34015466219
0"
#34015474899
1!
#34015474899
1"
#34015492259
0!
#34015492259
0"
#34015500939
1!
#34015500939
1"
#34015518299
0!
#34015518299
0"
#34015526979
1!
#34015526979
1"
#34015553019
0!
#34015553019
0"
#34015570379
1!
#34015570379
1"
#34015596419
0!
#34015596419
0"
#34015613779
1!
#34015613779
1"
#34015639819
0!
#34015639819
0"
#34015648499
1!
#34015648499
1"
#34015700579
0!
#34015700579
0"
#34015717939
1!
#34015717939
1"
#34015726619
0!
#34015726619
0"
#34015752659
1!
#34015752659
1"
#34015770019
0!
#34015770019
0"
#34015804739
1!
#34015804739
1"
#34015813419
0!
#34015813419
0"
#34015891539
1!
#34015891539
1"
#34015900219
0!
#34015900219
0"
#34015978339
1!
#34015978339
1"
#34015987019
0!
#34015987019
0"
#34016065139
1!
#34016065139
1"
#34016073819
0!
#34016073819
0"
#34016125899
1!
#34016125899
1"
#34016143259
0!
#34016143259
0"
#34016151939
1!
#34016151939
1"
#34016160619
0!
#34016160619
0"
#34016169299
1!
#34016169299
1"
#34016186659
0!
#34016186659
0"
#34016195339
1!
#34016195339
1"
#34016212699
0!
#34016212699
0"
#34016221379
1!
#34016221379
1"
#34016247419
0!
#34016247419
0"
#34016264779
1!
#34016264779
1"
#34016290819
0!
#34016290819
0"
#34016308179
1!
#34016308179
1"
#34016334219
0!
#34016334219
0"
#34016342899
1!
#34016342899
1"
#34016394979
0!
#34016394979
0"
#34016412339
1!
#34016412339
1"
#34016421019
0!
#34016421019
0"
#34016447059
1!
#34016447059
1"
#34016455739
0!
#34016455739
0"
#34016499139
1!
#34016499139
1"
#34016507819
0!
#34016507819
0"
#34016585939
1!
#34016585939
1"
#34016594619
0!
#34016594619
0"
#34016672739
1!
#34016672739
1"
#34016681419
0!
#34016681419
0"
#34016759539
1!
#34016759539
1"
#34016768219
0!
#34016768219
0"
#34016785579
1!
#34016785579
1"
#34016794259
0!
#34016794259
0"
#34016802939
1!
#34016802939
1"
#34016811619
0!
#34016811619
0"
#34016820299
1!
#34016820299
1"
#34016828979
0!
#34016828979
0"
#34016846339
1!
#34016846339
1"
#34016855019
0!
#34016855019
0"
#34016881059
1!
#34016881059
1"
#34016907099
0!
#34016907099
0"
#34016915779
1!
#34016915779
1"
#34016924459
0!
#34016924459
0"
#34016933139
1!
#34016933139
1"
#34089040119
0!
#34089040119
0"
#34089048799
1!
#34089048799
1"
#34089057479
0!
#34089057479
0"
#34089066159
1!
#34089066159
1"
#34089074839
0!
#34089074839
0"
#34089092199
1!
#34089092199
1"
#34089100879
0!
#34089100879
0"
#34089109559
1!
#34089109559
1"
#34089126919
0!
#34089126919
0"
#34089144279
1!
#34089144279
1"
#34089152959
0!
#34089152959
0"
#34089161639
1!
#34089161639
1"
#34089178999
0!
#34089178999
0"
#34089187679
1!
#34089187679
1"
#34089196359
0!
#34089196359
0"
#34089205039
1!
#34089205039
1"
#34089213719
0!
#34089213719
0"
#34089222399
1!
#34089222399
1"
#34089231079
0!
#34089231079
0"
#34089291839
1!
#34089291839
1"
#34089300519
0!
#34089300519
0"
#34089326559
1!
#34089326559
1"
#34089335239
0!
#34089335239
0"
#34089352599
1!
#34089352599
1"
#34089369959
0!
#34089369959
0"
#34089378639
1!
#34089378639
1"
#34089387319
0!
#34089387319
0"
#34089404679
1!
#34089404679
1"
#34089413359
0!
#34089413359
0"
#34089430719
1!
#34089430719
1"
#34089439399
0!
#34089439399
0"
#34089448079
1!
#34089448079
1"
#34089456759
0!
#34089456759
0"
#34089465439
1!
#34089465439
1"
#34089474119
0!
#34089474119
0"
#34089482799
1!
#34089482799
1"
#34089491479
0!
#34089491479
0"
#34089500159
1!
#34089500159
1"
#34089508839
0!
#34089508839
0"
#34089526199
1!
#34089526199
1"
#34089543559
0!
#34089543559
0"
#34089552239
1!
#34089552239
1"
#34089560919
0!
#34089560919
0"
#34089569599
1!
#34089569599
1"
#34089586959
0!
#34089586959
0"
#34089604319
1!
#34089604319
1"
#34089630359
0!
#34089630359
0"
#34089639039
1!
#34089639039
1"
#34089647719
0!
#34089647719
0"
#34089656399
1!
#34089656399
1"
#34089665079
0!
#34089665079
0"
#34089673759
1!
#34089673759
1"
#34089682439
0!
#34089682439
0"
#34089691119
1!
#34089691119
1"
#34089717159
0!
#34089717159
0"
#34089725839
1!
#34089725839
1"
#34089734519
0!
#34089734519
0"
#34089760559
1!
#34089760559
1"
#34089777919
0!
#34089777919
0"
#34089786599
1!
#34089786599
1"
#34089803959
0!
#34089803959
0"
#34089812639
1!
#34089812639
1"
#34089821319
0!
#34089821319
0"
#34089847359
1!
#34089847359
1"
#34089856039
0!
#34089856039
0"
#34089864719
1!
#34089864719
1"
#34089890759
0!
#34089890759
0"
#34089899439
1!
#34089899439
1"
#34089908119
0!
#34089908119
0"
#34089925479
1!
#34089925479
1"
#34089934159
0!
#34089934159
0"
#34089942839
1!
#34089942839
1"
#34089968879
0!
#34089968879
0"
#34089986239
1!
#34089986239
1"
#34089994919
0!
#34089994919
0"
#34090046999
1!
#34090046999
1"
#34090055679
0!
#34090055679
0"
#34090073039
1!
#34090073039
1"
#34090081719
0!
#34090081719
0"
#34090090399
1!
#34090090399
1"
#34090116439
0!
#34090116439
0"
#34090133799
1!
#34090133799
1"
#34090151159
0!
#34090151159
0"
#34090159839
1!
#34090159839
1"
#34090168519
0!
#34090168519
0"
#34090203239
1!
#34090203239
1"
#34090237959
0!
#34090237959
0"
#34090246639
1!
#34090246639
1"
#34090255319
0!
#34090255319
0"
#34090272679
1!
#34090272679
1"
#34090281359
0!
#34090281359
0"
#34090290039
1!
#34090290039
1"
#34090316079
0!
#34090316079
0"
#34090333439
1!
#34090333439
1"
#34090342119
0!
#34090342119
0"
#34090394199
1!
#34090394199
1"
#34090402879
0!
#34090402879
0"
#34090420239
1!
#34090420239
1"
#34090428919
0!
#34090428919
0"
#34090480999
1!
#34090480999
1"
#34090489679
0!
#34090489679
0"
#34090507039
1!
#34090507039
1"
#34090515719
0!
#34090515719
0"
#34090567799
1!
#34090567799
1"
#34090576479
0!
#34090576479
0"
#34090593839
1!
#34090593839
1"
#34090602519
0!
#34090602519
0"
#34090654599
1!
#34090654599
1"
#34090663279
0!
#34090663279
0"
#34090680639
1!
#34090680639
1"
#34090689319
0!
#34090689319
0"
#34090741399
1!
#34090741399
1"
#34090750079
0!
#34090750079
0"
#34090767439
1!
#34090767439
1"
#34090776119
0!
#34090776119
0"
#34090828199
1!
#34090828199
1"
#34090836879
0!
#34090836879
0"
#34090854239
1!
#34090854239
1"
#34090862919
0!
#34090862919
0"
#34090906319
1!
#34090906319
1"
#34090923679
0!
#34090923679
0"
#34090941039
1!
#34090941039
1"
#34090949719
0!
#34090949719
0"
#34090967079
1!
#34090967079
1"
#34090993119
0!
#34090993119
0"
#34091001799
1!
#34091001799
1"
#34091010479
0!
#34091010479
0"
#34091027839
1!
#34091027839
1"
#34091036519
0!
#34091036519
0"
#34091079919
1!
#34091079919
1"
#34091097279
0!
#34091097279
0"
#34091114639
1!
#34091114639
1"
#34091123319
0!
#34091123319
0"
#34091149359
1!
#34091149359
1"
#34091166719
0!
#34091166719
0"
#34091175399
1!
#34091175399
1"
#34091184079
0!
#34091184079
0"
#34091201439
1!
#34091201439
1"
#34091210119
0!
#34091210119
0"
#34091262199
1!
#34091262199
1"
#34091270879
0!
#34091270879
0"
#34091288239
1!
#34091288239
1"
#34091296919
0!
#34091296919
0"
#34091305599
1!
#34091305599
1"
#34091331639
0!
#34091331639
0"
#34091348999
1!
#34091348999
1"
#34091366359
0!
#34091366359
0"
#34091375039
1!
#34091375039
1"
#34091383719
0!
#34091383719
0"
#34091392399
1!
#34091392399
1"
#34091401079
0!
#34091401079
0"
#34091418439
1!
#34091418439
1"
#34091453159
0!
#34091453159
0"
#34091461839
1!
#34091461839
1"
#34091470519
0!
#34091470519
0"
#34091487879
1!
#34091487879
1"
#34091496559
0!
#34091496559
0"
#34091505239
1!
#34091505239
1"
#34091531279
0!
#34091531279
0"
#34091548639
1!
#34091548639
1"
#34091557319
0!
#34091557319
0"
#34091609399
1!
#34091609399
1"
#34091618079
0!
#34091618079
0"
#34091635439
1!
#34091635439
1"
#34091644119
0!
#34091644119
0"
#34091696199
1!
#34091696199
1"
#34091704879
0!
#34091704879
0"
#34091722239
1!
#34091722239
1"
#34091730919
0!
#34091730919
0"
#34091782999
1!
#34091782999
1"
#34091791679
0!
#34091791679
0"
#34091809039
1!
#34091809039
1"
#34091817719
0!
#34091817719
0"
#34091869799
1!
#34091869799
1"
#34091878479
0!
#34091878479
0"
#34091895839
1!
#34091895839
1"
#34091904519
0!
#34091904519
0"
#34091956599
1!
#34091956599
1"
#34091965279
0!
#34091965279
0"
#34091982639
1!
#34091982639
1"
#34091991319
0!
#34091991319
0"
#34092043399
1!
#34092043399
1"
#34092052079
0!
#34092052079
0"
#34092069439
1!
#34092069439
1"
#34092078119
0!
#34092078119
0"
#34092121519
1!
#34092121519
1"
#34092138879
0!
#34092138879
0"
#34092156239
1!
#34092156239
1"
#34092164919
0!
#34092164919
0"
#34092182279
1!
#34092182279
1"
#34092208319
0!
#34092208319
0"
#34092216999
1!
#34092216999
1"
#34092225679
0!
#34092225679
0"
#34092243039
1!
#34092243039
1"
#34092251719
0!
#34092251719
0"
#34092295119
1!
#34092295119
1"
#34092312479
0!
#34092312479
0"
#34092329839
1!
#34092329839
1"
#34092338519
0!
#34092338519
0"
#34092364559
1!
#34092364559
1"
#34092381919
0!
#34092381919
0"
#34092390599
1!
#34092390599
1"
#34092399279
0!
#34092399279
0"
#34092416639
1!
#34092416639
1"
#34092425319
0!
#34092425319
0"
#34092477399
1!
#34092477399
1"
#34092486079
0!
#34092486079
0"
#34092503439
1!
#34092503439
1"
#34092512119
0!
#34092512119
0"
#34092520799
1!
#34092520799
1"
#34092546839
0!
#34092546839
0"
#34092564199
1!
#34092564199
1"
#34092581559
0!
#34092581559
0"
#34092590239
1!
#34092590239
1"
#34092598919
0!
#34092598919
0"
#34092616279
1!
#34092616279
1"
#34092624959
0!
#34092624959
0"
#34092633639
1!
#34092633639
1"
#34092668359
0!
#34092668359
0"
#34092677039
1!
#34092677039
1"
#34092685719
0!
#34092685719
0"
#34092703079
1!
#34092703079
1"
#34092711759
0!
#34092711759
0"
#34092720439
1!
#34092720439
1"
#34092746479
0!
#34092746479
0"
#34092763839
1!
#34092763839
1"
#34092772519
0!
#34092772519
0"
#34092824599
1!
#34092824599
1"
#34092833279
0!
#34092833279
0"
#34092850639
1!
#34092850639
1"
#34092859319
0!
#34092859319
0"
#34092911399
1!
#34092911399
1"
#34092920079
0!
#34092920079
0"
#34092937439
1!
#34092937439
1"
#34092946119
0!
#34092946119
0"
#34092998199
1!
#34092998199
1"
#34093006879
0!
#34093006879
0"
#34093024239
1!
#34093024239
1"
#34093032919
0!
#34093032919
0"
#34093084999
1!
#34093084999
1"
#34093093679
0!
#34093093679
0"
#34093111039
1!
#34093111039
1"
#34093119719
0!
#34093119719
0"
#34093171799
1!
#34093171799
1"
#34093180479
0!
#34093180479
0"
#34093197839
1!
#34093197839
1"
#34093206519
0!
#34093206519
0"
#34093258599
1!
#34093258599
1"
#34093267279
0!
#34093267279
0"
#34093284639
1!
#34093284639
1"
#34093293319
0!
#34093293319
0"
#34093336719
1!
#34093336719
1"
#34093354079
0!
#34093354079
0"
#34093371439
1!
#34093371439
1"
#34093380119
0!
#34093380119
0"
#34093397479
1!
#34093397479
1"
#34093423519
0!
#34093423519
0"
#34093432199
1!
#34093432199
1"
#34093440879
0!
#34093440879
0"
#34093458239
1!
#34093458239
1"
#34093466919
0!
#34093466919
0"
#34093510319
1!
#34093510319
1"
#34093527679
0!
#34093527679
0"
#34093545039
1!
#34093545039
1"
#34093553719
0!
#34093553719
0"
#34093579759
1!
#34093579759
1"
#34093597119
0!
#34093597119
0"
#34093605799
1!
#34093605799
1"
#34093614479
0!
#34093614479
0"
#34093631839
1!
#34093631839
1"
#34093640519
0!
#34093640519
0"
#34093692599
1!
#34093692599
1"
#34093701279
0!
#34093701279
0"
#34093718639
1!
#34093718639
1"
#34093727319
0!
#34093727319
0"
#34093753359
1!
#34093753359
1"
#34093762039
0!
#34093762039
0"
#34093779399
1!
#34093779399
1"
#34093796759
0!
#34093796759
0"
#34093805439
1!
#34093805439
1"
#34093814119
0!
#34093814119
0"
#34093822799
1!
#34093822799
1"
#34093831479
0!
#34093831479
0"
#34093848839
1!
#34093848839
1"
#34093857519
0!
#34093857519
0"
#34093866199
1!
#34093866199
1"
#34093883559
0!
#34093883559
0"
#34093892239
1!
#34093892239
1"
#34093900919
0!
#34093900919
0"
#34093909599
1!
#34093909599
1"
#34093926959
0!
#34093926959
0"
#34093944319
1!
#34093944319
1"
#34093970359
0!
#34093970359
0"
#34093979039
1!
#34093979039
1"
#34093987719
0!
#34093987719
0"
#34094031119
1!
#34094031119
1"
#34094057159
0!
#34094057159
0"
#34094065839
1!
#34094065839
1"
#34094074519
0!
#34094074519
0"
#34094100559
1!
#34094100559
1"
#34094117919
0!
#34094117919
0"
#34094126599
1!
#34094126599
1"
#34094143959
0!
#34094143959
0"
#34094152639
1!
#34094152639
1"
#34094161319
0!
#34094161319
0"
#34094169999
1!
#34094169999
1"
#34094178679
0!
#34094178679
0"
#34094213399
1!
#34094213399
1"
#34094230759
0!
#34094230759
0"
#34094239439
1!
#34094239439
1"
#34094248119
0!
#34094248119
0"
#34094256799
1!
#34094256799
1"
#34094265479
0!
#34094265479
0"
#34094282839
1!
#34094282839
1"
#34094317559
0!
#34094317559
0"
#34094326239
1!
#34094326239
1"
#34094334919
0!
#34094334919
0"
#34094386999
1!
#34094386999
1"
#34094395679
0!
#34094395679
0"
#34094413039
1!
#34094413039
1"
#34094421719
0!
#34094421719
0"
#34094447759
1!
#34094447759
1"
#34094456439
0!
#34094456439
0"
#34094465119
1!
#34094465119
1"
#34094491159
0!
#34094491159
0"
#34094499839
1!
#34094499839
1"
#34094508519
0!
#34094508519
0"
#34094517199
1!
#34094517199
1"
#34094525879
0!
#34094525879
0"
#34094543239
1!
#34094543239
1"
#34094551919
0!
#34094551919
0"
#34094560599
1!
#34094560599
1"
#34094577959
0!
#34094577959
0"
#34094586639
1!
#34094586639
1"
#34094595319
0!
#34094595319
0"
#34094603999
1!
#34094603999
1"
#34094612679
0!
#34094612679
0"
#34094621359
1!
#34094621359
1"
#34094638719
0!
#34094638719
0"
#34094647399
1!
#34094647399
1"
#34094664759
0!
#34094664759
0"
#34094673439
1!
#34094673439
1"
#34094682119
0!
#34094682119
0"
#34094690799
1!
#34094690799
1"
#34094699479
0!
#34094699479
0"
#34094708159
1!
#34094708159
1"
#34094716839
0!
#34094716839
0"
#34094734199
1!
#34094734199
1"
#34094751559
0!
#34094751559
0"
#34094760239
1!
#34094760239
1"
#34094768919
0!
#34094768919
0"
#34094786279
1!
#34094786279
1"
#34094794959
0!
#34094794959
0"
#34094803639
1!
#34094803639
1"
#34094829679
0!
#34094829679
0"
#34094847039
1!
#34094847039
1"
#34094855719
0!
#34094855719
0"
#34094907799
1!
#34094907799
1"
#34094916479
0!
#34094916479
0"
#34094933839
1!
#34094933839
1"
#34094942519
0!
#34094942519
0"
#34094959879
1!
#34094959879
1"
#34094968559
0!
#34094968559
0"
#34094985919
1!
#34094985919
1"
#34095003279
0!
#34095003279
0"
#34095020639
1!
#34095020639
1"
#34095029319
0!
#34095029319
0"
#34095072719
1!
#34095072719
1"
#34095090079
0!
#34095090079
0"
#34095107439
1!
#34095107439
1"
#34095116119
0!
#34095116119
0"
#34095159519
1!
#34095159519
1"
#34095176879
0!
#34095176879
0"
#34095194239
1!
#34095194239
1"
#34095202919
0!
#34095202919
0"
#34095246319
1!
#34095246319
1"
#34095263679
0!
#34095263679
0"
#34095281039
1!
#34095281039
1"
#34095289719
0!
#34095289719
0"
#34095315759
1!
#34095315759
1"
#34095333119
0!
#34095333119
0"
#34095341799
1!
#34095341799
1"
#34095350479
0!
#34095350479
0"
#34095367839
1!
#34095367839
1"
#34095376519
0!
#34095376519
0"
#34095428599
1!
#34095428599
1"
#34095437279
0!
#34095437279
0"
#34095454639
1!
#34095454639
1"
#34095463319
0!
#34095463319
0"
#34095471999
1!
#34095471999
1"
#34095489359
0!
#34095489359
0"
#34095506719
1!
#34095506719
1"
#34095532759
0!
#34095532759
0"
#34095541439
1!
#34095541439
1"
#34095550119
0!
#34095550119
0"
#34095558799
1!
#34095558799
1"
#34095567479
0!
#34095567479
0"
#34095576159
1!
#34095576159
1"
#34095584839
0!
#34095584839
0"
#34095602199
1!
#34095602199
1"
#34095619559
0!
#34095619559
0"
#34095628239
1!
#34095628239
1"
#34095636919
0!
#34095636919
0"
#34095654279
1!
#34095654279
1"
#34095680319
0!
#34095680319
0"
#34095688999
1!
#34095688999
1"
#34095706359
0!
#34095706359
0"
#34095715039
1!
#34095715039
1"
#34095723719
0!
#34095723719
0"
#34095732399
1!
#34095732399
1"
#34095749759
0!
#34095749759
0"
#34095767119
1!
#34095767119
1"
#34095793159
0!
#34095793159
0"
#34095801839
1!
#34095801839
1"
#34095810519
0!
#34095810519
0"
#34095819199
1!
#34095819199
1"
#34095853919
0!
#34095853919
0"
#34095862599
1!
#34095862599
1"
#34095879959
0!
#34095879959
0"
#34095888639
1!
#34095888639
1"
#34095897319
0!
#34095897319
0"
#34095914679
1!
#34095914679
1"
#34095923359
0!
#34095923359
0"
#34095940719
1!
#34095940719
1"
#34095966759
0!
#34095966759
0"
#34095975439
1!
#34095975439
1"
#34095984119
0!
#34095984119
0"
#34096036199
1!
#34096036199
1"
#34096044879
0!
#34096044879
0"
#34096062239
1!
#34096062239
1"
#34096070919
0!
#34096070919
0"
#34096096959
1!
#34096096959
1"
#34096105639
0!
#34096105639
0"
#34096114319
1!
#34096114319
1"
#34096140359
0!
#34096140359
0"
#34096149039
1!
#34096149039
1"
#34096157719
0!
#34096157719
0"
#34096166399
1!
#34096166399
1"
#34096175079
0!
#34096175079
0"
#34096192439
1!
#34096192439
1"
#34096201119
0!
#34096201119
0"
#34096209799
1!
#34096209799
1"
#34096227159
0!
#34096227159
0"
#34096235839
1!
#34096235839
1"
#34096244519
0!
#34096244519
0"
#34096253199
1!
#34096253199
1"
#34096261879
0!
#34096261879
0"
#34096270559
1!
#34096270559
1"
#34096287919
0!
#34096287919
0"
#34096296599
1!
#34096296599
1"
#34096313959
0!
#34096313959
0"
#34096322639
1!
#34096322639
1"
#34096331319
0!
#34096331319
0"
#34096339999
1!
#34096339999
1"
#34096348679
0!
#34096348679
0"
#34096357359
1!
#34096357359
1"
#34096366039
0!
#34096366039
0"
#34096383399
1!
#34096383399
1"
#34096400759
0!
#34096400759
0"
#34096409439
1!
#34096409439
1"
#34096418119
0!
#34096418119
0"
#34096435479
1!
#34096435479
1"
#34096444159
0!
#34096444159
0"
#34096452839
1!
#34096452839
1"
#34096478879
0!
#34096478879
0"
#34096496239
1!
#34096496239
1"
#34096504919
0!
#34096504919
0"
#34096556999
1!
#34096556999
1"
#34096565679
0!
#34096565679
0"
#34096583039
1!
#34096583039
1"
#34096591719
0!
#34096591719
0"
#34096600399
1!
#34096600399
1"
#34096609079
0!
#34096609079
0"
#34096635119
1!
#34096635119
1"
#34096652479
0!
#34096652479
0"
#34096669839
1!
#34096669839
1"
#34096678519
0!
#34096678519
0"
#34096721919
1!
#34096721919
1"
#34096739279
0!
#34096739279
0"
#34096756639
1!
#34096756639
1"
#34096765319
0!
#34096765319
0"
#34096808719
1!
#34096808719
1"
#34096826079
0!
#34096826079
0"
#34096843439
1!
#34096843439
1"
#34096852119
0!
#34096852119
0"
#34096869479
1!
#34096869479
1"
#34096878159
0!
#34096878159
0"
#34096886839
1!
#34096886839
1"
#34096895519
0!
#34096895519
0"
#34096930239
1!
#34096930239
1"
#34096938919
0!
#34096938919
0"
#34097017039
1!
#34097017039
1"
#34097025719
0!
#34097025719
0"
#34097060439
1!
#34097060439
1"
#34097069119
0!
#34097069119
0"
#34097103839
1!
#34097103839
1"
#34097112519
0!
#34097112519
0"
#34097190639
1!
#34097190639
1"
#34097199319
0!
#34097199319
0"
#34097277439
1!
#34097277439
1"
#34097286119
0!
#34097286119
0"
#34097364239
1!
#34097364239
1"
#34097372919
0!
#34097372919
0"
#34097424999
1!
#34097424999
1"
#34097442359
0!
#34097442359
0"
#34097451039
1!
#34097451039
1"
#34097459719
0!
#34097459719
0"
#34097477079
1!
#34097477079
1"
#34097503119
0!
#34097503119
0"
#34097520479
1!
#34097520479
1"
#34097546519
0!
#34097546519
0"
#34097563879
1!
#34097563879
1"
#34097589919
0!
#34097589919
0"
#34097607279
1!
#34097607279
1"
#34097633319
0!
#34097633319
0"
#34097641999
1!
#34097641999
1"
#34097694079
0!
#34097694079
0"
#34097711439
1!
#34097711439
1"
#34097720119
0!
#34097720119
0"
#34097728799
1!
#34097728799
1"
#34097746159
0!
#34097746159
0"
#34097798239
1!
#34097798239
1"
#34097806919
0!
#34097806919
0"
#34097885039
1!
#34097885039
1"
#34097893719
0!
#34097893719
0"
#34097971839
1!
#34097971839
1"
#34097980519
0!
#34097980519
0"
#34098058639
1!
#34098058639
1"
#34098067319
0!
#34098067319
0"
#34098075999
1!
#34098075999
1"
#34098084679
0!
#34098084679
0"
#34098128079
1!
#34098128079
1"
#34098136759
0!
#34098136759
0"
#34098145439
1!
#34098145439
1"
#34098154119
0!
#34098154119
0"
#34098162799
1!
#34098162799
1"
#34098171479
0!
#34098171479
0"
#34098197519
1!
#34098197519
1"
#34098206199
0!
#34098206199
0"
#34098214879
1!
#34098214879
1"
#36609040119
0!
#36609040119
0"
#36609048799
1!
#36609048799
1"
#36609057479
0!
#36609057479
0"
#36609066159
1!
#36609066159
1"
#36609074839
0!
#36609074839
0"
#36609092199
1!
#36609092199
1"
#36609100879
0!
#36609100879
0"
#36609109559
1!
#36609109559
1"
#36609126919
0!
#36609126919
0"
#36609144279
1!
#36609144279
1"
#36609152959
0!
#36609152959
0"
#36609161639
1!
#36609161639
1"
#36609178999
0!
#36609178999
0"
#36609187679
1!
#36609187679
1"
#36609196359
0!
#36609196359
0"
#36609205039
1!
#36609205039
1"
#36609213719
0!
#36609213719
0"
#36609222399
1!
#36609222399
1"
#36609231079
0!
#36609231079
0"
#36609291839
1!
#36609291839
1"
#36609300519
0!
#36609300519
0"
#36609326559
1!
#36609326559
1"
#36609335239
0!
#36609335239
0"
#36609352599
1!
#36609352599
1"
#36609369959
0!
#36609369959
0"
#36609378639
1!
#36609378639
1"
#36609387319
0!
#36609387319
0"
#36609404679
1!
#36609404679
1"
#36609413359
0!
#36609413359
0"
#36609430719
1!
#36609430719
1"
#36609439399
0!
#36609439399
0"
#36609448079
1!
#36609448079
1"
#36609456759
0!
#36609456759
0"
#36609465439
1!
#36609465439
1"
#36609474119
0!
#36609474119
0"
#36609482799
1!
#36609482799
1"
#36609491479
0!
#36609491479
0"
#36609500159
1!
#36609500159
1"
#36609508839
0!
#36609508839
0"
#36609526199
1!
#36609526199
1"
#36609543559
0!
#36609543559
0"
#36609552239
1!
#36609552239
1"
#36609560919
0!
#36609560919
0"
#36609569599
1!
#36609569599
1"
#36609586959
0!
#36609586959
0"
#36609604319
1!
#36609604319
1"
#36609630359
0!
#36609630359
0"
#36609639039
1!
#36609639039
1"
#36609647719
0!
#36609647719
0"
#36609656399
1!
#36609656399
1"
#36609665079
0!
#36609665079
0"
#36609673759
1!
#36609673759
1"
#36609682439
0!
#36609682439
0"
#36609691119
1!
#36609691119
1"
#36609717159
0!
#36609717159
0"
#36609725839
1!
#36609725839
1"
#36609734519
0!
#36609734519
0"
#36609760559
1!
#36609760559
1"
#36609777919
0!
#36609777919
0"
#36609786599
1!
#36609786599
1"
#36609803959
0!
#36609803959
0"
#36609812639
1!
#36609812639
1"
#36609821319
0!
#36609821319
0"
#36609847359
1!
#36609847359
1"
#36609856039
0!
#36609856039
0"
#36609864719
1!
#36609864719
1"
#36609890759
0!
#36609890759
0"
#36609899439
1!
#36609899439
1"
#36609908119
0!
#36609908119
0"
#36609925479
1!
#36609925479
1"
#36609934159
0!
#36609934159
0"
#36609942839
1!
#36609942839
1"
#36609968879
0!
#36609968879
0"
#36609986239
1!
#36609986239
1"
#36609994919
0!
#36609994919
0"
#36610046999
1!
#36610046999
1"
#36610055679
0!
#36610055679
0"
#36610073039
1!
#36610073039
1"
#36610081719
0!
#36610081719
0"
#36610090399
1!
#36610090399
1"
#36610116439
0!
#36610116439
0"
#36610133799
1!
#36610133799
1"
#36610151159
0!
#36610151159
0"
#36610159839
1!
#36610159839
1"
#36610168519
0!
#36610168519
0"
#36610203239
1!
#36610203239
1"
#36610237959
0!
#36610237959
0"
#36610246639
1!
#36610246639
1"
#36610255319
0!
#36610255319
0"
#36610272679
1!
#36610272679
1"
#36610281359
0!
#36610281359
0"
#36610290039
1!
#36610290039
1"
#36610316079
0!
#36610316079
0"
#36610333439
1!
#36610333439
1"
#36610342119
0!
#36610342119
0"
#36610394199
1!
#36610394199
1"
#36610402879
0!
#36610402879
0"
#36610420239
1!
#36610420239
1"
#36610428919
0!
#36610428919
0"
#36610480999
1!
#36610480999
1"
#36610489679
0!
#36610489679
0"
#36610507039
1!
#36610507039
1"
#36610515719
0!
#36610515719
0"
#36610567799
1!
#36610567799
1"
#36610576479
0!
#36610576479
0"
#36610593839
1!
#36610593839
1"
#36610602519
0!
#36610602519
0"
#36610654599
1!
#36610654599
1"
#36610663279
0!
#36610663279
0"
#36610680639
1!
#36610680639
1"
#36610689319
0!
#36610689319
0"
#36610741399
1!
#36610741399
1"
#36610750079
0!
#36610750079
0"
#36610767439
1!
#36610767439
1"
#36610776119
0!
#36610776119
0"
#36610828199
1!
#36610828199
1"
#36610836879
0!
#36610836879
0"
#36610854239
1!
#36610854239
1"
#36610862919
0!
#36610862919
0"
#36610906319
1!
#36610906319
1"
#36610923679
0!
#36610923679
0"
#36610941039
1!
#36610941039
1"
#36610949719
0!
#36610949719
0"
#36610967079
1!
#36610967079
1"
#36610993119
0!
#36610993119
0"
#36611001799
1!
#36611001799
1"
#36611010479
0!
#36611010479
0"
#36611027839
1!
#36611027839
1"
#36611036519
0!
#36611036519
0"
#36611079919
1!
#36611079919
1"
#36611097279
0!
#36611097279
0"
#36611114639
1!
#36611114639
1"
#36611123319
0!
#36611123319
0"
#36611149359
1!
#36611149359
1"
#36611166719
0!
#36611166719
0"
#36611175399
1!
#36611175399
1"
#36611184079
0!
#36611184079
0"
#36611201439
1!
#36611201439
1"
#36611210119
0!
#36611210119
0"
#36611262199
1!
#36611262199
1"
#36611270879
0!
#36611270879
0"
#36611288239
1!
#36611288239
1"
#36611296919
0!
#36611296919
0"
#36611305599
1!
#36611305599
1"
#36611331639
0!
#36611331639
0"
#36611348999
1!
#36611348999
1"
#36611366359
0!
#36611366359
0"
#36611375039
1!
#36611375039
1"
#36611383719
0!
#36611383719
0"
#36611392399
1!
#36611392399
1"
#36611401079
0!
#36611401079
0"
#36611418439
1!
#36611418439
1"
#36611453159
0!
#36611453159
0"
#36611461839
1!
#36611461839
1"
#36611470519
0!
#36611470519
0"
#36611487879
1!
#36611487879
1"
#36611496559
0!
#36611496559
0"
#36611505239
1!
#36611505239
1"
#36611531279
0!
#36611531279
0"
#36611548639
1!
#36611548639
1"
#36611557319
0!
#36611557319
0"
#36611609399
1!
#36611609399
1"
#36611618079
0!
#36611618079
0"
#36611635439
1!
#36611635439
1"
#36611644119
0!
#36611644119
0"
#36611696199
1!
#36611696199
1"
#36611704879
0!
#36611704879
0"
#36611722239
1!
#36611722239
1"
#36611730919
0!
#36611730919
0"
#36611782999
1!
#36611782999
1"
#36611791679
0!
#36611791679
0"
#36611809039
1!
#36611809039
1"
#36611817719
0!
#36611817719
0"
#36611869799
1!
#36611869799
1"
#36611878479
0!
#36611878479
0"
#36611895839
1!
#36611895839
1"
#36611904519
0!
#36611904519
0"
#36611956599
1!
#36611956599
1"
#36611965279
0!
#36611965279
0"
#36611982639
1!
#36611982639
1"
#36611991319
0!
#36611991319
0"
#36612043399
1!
#36612043399
1"
#36612052079
0!
#36612052079
0"
#36612069439
1!
#36612069439
1"
#36612078119
0!
#36612078119
0"
#36612121519
1!
#36612121519
1"
#36612138879
0!
#36612138879
0"
#36612156239
1!
#36612156239
1"
#36612164919
0!
#36612164919
0"
#36612182279
1!
#36612182279
1"
#36612208319
0!
#36612208319
0"
#36612216999
1!
#36612216999
1"
#36612225679
0!
#36612225679
0"
#36612243039
1!
#36612243039
1"
#36612251719
0!
#36612251719
0"
#36612295119
1!
#36612295119
1"
#36612312479
0!
#36612312479
0"
#36612329839
1!
#36612329839
1"
#36612338519
0!
#36612338519
0"
#36612364559
1!
#36612364559
1"
#36612381919
0!
#36612381919
0"
#36612390599
1!
#36612390599
1"
#36612399279
0!
#36612399279
0"
#36612416639
1!
#36612416639
1"
#36612425319
0!
#36612425319
0"
#36612477399
1!
#36612477399
1"
#36612486079
0!
#36612486079
0"
#36612503439
1!
#36612503439
1"
#36612512119
0!
#36612512119
0"
#36612520799
1!
#36612520799
1"
#36612546839
0!
#36612546839
0"
#36612564199
1!
#36612564199
1"
#36612581559
0!
#36612581559
0"
#36612590239
1!
#36612590239
1"
#36612598919
0!
#36612598919
0"
#36612616279
1!
#36612616279
1"
#36612624959
0!
#36612624959
0"
#36612633639
1!
#36612633639
1"
#36612668359
0!
#36612668359
0"
#36612677039
1!
#36612677039
1"
#36612685719
0!
#36612685719
0"
#36612703079
1!
#36612703079
1"
#36612711759
0!
#36612711759
0"
#36612720439
1!
#36612720439
1"
#36612746479
0!
#36612746479
0"
#36612763839
1!
#36612763839
1"
#36612772519
0!
#36612772519
0"
#36612824599
1!
#36612824599
1"
#36612833279
0!
#36612833279
0"
#36612850639
1!
#36612850639
1"
#36612859319
0!
#36612859319
0"
#36612911399
1!
#36612911399
1"
#36612920079
0!
#36612920079
0"
#36612937439
1!
#36612937439
1"
#36612946119
0!
#36612946119
0"
#36612998199
1!
#36612998199
1"
#36613006879
0!
#36613006879
0"
#36613024239
1!
#36613024239
1"
#36613032919
0!
#36613032919
0"
#36613084999
1!
#36613084999
1"
#36613093679
0!
#36613093679
0"
#36613111039
1!
#36613111039
1"
#36613119719
0!
#36613119719
0"
#36613171799
1!
#36613171799
1"
#36613180479
0!
#36613180479
0"
#36613197839
1!
#36613197839
1"
#36613206519
0!
#36613206519
0"
#36613258599
1!
#36613258599
1"
#36613267279
0!
#36613267279
0"
#36613284639
1!
#36613284639
1"
#36613293319
0!
#36613293319
0"
#36613336719
1!
#36613336719
1"
#36613354079
0!
#36613354079
0"
#36613371439
1!
#36613371439
1"
#36613380119
0!
#36613380119
0"
#36613397479
1!
#36613397479
1"
#36613423519
0!
#36613423519
0"
#36613432199
1!
#36613432199
1"
#36613440879
0!
#36613440879
0"
#36613458239
1!
#36613458239
1"
#36613466919
0!
#36613466919
0"
#36613510319
1!
#36613510319
1"
#36613527679
0!
#36613527679
0"
#36613545039
1!
#36613545039
1"
#36613553719
0!
#36613553719
0"
#36613579759
1!
#36613579759
1"
#36613597119
0!
#36613597119
0"
#36613605799
1!
#36613605799
1"
#36613614479
0!
#36613614479
0"
#36613631839
1!
#36613631839
1"
#36613640519
0!
#36613640519
0"
#36613692599
1!
#36613692599
1"
#36613701279
0!
#36613701279
0"
#36613718639
1!
#36613718639
1"
#36613727319
0!
#36613727319
0"
#36613753359
1!
#36613753359
1"
#36613762039
0!
#36613762039
0"
#36613779399
1!
#36613779399
1"
#36613796759
0!
#36613796759
0"
#36613805439
1!
#36613805439
1"
#36613814119
0!
#36613814119
0"
#36613822799
1!
#36613822799
1"
#36613831479
0!
#36613831479
0"
#36613848839
1!
#36613848839
1"
#36613857519
0!
#36613857519
0"
#36613866199
1!
#36613866199
1"
#36613883559
0!
#36613883559
0"
#36613892239
1!
#36613892239
1"
#36613900919
0!
#36613900919
0"
#36613909599
1!
#36613909599
1"
#36613926959
0!
#36613926959
0"
#36613944319
1!
#36613944319
1"
#36613970359
0!
#36613970359
0"
#36613979039
1!
#36613979039
1"
#36613987719
0!
#36613987719
0"
#36614031119
1!
#36614031119
1"
#36614057159
0!
#36614057159
0"
#36614065839
1!
#36614065839
1"
#36614074519
0!
#36614074519
0"
#36614100559
1!
#36614100559
1"
#36614117919
0!
#36614117919
0"
#36614126599
1!
#36614126599
1"
#36614143959
0!
#36614143959
0"
#36614152639
1!
#36614152639
1"
#36614161319
0!
#36614161319
0"
#36614169999
1!
#36614169999
1"
#36614178679
0!
#36614178679
0"
#36614213399
1!
#36614213399
1"
#36614230759
0!
#36614230759
0"
#36614239439
1!
#36614239439
1"
#36614248119
0!
#36614248119
0"
#36614256799
1!
#36614256799
1"
#36614265479
0!
#36614265479
0"
#36614282839
1!
#36614282839
1"
#36614317559
0!
#36614317559
0"
#36614326239
1!
#36614326239
1"
#36614334919
0!
#36614334919
0"
#36614386999
1!
#36614386999
1"
#36614395679
0!
#36614395679
0"
#36614413039
1!
#36614413039
1"
#36614421719
0!
#36614421719
0"
#36614447759
1!
#36614447759
1"
#36614456439
0!
#36614456439
0"
#36614465119
1!
#36614465119
1"
#36614491159
0!
#36614491159
0"
#36614499839
1!
#36614499839
1"
#36614508519
0!
#36614508519
0"
#36614517199
1!
#36614517199
1"
#36614525879
0!
#36614525879
0"
#36614543239
1!
#36614543239
1"
#36614551919
0!
#36614551919
0"
#36614560599
1!
#36614560599
1"
#36614577959
0!
#36614577959
0"
#36614586639
1!
#36614586639
1"
#36614595319
0!
#36614595319
0"
#36614603999
1!
#36614603999
1"
#36614612679
0!
#36614612679
0"
#36614621359
1!
#36614621359
1"
#36614638719
0!
#36614638719
0"
#36614647399
1!
#36614647399
1"
#36614664759
0!
#36614664759
0"
#36614673439
1!
#36614673439
1"
#36614682119
0!
#36614682119
0"
#36614690799
1!
#36614690799
1"
#36614699479
0!
#36614699479
0"
#36614708159
1!
#36614708159
1"
#36614716839
0!
#36614716839
0"
#36614734199
1!
#36614734199
1"
#36614751559
0!
#36614751559
0"
#36614760239
1!
#36614760239
1"
#36614768919
0!
#36614768919
0"
#36614786279
1!
#36614786279
1"
#36614794959
0!
#36614794959
0"
#36614803639
1!
#36614803639
1"
#36614829679
0!
#36614829679
0"
#36614847039
1!
#36614847039
1"
#36614855719
0!
#36614855719
0"
#36614907799
1!
#36614907799
1"
#36614916479
0!
#36614916479
0"
#36614933839
1!
#36614933839
1"
#36614942519
0!
#36614942519
0"
#36614959879
1!
#36614959879
1"
#36614968559
0!
#36614968559
0"
#36614985919
1!
#36614985919
1"
#36615003279
0!
#36615003279
0"
#36615020639
1!
#36615020639
1"
#36615029319
0!
#36615029319
0"
#36615072719
1!
#36615072719
1"
#36615090079
0!
#36615090079
0"
#36615107439
1!
#36615107439
1"
#36615116119
0!
#36615116119
0"
#36615159519
1!
#36615159519
1"
#36615176879
0!
#36615176879
0"
#36615194239
1!
#36615194239
1"
#36615202919
0!
#36615202919
0"
#36615246319
1!
#36615246319
1"
#36615263679
0!
#36615263679
0"
#36615281039
1!
#36615281039
1"
#36615289719
0!
#36615289719
0"
#36615315759
1!
#36615315759
1"
#36615333119
0!
#36615333119
0"
#36615341799
1!
#36615341799
1"
#36615350479
0!
#36615350479
0"
#36615367839
1!
#36615367839
1"
#36615376519
0!
#36615376519
0"
#36615428599
1!
#36615428599
1"
#36615437279
0!
#36615437279
0"
#36615454639
1!
#36615454639
1"
#36615463319
0!
#36615463319
0"
#36615471999
1!
#36615471999
1"
#36615489359
0!
#36615489359
0"
#36615506719
1!
#36615506719
1"
#36615532759
0!
#36615532759
0"
#36615541439
1!
#36615541439
1"
#36615550119
0!
#36615550119
0"
#36615558799
1!
#36615558799
1"
#36615567479
0!
#36615567479
0"
#36615576159
1!
#36615576159
1"
#36615584839
0!
#36615584839
0"
#36615602199
1!
#36615602199
1"
#36615619559
0!
#36615619559
0"
#36615628239
1!
#36615628239
1"
#36615636919
0!
#36615636919
0"
#36615654279
1!
#36615654279
1"
#36615680319
0!
#36615680319
0"
#36615688999
1!
#36615688999
1"
#36615706359
0!
#36615706359
0"
#36615715039
1!
#36615715039
1"
#36615723719
0!
#36615723719
0"
#36615732399
1!
#36615732399
1"
#36615749759
0!
#36615749759
0"
#36615767119
1!
#36615767119
1"
#36615793159
0!
#36615793159
0"
#36615801839
1!
#36615801839
1"
#36615810519
0!
#36615810519
0"
#36615819199
1!
#36615819199
1"
#36615853919
0!
#36615853919
0"
#36615862599
1!
#36615862599
1"
#36615879959
0!
#36615879959
0"
#36615888639
1!
#36615888639
1"
#36615897319
0!
#36615897319
0"
#36615914679
1!
#36615914679
1"
#36615923359
0!
#36615923359
0"
#36615940719
1!
#36615940719
1"
#36615966759
0!
#36615966759
0"
#36615975439
1!
#36615975439
1"
#36615984119
0!
#36615984119
0"
#36616036199
1!
#36616036199
1"
#36616044879
0!
#36616044879
0"
#36616062239
1!
#36616062239
1"
#36616070919
0!
#36616070919
0"
#36616096959
1!
#36616096959
1"
#36616105639
0!
#36616105639
0"
#36616114319
1!
#36616114319
1"
#36616140359
0!
#36616140359
0"
#36616149039
1!
#36616149039
1"
#36616157719
0!
#36616157719
0"
#36616166399
1!
#36616166399
1"
#36616175079
0!
#36616175079
0"
#36616192439
1!
#36616192439
1"
#36616201119
0!
#36616201119
0"
#36616209799
1!
#36616209799
1"
#36616227159
0!
#36616227159
0"
#36616235839
1!
#36616235839
1"
#36616244519
0!
#36616244519
0"
#36616253199
1!
#36616253199
1"
#36616261879
0!
#36616261879
0"
#36616270559
1!
#36616270559
1"
#36616287919
0!
#36616287919
0"
#36616296599
1!
#36616296599
1"
#36616313959
0!
#36616313959
0"
#36616322639
1!
#36616322639
1"
#36616331319
0!
#36616331319
0"
#36616339999
1!
#36616339999
1"
#36616348679
0!
#36616348679
0"
#36616357359
1!
#36616357359
1"
#36616366039
0!
#36616366039
0"
#36616383399
1!
#36616383399
1"
#36616400759
0!
#36616400759
0"
#36616409439
1!
#36616409439
1"
#36616418119
0!
#36616418119
0"
#36616435479
1!
#36616435479
1"
#36616444159
0!
#36616444159
0"
#36616452839
1!
#36616452839
1"
#36616478879
0!
#36616478879
0"
#36616496239
1!
#36616496239
1"
#36616504919
0!
#36616504919
0"
#36616556999
1!
#36616556999
1"
#36616565679
0!
#36616565679
0"
#36616583039
1!
#36616583039
1"
#36616591719
0!
#36616591719
0"
#36616600399
1!
#36616600399
1"
#36616609079
0!
#36616609079
0"
#36616635119
1!
#36616635119
1"
#36616652479
0!
#36616652479
0"
#36616669839
1!
#36616669839
1"
#36616678519
0!
#36616678519
0"
#36616721919
1!
#36616721919
1"
#36616739279
0!
#36616739279
0"
#36616756639
1!
#36616756639
1"
#36616765319
0!
#36616765319
0"
#36616808719
1!
#36616808719
1"
#36616826079
0!
#36616826079
0"
#36616843439
1!
#36616843439
1"
#36616852119
0!
#36616852119
0"
#36616869479
1!
#36616869479
1"
#36616878159
0!
#36616878159
0"
#36616886839
1!
#36616886839
1"
#36616895519
0!
#36616895519
0"
#36616930239
1!
#36616930239
1"
#36616938919
0!
#36616938919
0"
#36617017039
1!
#36617017039
1"
#36617025719
0!
#36617025719
0"
#36617060439
1!
#36617060439
1"
#36617069119
0!
#36617069119
0"
#36617103839
1!
#36617103839
1"
#36617112519
0!
#36617112519
0"
#36617190639
1!
#36617190639
1"
#36617199319
0!
#36617199319
0"
#36617277439
1!
#36617277439
1"
#36617286119
0!
#36617286119
0"
#36617364239
1!
#36617364239
1"
#36617372919
0!
#36617372919
0"
#36617424999
1!
#36617424999
1"
#36617442359
0!
#36617442359
0"
#36617451039
1!
#36617451039
1"
#36617459719
0!
#36617459719
0"
#36617477079
1!
#36617477079
1"
#36617503119
0!
#36617503119
0"
#36617520479
1!
#36617520479
1"
#36617546519
0!
#36617546519
0"
#36617563879
1!
#36617563879
1"
#36617589919
0!
#36617589919
0"
#36617607279
1!
#36617607279
1"
#36617633319
0!
#36617633319
0"
#36617641999
1!
#36617641999
1"
#36617694079
0!
#36617694079
0"
#36617711439
1!
#36617711439
1"
#36617720119
0!
#36617720119
0"
#36617728799
1!
#36617728799
1"
#36617746159
0!
#36617746159
0"
#36617798239
1!
#36617798239
1"
#36617806919
0!
#36617806919
0"
#36617885039
1!
#36617885039
1"
#36617893719
0!
#36617893719
0"
#36617971839
1!
#36617971839
1"
#36617980519
0!
#36617980519
0"
#36618058639
1!
#36618058639
1"
#36618067319
0!
#36618067319
0"
#36618075999
1!
#36618075999
1"
#36618084679
0!
#36618084679
0"
#36618128079
1!
#36618128079
1"
#36618136759
0!
#36618136759
0"
#36618145439
1!
#36618145439
1"
#36618154119
0!
#36618154119
0"
#36618162799
1!
#36618162799
1"
#36618171479
0!
#36618171479
0"
#36618197519
1!
#36618197519
1"
#36618206199
0!
#36618206199
0"
#36618214879
1!
#36618214879
1"
#39129040119
0!
#39129040119
0"
#39129048799
1!
#39129048799
1"
#39129057479
0!
#39129057479
0"
#39129066159
1!
#39129066159
1"
#39129074839
0!
#39129074839
0"
#39129092199
1!
#39129092199
1"
#39129100879
0!
#39129100879
0"
#39129109559
1!
#39129109559
1"
#39129126919
0!
#39129126919
0"
#39129144279
1!
#39129144279
1"
#39129152959
0!
#39129152959
0"
#39129161639
1!
#39129161639
1"
#39129178999
0!
#39129178999
0"
#39129187679
1!
#39129187679
1"
#39129196359
0!
#39129196359
0"
#39129205039
1!
#39129205039
1"
#39129213719
0!
#39129213719
0"
#39129222399
1!
#39129222399
1"
#39129231079
0!
#39129231079
0"
#39129291839
1!
#39129291839
1"
#39129300519
0!
#39129300519
0"
#39129326559
1!
#39129326559
1"
#39129335239
0!
#39129335239
0"
#39129352599
1!
#39129352599
1"
#39129369959
0!
#39129369959
0"
#39129378639
1!
#39129378639
1"
#39129387319
0!
#39129387319
0"
#39129404679
1!
#39129404679
1"
#39129413359
0!
#39129413359
0"
#39129430719
1!
#39129430719
1"
#39129439399
0!
#39129439399
0"
#39129448079
1!
#39129448079
1"
#39129456759
0!
#39129456759
0"
#39129465439
1!
#39129465439
1"
#39129474119
0!
#39129474119
0"
#39129482799
1!
#39129482799
1"
#39129491479
0!
#39129491479
0"
#39129500159
1!
#39129500159
1"
#39129508839
0!
#39129508839
0"
#39129526199
1!
#39129526199
1"
#39129543559
0!
#39129543559
0"
#39129552239
1!
#39129552239
1"
#39129560919
0!
#39129560919
0"
#39129569599
1!
#39129569599
1"
#39129586959
0!
#39129586959
0"
#39129604319
1!
#39129604319
1"
#39129630359
0!
#39129630359
0"
#39129639039
1!
#39129639039
1"
#39129647719
0!
#39129647719
0"
#39129656399
1!
#39129656399
1"
#39129665079
0!
#39129665079
0"
#39129673759
1!
#39129673759
1"
#39129682439
0!
#39129682439
0"
#39129691119
1!
#39129691119
1"
#39129717159
0!
#39129717159
0"
#39129725839
1!
#39129725839
1"
#39129734519
0!
#39129734519
0"
#39129760559
1!
#39129760559
1"
#39129777919
0!
#39129777919
0"
#39129786599
1!
#39129786599
1"
#39129803959
0!
#39129803959
0"
#39129812639
1!
#39129812639
1"
#39129821319
0!
#39129821319
0"
#39129847359
1!
#39129847359
1"
#39129856039
0!
#39129856039
0"
#39129864719
1!
#39129864719
1"
#39129890759
0!
#39129890759
0"
#39129899439
1!
#39129899439
1"
#39129908119
0!
#39129908119
0"
#39129925479
1!
#39129925479
1"
#39129934159
0!
#39129934159
0"
#39129942839
1!
#39129942839
1"
#39129968879
0!
#39129968879
0"
#39129986239
1!
#39129986239
1"
#39129994919
0!
#39129994919
0"
#39130046999
1!
#39130046999
1"
#39130055679
0!
#39130055679
0"
#39130073039
1!
#39130073039
1"
#39130081719
0!
#39130081719
0"
#39130090399
1!
#39130090399
1"
#39130116439
0!
#39130116439
0"
#39130133799
1!
#39130133799
1"
#39130151159
0!
#39130151159
0"
#39130159839
1!
#39130159839
1"
#39130168519
0!
#39130168519
0"
#39130203239
1!
#39130203239
1"
#39130237959
0!
#39130237959
0"
#39130246639
1!
#39130246639
1"
#39130255319
0!
#39130255319
0"
#39130272679
1!
#39130272679
1"
#39130281359
0!
#39130281359
0"
#39130290039
1!
#39130290039
1"
#39130316079
0!
#39130316079
0"
#39130333439
1!
#39130333439
1"
#39130342119
0!
#39130342119
0"
#39130394199
1!
#39130394199
1"
#39130402879
0!
#39130402879
0"
#39130420239
1!
#39130420239
1"
#39130428919
0!
#39130428919
0"
#39130480999
1!
#39130480999
1"
#39130489679
0!
#39130489679
0"
#39130507039
1!
#39130507039
1"
#39130515719
0!
#39130515719
0"
#39130567799
1!
#39130567799
1"
#39130576479
0!
#39130576479
0"
#39130593839
1!
#39130593839
1"
#39130602519
0!
#39130602519
0"
#39130654599
1!
#39130654599
1"
#39130663279
0!
#39130663279
0"
#39130680639
1!
#39130680639
1"
#39130689319
0!
#39130689319
0"
#39130741399
1!
#39130741399
1"
#39130750079
0!
#39130750079
0"
#39130767439
1!
#39130767439
1"
#39130776119
0!
#39130776119
0"
#39130828199
1!
#39130828199
1"
#39130836879
0!
#39130836879
0"
#39130854239
1!
#39130854239
1"
#39130862919
0!
#39130862919
0"
#39130906319
1!
#39130906319
1"
#39130923679
0!
#39130923679
0"
#39130941039
1!
#39130941039
1"
#39130949719
0!
#39130949719
0"
#39130967079
1!
#39130967079
1"
#39130993119
0!
#39130993119
0"
#39131001799
1!
#39131001799
1"
#39131010479
0!
#39131010479
0"
#39131027839
1!
#39131027839
1"
#39131036519
0!
#39131036519
0"
#39131079919
1!
#39131079919
1"
#39131097279
0!
#39131097279
0"
#39131114639
1!
#39131114639
1"
#39131123319
0!
#39131123319
0"
#39131149359
1!
#39131149359
1"
#39131166719
0!
#39131166719
0"
#39131175399
1!
#39131175399
1"
#39131184079
0!
#39131184079
0"
#39131201439
1!
#39131201439
1"
#39131210119
0!
#39131210119
0"
#39131262199
1!
#39131262199
1"
#39131270879
0!
#39131270879
0"
#39131288239
1!
#39131288239
1"
#39131296919
0!
#39131296919
0"
#39131305599
1!
#39131305599
1"
#39131331639
0!
#39131331639
0"
#39131348999
1!
#39131348999
1"
#39131366359
0!
#39131366359
0"
#39131375039
1!
#39131375039
1"
#39131383719
0!
#39131383719
0"
#39131392399
1!
#39131392399
1"
#39131401079
0!
#39131401079
0"
#39131418439
1!
#39131418439
1"
#39131453159
0!
#39131453159
0"
#39131461839
1!
#39131461839
1"
#39131470519
0!
#39131470519
0"
#39131487879
1!
#39131487879
1"
#39131496559
0!
#39131496559
0"
#39131505239
1!
#39131505239
1"
#39131531279
0!
#39131531279
0"
#39131548639
1!
#39131548639
1"
#39131557319
0!
#39131557319
0"
#39131609399
1!
#39131609399
1"
#39131618079
0!
#39131618079
0"
#39131635439
1!
#39131635439
1"
#39131644119
0!
#39131644119
0"
#39131696199
1!
#39131696199
1"
#39131704879
0!
#39131704879
0"
#39131722239
1!
#39131722239
1"
#39131730919
0!
#39131730919
0"
#39131782999
1!
#39131782999
1"
#39131791679
0!
#39131791679
0"
#39131809039
1!
#39131809039
1"
#39131817719
0!
#39131817719
0"
#39131869799
1!
#39131869799
1"
#39131878479
0!
#39131878479
0"
#39131895839
1!
#39131895839
1"
#39131904519
0!
#39131904519
0"
#39131956599
1!
#39131956599
1"
#39131965279
0!
#39131965279
0"
#39131982639
1!
#39131982639
1"
#39131991319
0!
#39131991319
0"
#39132043399
1!
#39132043399
1"
#39132052079
0!
#39132052079
0"
#39132069439
1!
#39132069439
1"
#39132078119
0!
#39132078119
0"
#39132121519
1!
#39132121519
1"
#39132138879
0!
#39132138879
0"
#39132156239
1!
#39132156239
1"
#39132164919
0!
#39132164919
0"
#39132182279
1!
#39132182279
1"
#39132208319
0!
#39132208319
0"
#39132216999
1!
#39132216999
1"
#39132225679
0!
#39132225679
0"
#39132243039
1!
#39132243039
1"
#39132251719
0!
#39132251719
0"
#39132295119
1!
#39132295119
1"
#39132312479
0!
#39132312479
0"
#39132329839
1!
#39132329839
1"
#39132338519
0!
#39132338519
0"
#39132364559
1!
#39132364559
1"
#39132381919
0!
#39132381919
0"
#39132390599
1!
#39132390599
1"
#39132399279
0!
#39132399279
0"
#39132416639
1!
#39132416639
1"
#39132425319
0!
#39132425319
0"
#39132477399
1!
#39132477399
1"
#39132486079
0!
#39132486079
0"
#39132503439
1!
#39132503439
1"
#39132512119
0!
#39132512119
0"
#39132520799
1!
#39132520799
1"
#39132546839
0!
#39132546839
0"
#39132564199
1!
#39132564199
1"
#39132581559
0!
#39132581559
0"
#39132590239
1!
#39132590239
1"
#39132598919
0!
#39132598919
0"
#39132616279
1!
#39132616279
1"
#39132624959
0!
#39132624959
0"
#39132633639
1!
#39132633639
1"
#39132668359
0!
#39132668359
0"
#39132677039
1!
#39132677039
1"
#39132685719
0!
#39132685719
0"
#39132703079
1!
#39132703079
1"
#39132711759
0!
#39132711759
0"
#39132720439
1!
#39132720439
1"
#39132746479
0!
#39132746479
0"
#39132763839
1!
#39132763839
1"
#39132772519
0!
#39132772519
0"
#39132824599
1!
#39132824599
1"
#39132833279
0!
#39132833279
0"
#39132850639
1!
#39132850639
1"
#39132859319
0!
#39132859319
0"
#39132911399
1!
#39132911399
1"
#39132920079
0!
#39132920079
0"
#39132937439
1!
#39132937439
1"
#39132946119
0!
#39132946119
0"
#39132998199
1!
#39132998199
1"
#39133006879
0!
#39133006879
0"
#39133024239
1!
#39133024239
1"
#39133032919
0!
#39133032919
0"
#39133084999
1!
#39133084999
1"
#39133093679
0!
#39133093679
0"
#39133111039
1!
#39133111039
1"
#39133119719
0!
#39133119719
0"
#39133171799
1!
#39133171799
1"
#39133180479
0!
#39133180479
0"
#39133197839
1!
#39133197839
1"
#39133206519
0!
#39133206519
0"
#39133258599
1!
#39133258599
1"
#39133267279
0!
#39133267279
0"
#39133284639
1!
#39133284639
1"
#39133293319
0!
#39133293319
0"
#39133336719
1!
#39133336719
1"
#39133354079
0!
#39133354079
0"
#39133371439
1!
#39133371439
1"
#39133380119
0!
#39133380119
0"
#39133397479
1!
#39133397479
1"
#39133423519
0!
#39133423519
0"
#39133432199
1!
#39133432199
1"
#39133440879
0!
#39133440879
0"
#39133458239
1!
#39133458239
1"
#39133466919
0!
#39133466919
0"
#39133510319
1!
#39133510319
1"
#39133527679
0!
#39133527679
0"
#39133545039
1!
#39133545039
1"
#39133553719
0!
#39133553719
0"
#39133579759
1!
#39133579759
1"
#39133597119
0!
#39133597119
0"
#39133605799
1!
#39133605799
1"
#39133614479
0!
#39133614479
0"
#39133631839
1!
#39133631839
1"
#39133640519
0!
#39133640519
0"
#39133692599
1!
#39133692599
1"
#39133701279
0!
#39133701279
0"
#39133718639
1!
#39133718639
1"
#39133727319
0!
#39133727319
0"
#39133753359
1!
#39133753359
1"
#39133762039
0!
#39133762039
0"
#39133779399
1!
#39133779399
1"
#39133796759
0!
#39133796759
0"
#39133805439
1!
#39133805439
1"
#39133814119
0!
#39133814119
0"
#39133822799
1!
#39133822799
1"
#39133831479
0!
#39133831479
0"
#39133848839
1!
#39133848839
1"
#39133857519
0!
#39133857519
0"
#39133866199
1!
#39133866199
1"
#39133883559
0!
#39133883559
0"
#39133892239
1!
#39133892239
1"
#39133900919
0!
#39133900919
0"
#39133909599
1!
#39133909599
1"
#39133926959
0!
#39133926959
0"
#39133944319
1!
#39133944319
1"
#39133970359
0!
#39133970359
0"
#39133979039
1!
#39133979039
1"
#39133987719
0!
#39133987719
0"
#39134031119
1!
#39134031119
1"
#39134057159
0!
#39134057159
0"
#39134065839
1!
#39134065839
1"
#39134074519
0!
#39134074519
0"
#39134100559
1!
#39134100559
1"
#39134117919
0!
#39134117919
0"
#39134126599
1!
#39134126599
1"
#39134143959
0!
#39134143959
0"
#39134152639
1!
#39134152639
1"
#39134161319
0!
#39134161319
0"
#39134169999
1!
#39134169999
1"
#39134178679
0!
#39134178679
0"
#39134213399
1!
#39134213399
1"
#39134230759
0!
#39134230759
0"
#39134239439
1!
#39134239439
1"
#39134248119
0!
#39134248119
0"
#39134256799
1!
#39134256799
1"
#39134265479
0!
#39134265479
0"
#39134282839
1!
#39134282839
1"
#39134317559
0!
#39134317559
0"
#39134326239
1!
#39134326239
1"
#39134334919
0!
#39134334919
0"
#39134386999
1!
#39134386999
1"
#39134395679
0!
#39134395679
0"
#39134413039
1!
#39134413039
1"
#39134421719
0!
#39134421719
0"
#39134447759
1!
#39134447759
1"
#39134456439
0!
#39134456439
0"
#39134465119
1!
#39134465119
1"
#39134491159
0!
#39134491159
0"
#39134499839
1!
#39134499839
1"
#39134508519
0!
#39134508519
0"
#39134517199
1!
#39134517199
1"
#39134525879
0!
#39134525879
0"
#39134543239
1!
#39134543239
1"
#39134551919
0!
#39134551919
0"
#39134560599
1!
#39134560599
1"
#39134577959
0!
#39134577959
0"
#39134586639
1!
#39134586639
1"
#39134595319
0!
#39134595319
0"
#39134603999
1!
#39134603999
1"
#39134612679
0!
#39134612679
0"
#39134621359
1!
#39134621359
1"
#39134638719
0!
#39134638719
0"
#39134647399
1!
#39134647399
1"
#39134664759
0!
#39134664759
0"
#39134673439
1!
#39134673439
1"
#39134682119
0!
#39134682119
0"
#39134690799
1!
#39134690799
1"
#39134699479
0!
#39134699479
0"
#39134708159
1!
#39134708159
1"
#39134716839
0!
#39134716839
0"
#39134734199
1!
#39134734199
1"
#39134751559
0!
#39134751559
0"
#39134760239
1!
#39134760239
1"
#39134768919
0!
#39134768919
0"
#39134786279
1!
#39134786279
1"
#39134794959
0!
#39134794959
0"
#39134803639
1!
#39134803639
1"
#39134829679
0!
#39134829679
0"
#39134847039
1!
#39134847039
1"
#39134855719
0!
#39134855719
0"
#39134907799
1!
#39134907799
1"
#39134916479
0!
#39134916479
0"
#39134933839
1!
#39134933839
1"
#39134942519
0!
#39134942519
0"
#39134959879
1!
#39134959879
1"
#39134968559
0!
#39134968559
0"
#39134985919
1!
#39134985919
1"
#39135003279
0!
#39135003279
0"
#39135020639
1!
#39135020639
1"
#39135029319
0!
#39135029319
0"
#39135072719
1!
#39135072719
1"
#39135090079
0!
#39135090079
0"
#39135107439
1!
#39135107439
1"
#39135116119
0!
#39135116119
0"
#39135159519
1!
#39135159519
1"
#39135176879
0!
#39135176879
0"
#39135194239
1!
#39135194239
1"
#39135202919
0!
#39135202919
0"
#39135246319
1!
#39135246319
1"
#39135263679
0!
#39135263679
0"
#39135281039
1!
#39135281039
1"
#39135289719
0!
#39135289719
0"
#39135315759
1!
#39135315759
1"
#39135333119
0!
#39135333119
0"
#39135341799
1!
#39135341799
1"
#39135350479
0!
#39135350479
0"
#39135367839
1!
#39135367839
1"
#39135376519
0!
#39135376519
0"
#39135428599
1!
#39135428599
1"
#39135437279
0!
#39135437279
0"
#39135454639
1!
#39135454639
1"
#39135463319
0!
#39135463319
0"
#39135471999
1!
#39135471999
1"
#39135489359
0!
#39135489359
0"
#39135506719
1!
#39135506719
1"
#39135532759
0!
#39135532759
0"
#39135541439
1!
#39135541439
1"
#39135550119
0!
#39135550119
0"
#39135558799
1!
#39135558799
1"
#39135567479
0!
#39135567479
0"
#39135576159
1!
#39135576159
1"
#39135584839
0!
#39135584839
0"
#39135602199
1!
#39135602199
1"
#39135619559
0!
#39135619559
0"
#39135628239
1!
#39135628239
1"
#39135636919
0!
#39135636919
0"
#39135654279
1!
#39135654279
1"
#39135680319
0!
#39135680319
0"
#39135688999
1!
#39135688999
1"
#39135706359
0!
#39135706359
0"
#39135715039
1!
#39135715039
1"
#39135723719
0!
#39135723719
0"
#39135732399
1!
#39135732399
1"
#39135749759
0!
#39135749759
0"
#39135767119
1!
#39135767119
1"
#39135793159
0!
#39135793159
0"
#39135801839
1!
#39135801839
1"
#39135810519
0!
#39135810519
0"
#39135819199
1!
#39135819199
1"
#39135853919
0!
#39135853919
0"
#39135862599
1!
#39135862599
1"
#39135879959
0!
#39135879959
0"
#39135888639
1!
#39135888639
1"
#39135897319
0!
#39135897319
0"
#39135914679
1!
#39135914679
1"
#39135923359
0!
#39135923359
0"
#39135940719
1!
#39135940719
1"
#39135966759
0!
#39135966759
0"
#39135975439
1!
#39135975439
1"
#39135984119
0!
#39135984119
0"
#39136036199
1!
#39136036199
1"
#39136044879
0!
#39136044879
0"
#39136062239
1!
#39136062239
1"
#39136070919
0!
#39136070919
0"
#39136096959
1!
#39136096959
1"
#39136105639
0!
#39136105639
0"
#39136114319
1!
#39136114319
1"
#39136140359
0!
#39136140359
0"
#39136149039
1!
#39136149039
1"
#39136157719
0!
#39136157719
0"
#39136166399
1!
#39136166399
1"
#39136175079
0!
#39136175079
0"
#39136192439
1!
#39136192439
1"
#39136201119
0!
#39136201119
0"
#39136209799
1!
#39136209799
1"
#39136227159
0!
#39136227159
0"
#39136235839
1!
#39136235839
1"
#39136244519
0!
#39136244519
0"
#39136253199
1!
#39136253199
1"
#39136261879
0!
#39136261879
0"
#39136270559
1!
#39136270559
1"
#39136287919
0!
#39136287919
0"
#39136296599
1!
#39136296599
1"
#39136313959
0!
#39136313959
0"
#39136322639
1!
#39136322639
1"
#39136331319
0!
#39136331319
0"
#39136339999
1!
#39136339999
1"
#39136348679
0!
#39136348679
0"
#39136357359
1!
#39136357359
1"
#39136366039
0!
#39136366039
0"
#39136383399
1!
#39136383399
1"
#39136400759
0!
#39136400759
0"
#39136409439
1!
#39136409439
1"
#39136418119
0!
#39136418119
0"
#39136435479
1!
#39136435479
1"
#39136444159
0!
#39136444159
0"
#39136452839
1!
#39136452839
1"
#39136478879
0!
#39136478879
0"
#39136496239
1!
#39136496239
1"
#39136504919
0!
#39136504919
0"
#39136556999
1!
#39136556999
1"
#39136565679
0!
#39136565679
0"
#39136583039
1!
#39136583039
1"
#39136591719
0!
#39136591719
0"
#39136600399
1!
#39136600399
1"
#39136609079
0!
#39136609079
0"
#39136635119
1!
#39136635119
1"
#39136652479
0!
#39136652479
0"
#39136669839
1!
#39136669839
1"
#39136678519
0!
#39136678519
0"
#39136721919
1!
#39136721919
1"
#39136739279
0!
#39136739279
0"
#39136756639
1!
#39136756639
1"
#39136765319
0!
#39136765319
0"
#39136808719
1!
#39136808719
1"
#39136826079
0!
#39136826079
0"
#39136843439
1!
#39136843439
1"
#39136852119
0!
#39136852119
0"
#39136869479
1!
#39136869479
1"
#39136878159
0!
#39136878159
0"
#39136886839
1!
#39136886839
1"
#39136895519
0!
#39136895519
0"
#39136930239
1!
#39136930239
1"
#39136938919
0!
#39136938919
0"
#39137017039
1!
#39137017039
1"
#39137025719
0!
#39137025719
0"
#39137060439
1!
#39137060439
1"
#39137069119
0!
#39137069119
0"
#39137103839
1!
#39137103839
1"
#39137112519
0!
#39137112519
0"
#39137190639
1!
#39137190639
1"
#39137199319
0!
#39137199319
0"
#39137277439
1!
#39137277439
1"
#39137286119
0!
#39137286119
0"
#39137364239
1!
#39137364239
1"
#39137372919
0!
#39137372919
0"
#39137424999
1!
#39137424999
1"
#39137442359
0!
#39137442359
0"
#39137451039
1!
#39137451039
1"
#39137459719
0!
#39137459719
0"
#39137477079
1!
#39137477079
1"
#39137503119
0!
#39137503119
0"
#39137520479
1!
#39137520479
1"
#39137546519
0!
#39137546519
0"
#39137563879
1!
#39137563879
1"
#39137589919
0!
#39137589919
0"
#39137607279
1!
#39137607279
1"
#39137633319
0!
#39137633319
0"
#39137641999
1!
#39137641999
1"
#39137694079
0!
#39137694079
0"
#39137711439
1!
#39137711439
1"
#39137720119
0!
#39137720119
0"
#39137728799
1!
#39137728799
1"
#39137746159
0!
#39137746159
0"
#39137798239
1!
#39137798239
1"
#39137806919
0!
#39137806919
0"
#39137885039
1!
#39137885039
1"
#39137893719
0!
#39137893719
0"
#39137971839
1!
#39137971839
1"
#39137980519
0!
#39137980519
0"
#39138058639
1!
#39138058639
1"
#39138067319
0!
#39138067319
0"
#39138075999
1!
#39138075999
1"
#39138084679
0!
#39138084679
0"
#39138128079
1!
#39138128079
1"
#39138136759
0!
#39138136759
0"
#39138145439
1!
#39138145439
1"
#39138154119
0!
#39138154119
0"
#39138162799
1!
#39138162799
1"
#39138171479
0!
#39138171479
0"
#39138197519
1!
#39138197519
1"
#39138206199
0!
#39138206199
0"
#39138214879
1!
#39138214879
1"
#41649486650
0!
#41649486650
0"
#41649495330
1!
#41649495330
1"
#41649504010
0!
#41649504010
0"
#41649512690
1!
#41649512690
1"
#41649521370
0!
#41649521370
0"
#41649538730
1!
#41649538730
1"
#41649547410
0!
#41649547410
0"
#41649556090
1!
#41649556090
1"
#41649573450
0!
#41649573450
0"
#41649590810
1!
#41649590810
1"
#41649599490
0!
#41649599490
0"
#41649608170
1!
#41649608170
1"
#41649625530
0!
#41649625530
0"
#41649634210
1!
#41649634210
1"
#41649642890
0!
#41649642890
0"
#41649651570
1!
#41649651570
1"
#41649660250
0!
#41649660250
0"
#41649668930
1!
#41649668930
1"
#41649677610
0!
#41649677610
0"
#41649738370
1!
#41649738370
1"
#41649747050
0!
#41649747050
0"
#41649773090
1!
#41649773090
1"
#41649781770
0!
#41649781770
0"
#41649799130
1!
#41649799130
1"
#41649816490
0!
#41649816490
0"
#41649825170
1!
#41649825170
1"
#41649833850
0!
#41649833850
0"
#41649851210
1!
#41649851210
1"
#41649859890
0!
#41649859890
0"
#41649877250
1!
#41649877250
1"
#41649885930
0!
#41649885930
0"
#41649894610
1!
#41649894610
1"
#41649903290
0!
#41649903290
0"
#41649911970
1!
#41649911970
1"
#41649920650
0!
#41649920650
0"
#41649929330
1!
#41649929330
1"
#41649938010
0!
#41649938010
0"
#41649946690
1!
#41649946690
1"
#41649955370
0!
#41649955370
0"
#41649972730
1!
#41649972730
1"
#41649990090
0!
#41649990090
0"
#41649998770
1!
#41649998770
1"
#41650007450
0!
#41650007450
0"
#41650016130
1!
#41650016130
1"
#41650033490
0!
#41650033490
0"
#41650050850
1!
#41650050850
1"
#41650076890
0!
#41650076890
0"
#41650085570
1!
#41650085570
1"
#41650094250
0!
#41650094250
0"
#41650102930
1!
#41650102930
1"
#41650111610
0!
#41650111610
0"
#41650120290
1!
#41650120290
1"
#41650128970
0!
#41650128970
0"
#41650137650
1!
#41650137650
1"
#41650163690
0!
#41650163690
0"
#41650172370
1!
#41650172370
1"
#41650181050
0!
#41650181050
0"
#41650207090
1!
#41650207090
1"
#41650224450
0!
#41650224450
0"
#41650233130
1!
#41650233130
1"
#41650250490
0!
#41650250490
0"
#41650259170
1!
#41650259170
1"
#41650267850
0!
#41650267850
0"
#41650293890
1!
#41650293890
1"
#41650302570
0!
#41650302570
0"
#41650311250
1!
#41650311250
1"
#41650337290
0!
#41650337290
0"
#41650345970
1!
#41650345970
1"
#41650354650
0!
#41650354650
0"
#41650372010
1!
#41650372010
1"
#41650380690
0!
#41650380690
0"
#41650389370
1!
#41650389370
1"
#41650415410
0!
#41650415410
0"
#41650432770
1!
#41650432770
1"
#41650441450
0!
#41650441450
0"
#41650493530
1!
#41650493530
1"
#41650502210
0!
#41650502210
0"
#41650519570
1!
#41650519570
1"
#41650528250
0!
#41650528250
0"
#41650536930
1!
#41650536930
1"
#41650562970
0!
#41650562970
0"
#41650580330
1!
#41650580330
1"
#41650597690
0!
#41650597690
0"
#41650606370
1!
#41650606370
1"
#41650615050
0!
#41650615050
0"
#41650649770
1!
#41650649770
1"
#41650684490
0!
#41650684490
0"
#41650693170
1!
#41650693170
1"
#41650701850
0!
#41650701850
0"
#41650719210
1!
#41650719210
1"
#41650727890
0!
#41650727890
0"
#41650736570
1!
#41650736570
1"
#41650762610
0!
#41650762610
0"
#41650779970
1!
#41650779970
1"
#41650788650
0!
#41650788650
0"
#41650840730
1!
#41650840730
1"
#41650849410
0!
#41650849410
0"
#41650866770
1!
#41650866770
1"
#41650875450
0!
#41650875450
0"
#41650927530
1!
#41650927530
1"
#41650936210
0!
#41650936210
0"
#41650953570
1!
#41650953570
1"
#41650962250
0!
#41650962250
0"
#41651014330
1!
#41651014330
1"
#41651023010
0!
#41651023010
0"
#41651040370
1!
#41651040370
1"
#41651049050
0!
#41651049050
0"
#41651101130
1!
#41651101130
1"
#41651109810
0!
#41651109810
0"
#41651127170
1!
#41651127170
1"
#41651135850
0!
#41651135850
0"
#41651187930
1!
#41651187930
1"
#41651196610
0!
#41651196610
0"
#41651213970
1!
#41651213970
1"
#41651222650
0!
#41651222650
0"
#41651274730
1!
#41651274730
1"
#41651283410
0!
#41651283410
0"
#41651300770
1!
#41651300770
1"
#41651309450
0!
#41651309450
0"
#41651352850
1!
#41651352850
1"
#41651370210
0!
#41651370210
0"
#41651387570
1!
#41651387570
1"
#41651396250
0!
#41651396250
0"
#41651413610
1!
#41651413610
1"
#41651439650
0!
#41651439650
0"
#41651448330
1!
#41651448330
1"
#41651457010
0!
#41651457010
0"
#41651474370
1!
#41651474370
1"
#41651483050
0!
#41651483050
0"
#41651526450
1!
#41651526450
1"
#41651543810
0!
#41651543810
0"
#41651561170
1!
#41651561170
1"
#41651569850
0!
#41651569850
0"
#41651595890
1!
#41651595890
1"
#41651613250
0!
#41651613250
0"
#41651621930
1!
#41651621930
1"
#41651630610
0!
#41651630610
0"
#41651647970
1!
#41651647970
1"
#41651656650
0!
#41651656650
0"
#41651708730
1!
#41651708730
1"
#41651717410
0!
#41651717410
0"
#41651734770
1!
#41651734770
1"
#41651743450
0!
#41651743450
0"
#41651752130
1!
#41651752130
1"
#41651778170
0!
#41651778170
0"
#41651795530
1!
#41651795530
1"
#41651812890
0!
#41651812890
0"
#41651821570
1!
#41651821570
1"
#41651830250
0!
#41651830250
0"
#41651838930
1!
#41651838930
1"
#41651847610
0!
#41651847610
0"
#41651864970
1!
#41651864970
1"
#41651899690
0!
#41651899690
0"
#41651908370
1!
#41651908370
1"
#41651917050
0!
#41651917050
0"
#41651934410
1!
#41651934410
1"
#41651943090
0!
#41651943090
0"
#41651951770
1!
#41651951770
1"
#41651977810
0!
#41651977810
0"
#41651995170
1!
#41651995170
1"
#41652003850
0!
#41652003850
0"
#41652055930
1!
#41652055930
1"
#41652064610
0!
#41652064610
0"
#41652081970
1!
#41652081970
1"
#41652090650
0!
#41652090650
0"
#41652142730
1!
#41652142730
1"
#41652151410
0!
#41652151410
0"
#41652168770
1!
#41652168770
1"
#41652177450
0!
#41652177450
0"
#41652229530
1!
#41652229530
1"
#41652238210
0!
#41652238210
0"
#41652255570
1!
#41652255570
1"
#41652264250
0!
#41652264250
0"
#41652316330
1!
#41652316330
1"
#41652325010
0!
#41652325010
0"
#41652342370
1!
#41652342370
1"
#41652351050
0!
#41652351050
0"
#41652403130
1!
#41652403130
1"
#41652411810
0!
#41652411810
0"
#41652429170
1!
#41652429170
1"
#41652437850
0!
#41652437850
0"
#41652489930
1!
#41652489930
1"
#41652498610
0!
#41652498610
0"
#41652515970
1!
#41652515970
1"
#41652524650
0!
#41652524650
0"
#41652568050
1!
#41652568050
1"
#41652585410
0!
#41652585410
0"
#41652602770
1!
#41652602770
1"
#41652611450
0!
#41652611450
0"
#41652628810
1!
#41652628810
1"
#41652654850
0!
#41652654850
0"
#41652663530
1!
#41652663530
1"
#41652672210
0!
#41652672210
0"
#41652689570
1!
#41652689570
1"
#41652698250
0!
#41652698250
0"
#41652741650
1!
#41652741650
1"
#41652759010
0!
#41652759010
0"
#41652776370
1!
#41652776370
1"
#41652785050
0!
#41652785050
0"
#41652811090
1!
#41652811090
1"
#41652828450
0!
#41652828450
0"
#41652837130
1!
#41652837130
1"
#41652845810
0!
#41652845810
0"
#41652863170
1!
#41652863170
1"
#41652871850
0!
#41652871850
0"
#41652923930
1!
#41652923930
1"
#41652932610
0!
#41652932610
0"
#41652949970
1!
#41652949970
1"
#41652958650
0!
#41652958650
0"
#41652967330
1!
#41652967330
1"
#41652993370
0!
#41652993370
0"
#41653010730
1!
#41653010730
1"
#41653028090
0!
#41653028090
0"
#41653036770
1!
#41653036770
1"
#41653045450
0!
#41653045450
0"
#41653062810
1!
#41653062810
1"
#41653071490
0!
#41653071490
0"
#41653080170
1!
#41653080170
1"
#41653114890
0!
#41653114890
0"
#41653123570
1!
#41653123570
1"
#41653132250
0!
#41653132250
0"
#41653149610
1!
#41653149610
1"
#41653158290
0!
#41653158290
0"
#41653166970
1!
#41653166970
1"
#41653193010
0!
#41653193010
0"
#41653210370
1!
#41653210370
1"
#41653219050
0!
#41653219050
0"
#41653271130
1!
#41653271130
1"
#41653279810
0!
#41653279810
0"
#41653297170
1!
#41653297170
1"
#41653305850
0!
#41653305850
0"
#41653357930
1!
#41653357930
1"
#41653366610
0!
#41653366610
0"
#41653383970
1!
#41653383970
1"
#41653392650
0!
#41653392650
0"
#41653444730
1!
#41653444730
1"
#41653453410
0!
#41653453410
0"
#41653470770
1!
#41653470770
1"
#41653479450
0!
#41653479450
0"
#41653531530
1!
#41653531530
1"
#41653540210
0!
#41653540210
0"
#41653557570
1!
#41653557570
1"
#41653566250
0!
#41653566250
0"
#41653618330
1!
#41653618330
1"
#41653627010
0!
#41653627010
0"
#41653644370
1!
#41653644370
1"
#41653653050
0!
#41653653050
0"
#41653705130
1!
#41653705130
1"
#41653713810
0!
#41653713810
0"
#41653731170
1!
#41653731170
1"
#41653739850
0!
#41653739850
0"
#41653783250
1!
#41653783250
1"
#41653800610
0!
#41653800610
0"
#41653817970
1!
#41653817970
1"
#41653826650
0!
#41653826650
0"
#41653844010
1!
#41653844010
1"
#41653870050
0!
#41653870050
0"
#41653878730
1!
#41653878730
1"
#41653887410
0!
#41653887410
0"
#41653904770
1!
#41653904770
1"
#41653913450
0!
#41653913450
0"
#41653956850
1!
#41653956850
1"
#41653974210
0!
#41653974210
0"
#41653991570
1!
#41653991570
1"
#41654000250
0!
#41654000250
0"
#41654026290
1!
#41654026290
1"
#41654043650
0!
#41654043650
0"
#41654052330
1!
#41654052330
1"
#41654061010
0!
#41654061010
0"
#41654078370
1!
#41654078370
1"
#41654087050
0!
#41654087050
0"
#41654139130
1!
#41654139130
1"
#41654147810
0!
#41654147810
0"
#41654165170
1!
#41654165170
1"
#41654173850
0!
#41654173850
0"
#41654199890
1!
#41654199890
1"
#41654208570
0!
#41654208570
0"
#41654225930
1!
#41654225930
1"
#41654243290
0!
#41654243290
0"
#41654251970
1!
#41654251970
1"
#41654260650
0!
#41654260650
0"
#41654269330
1!
#41654269330
1"
#41654278010
0!
#41654278010
0"
#41654295370
1!
#41654295370
1"
#41654304050
0!
#41654304050
0"
#41654312730
1!
#41654312730
1"
#41654330090
0!
#41654330090
0"
#41654338770
1!
#41654338770
1"
#41654347450
0!
#41654347450
0"
#41654356130
1!
#41654356130
1"
#41654373490
0!
#41654373490
0"
#41654390850
1!
#41654390850
1"
#41654416890
0!
#41654416890
0"
#41654425570
1!
#41654425570
1"
#41654434250
0!
#41654434250
0"
#41654477650
1!
#41654477650
1"
#41654503690
0!
#41654503690
0"
#41654512370
1!
#41654512370
1"
#41654521050
0!
#41654521050
0"
#41654547090
1!
#41654547090
1"
#41654564450
0!
#41654564450
0"
#41654573130
1!
#41654573130
1"
#41654590490
0!
#41654590490
0"
#41654599170
1!
#41654599170
1"
#41654607850
0!
#41654607850
0"
#41654616530
1!
#41654616530
1"
#41654625210
0!
#41654625210
0"
#41654659930
1!
#41654659930
1"
#41654677290
0!
#41654677290
0"
#41654685970
1!
#41654685970
1"
#41654694650
0!
#41654694650
0"
#41654703330
1!
#41654703330
1"
#41654712010
0!
#41654712010
0"
#41654729370
1!
#41654729370
1"
#41654764090
0!
#41654764090
0"
#41654772770
1!
#41654772770
1"
#41654781450
0!
#41654781450
0"
#41654833530
1!
#41654833530
1"
#41654842210
0!
#41654842210
0"
#41654859570
1!
#41654859570
1"
#41654868250
0!
#41654868250
0"
#41654894290
1!
#41654894290
1"
#41654902970
0!
#41654902970
0"
#41654911650
1!
#41654911650
1"
#41654937690
0!
#41654937690
0"
#41654946370
1!
#41654946370
1"
#41654955050
0!
#41654955050
0"
#41654963730
1!
#41654963730
1"
#41654972410
0!
#41654972410
0"
#41654989770
1!
#41654989770
1"
#41654998450
0!
#41654998450
0"
#41655007130
1!
#41655007130
1"
#41655024490
0!
#41655024490
0"
#41655033170
1!
#41655033170
1"
#41655041850
0!
#41655041850
0"
#41655050530
1!
#41655050530
1"
#41655059210
0!
#41655059210
0"
#41655067890
1!
#41655067890
1"
#41655085250
0!
#41655085250
0"
#41655093930
1!
#41655093930
1"
#41655111290
0!
#41655111290
0"
#41655119970
1!
#41655119970
1"
#41655128650
0!
#41655128650
0"
#41655137330
1!
#41655137330
1"
#41655146010
0!
#41655146010
0"
#41655154690
1!
#41655154690
1"
#41655163370
0!
#41655163370
0"
#41655180730
1!
#41655180730
1"
#41655198090
0!
#41655198090
0"
#41655206770
1!
#41655206770
1"
#41655215450
0!
#41655215450
0"
#41655232810
1!
#41655232810
1"
#41655241490
0!
#41655241490
0"
#41655250170
1!
#41655250170
1"
#41655276210
0!
#41655276210
0"
#41655293570
1!
#41655293570
1"
#41655302250
0!
#41655302250
0"
#41655354330
1!
#41655354330
1"
#41655363010
0!
#41655363010
0"
#41655380370
1!
#41655380370
1"
#41655389050
0!
#41655389050
0"
#41655406410
1!
#41655406410
1"
#41655415090
0!
#41655415090
0"
#41655432450
1!
#41655432450
1"
#41655449810
0!
#41655449810
0"
#41655467170
1!
#41655467170
1"
#41655475850
0!
#41655475850
0"
#41655519250
1!
#41655519250
1"
#41655536610
0!
#41655536610
0"
#41655553970
1!
#41655553970
1"
#41655562650
0!
#41655562650
0"
#41655606050
1!
#41655606050
1"
#41655623410
0!
#41655623410
0"
#41655640770
1!
#41655640770
1"
#41655649450
0!
#41655649450
0"
#41655692850
1!
#41655692850
1"
#41655710210
0!
#41655710210
0"
#41655727570
1!
#41655727570
1"
#41655736250
0!
#41655736250
0"
#41655762290
1!
#41655762290
1"
#41655779650
0!
#41655779650
0"
#41655788330
1!
#41655788330
1"
#41655797010
0!
#41655797010
0"
#41655814370
1!
#41655814370
1"
#41655823050
0!
#41655823050
0"
#41655875130
1!
#41655875130
1"
#41655883810
0!
#41655883810
0"
#41655901170
1!
#41655901170
1"
#41655909850
0!
#41655909850
0"
#41655918530
1!
#41655918530
1"
#41655935890
0!
#41655935890
0"
#41655953250
1!
#41655953250
1"
#41655979290
0!
#41655979290
0"
#41655987970
1!
#41655987970
1"
#41655996650
0!
#41655996650
0"
#41656005330
1!
#41656005330
1"
#41656014010
0!
#41656014010
0"
#41656022690
1!
#41656022690
1"
#41656031370
0!
#41656031370
0"
#41656048730
1!
#41656048730
1"
#41656066090
0!
#41656066090
0"
#41656074770
1!
#41656074770
1"
#41656083450
0!
#41656083450
0"
#41656100810
1!
#41656100810
1"
#41656126850
0!
#41656126850
0"
#41656135530
1!
#41656135530
1"
#41656152890
0!
#41656152890
0"
#41656161570
1!
#41656161570
1"
#41656170250
0!
#41656170250
0"
#41656178930
1!
#41656178930
1"
#41656196290
0!
#41656196290
0"
#41656213650
1!
#41656213650
1"
#41656239690
0!
#41656239690
0"
#41656248370
1!
#41656248370
1"
#41656257050
0!
#41656257050
0"
#41656265730
1!
#41656265730
1"
#41656300450
0!
#41656300450
0"
#41656309130
1!
#41656309130
1"
#41656326490
0!
#41656326490
0"
#41656335170
1!
#41656335170
1"
#41656343850
0!
#41656343850
0"
#41656361210
1!
#41656361210
1"
#41656369890
0!
#41656369890
0"
#41656387250
1!
#41656387250
1"
#41656413290
0!
#41656413290
0"
#41656421970
1!
#41656421970
1"
#41656430650
0!
#41656430650
0"
#41656482730
1!
#41656482730
1"
#41656491410
0!
#41656491410
0"
#41656508770
1!
#41656508770
1"
#41656517450
0!
#41656517450
0"
#41656543490
1!
#41656543490
1"
#41656552170
0!
#41656552170
0"
#41656560850
1!
#41656560850
1"
#41656586890
0!
#41656586890
0"
#41656595570
1!
#41656595570
1"
#41656604250
0!
#41656604250
0"
#41656612930
1!
#41656612930
1"
#41656621610
0!
#41656621610
0"
#41656638970
1!
#41656638970
1"
#41656647650
0!
#41656647650
0"
#41656656330
1!
#41656656330
1"
#41656673690
0!
#41656673690
0"
#41656682370
1!
#41656682370
1"
#41656691050
0!
#41656691050
0"
#41656699730
1!
#41656699730
1"
#41656708410
0!
#41656708410
0"
#41656717090
1!
#41656717090
1"
#41656734450
0!
#41656734450
0"
#41656743130
1!
#41656743130
1"
#41656760490
0!
#41656760490
0"
#41656769170
1!
#41656769170
1"
#41656777850
0!
#41656777850
0"
#41656786530
1!
#41656786530
1"
#41656795210
0!
#41656795210
0"
#41656803890
1!
#41656803890
1"
#41656812570
0!
#41656812570
0"
#41656829930
1!
#41656829930
1"
#41656847290
0!
#41656847290
0"
#41656855970
1!
#41656855970
1"
#41656864650
0!
#41656864650
0"
#41656882010
1!
#41656882010
1"
#41656890690
0!
#41656890690
0"
#41656899370
1!
#41656899370
1"
#41656925410
0!
#41656925410
0"
#41656942770
1!
#41656942770
1"
#41656951450
0!
#41656951450
0"
#41657003530
1!
#41657003530
1"
#41657012210
0!
#41657012210
0"
#41657029570
1!
#41657029570
1"
#41657038250
0!
#41657038250
0"
#41657046930
1!
#41657046930
1"
#41657055610
0!
#41657055610
0"
#41657081650
1!
#41657081650
1"
#41657099010
0!
#41657099010
0"
#41657116370
1!
#41657116370
1"
#41657125050
0!
#41657125050
0"
#41657168450
1!
#41657168450
1"
#41657185810
0!
#41657185810
0"
#41657203170
1!
#41657203170
1"
#41657211850
0!
#41657211850
0"
#41657255250
1!
#41657255250
1"
#41657272610
0!
#41657272610
0"
#41657289970
1!
#41657289970
1"
#41657298650
0!
#41657298650
0"
#41657316010
1!
#41657316010
1"
#41657324690
0!
#41657324690
0"
#41657333370
1!
#41657333370
1"
#41657342050
0!
#41657342050
0"
#41657376770
1!
#41657376770
1"
#41657385450
0!
#41657385450
0"
#41657463570
1!
#41657463570
1"
#41657472250
0!
#41657472250
0"
#41657506970
1!
#41657506970
1"
#41657515650
0!
#41657515650
0"
#41657550370
1!
#41657550370
1"
#41657559050
0!
#41657559050
0"
#41657637170
1!
#41657637170
1"
#41657645850
0!
#41657645850
0"
#41657723970
1!
#41657723970
1"
#41657732650
0!
#41657732650
0"
#41657810770
1!
#41657810770
1"
#41657819450
0!
#41657819450
0"
#41657871530
1!
#41657871530
1"
#41657888890
0!
#41657888890
0"
#41657897570
1!
#41657897570
1"
#41657906250
0!
#41657906250
0"
#41657923610
1!
#41657923610
1"
#41657949650
0!
#41657949650
0"
#41657967010
1!
#41657967010
1"
#41657993050
0!
#41657993050
0"
#41658010410
1!
#41658010410
1"
#41658036450
0!
#41658036450
0"
#41658053810
1!
#41658053810
1"
#41658079850
0!
#41658079850
0"
#41658088530
1!
#41658088530
1"
#41658140610
0!
#41658140610
0"
#41658157970
1!
#41658157970
1"
#41658166650
0!
#41658166650
0"
#41658175330
1!
#41658175330
1"
#41658192690
0!
#41658192690
0"
#41658244770
1!
#41658244770
1"
#41658253450
0!
#41658253450
0"
#41658331570
1!
#41658331570
1"
#41658340250
0!
#41658340250
0"
#41658418370
1!
#41658418370
1"
#41658427050
0!
#41658427050
0"
#41658505170
1!
#41658505170
1"
#41658513850
0!
#41658513850
0"
#41658522530
1!
#41658522530
1"
#41658531210
0!
#41658531210
0"
#41658574610
1!
#41658574610
1"
#41658583290
0!
#41658583290
0"
#41658591970
1!
#41658591970
1"
#41658600650
0!
#41658600650
0"
#41658609330
1!
#41658609330
1"
#41658618010
0!
#41658618010
0"
#41658644050
1!
#41658644050
1"
#41658652730
0!
#41658652730
0"
#41658661410
1!
#41658661410
1"
#44169040119
0!
#44169040119
0"
#44169048799
1!
#44169048799
1"
#44169057479
0!
#44169057479
0"
#44169066159
1!
#44169066159
1"
#44169074839
0!
#44169074839
0"
#44169092199
1!
#44169092199
1"
#44169100879
0!
#44169100879
0"
#44169109559
1!
#44169109559
1"
#44169126919
0!
#44169126919
0"
#44169144279
1!
#44169144279
1"
#44169152959
0!
#44169152959
0"
#44169161639
1!
#44169161639
1"
#44169178999
0!
#44169178999
0"
#44169187679
1!
#44169187679
1"
#44169196359
0!
#44169196359
0"
#44169205039
1!
#44169205039
1"
#44169213719
0!
#44169213719
0"
#44169222399
1!
#44169222399
1"
#44169231079
0!
#44169231079
0"
#44169291839
1!
#44169291839
1"
#44169300519
0!
#44169300519
0"
#44169326559
1!
#44169326559
1"
#44169335239
0!
#44169335239
0"
#44169352599
1!
#44169352599
1"
#44169369959
0!
#44169369959
0"
#44169378639
1!
#44169378639
1"
#44169387319
0!
#44169387319
0"
#44169404679
1!
#44169404679
1"
#44169413359
0!
#44169413359
0"
#44169430719
1!
#44169430719
1"
#44169439399
0!
#44169439399
0"
#44169448079
1!
#44169448079
1"
#44169456759
0!
#44169456759
0"
#44169465439
1!
#44169465439
1"
#44169474119
0!
#44169474119
0"
#44169482799
1!
#44169482799
1"
#44169491479
0!
#44169491479
0"
#44169500159
1!
#44169500159
1"
#44169508839
0!
#44169508839
0"
#44169526199
1!
#44169526199
1"
#44169543559
0!
#44169543559
0"
#44169552239
1!
#44169552239
1"
#44169560919
0!
#44169560919
0"
#44169569599
1!
#44169569599
1"
#44169586959
0!
#44169586959
0"
#44169604319
1!
#44169604319
1"
#44169630359
0!
#44169630359
0"
#44169639039
1!
#44169639039
1"
#44169647719
0!
#44169647719
0"
#44169656399
1!
#44169656399
1"
#44169665079
0!
#44169665079
0"
#44169673759
1!
#44169673759
1"
#44169682439
0!
#44169682439
0"
#44169691119
1!
#44169691119
1"
#44169717159
0!
#44169717159
0"
#44169725839
1!
#44169725839
1"
#44169734519
0!
#44169734519
0"
#44169760559
1!
#44169760559
1"
#44169777919
0!
#44169777919
0"
#44169786599
1!
#44169786599
1"
#44169803959
0!
#44169803959
0"
#44169812639
1!
#44169812639
1"
#44169821319
0!
#44169821319
0"
#44169847359
1!
#44169847359
1"
#44169856039
0!
#44169856039
0"
#44169864719
1!
#44169864719
1"
#44169890759
0!
#44169890759
0"
#44169899439
1!
#44169899439
1"
#44169908119
0!
#44169908119
0"
#44169925479
1!
#44169925479
1"
#44169934159
0!
#44169934159
0"
#44169942839
1!
#44169942839
1"
#44169968879
0!
#44169968879
0"
#44169986239
1!
#44169986239
1"
#44169994919
0!
#44169994919
0"
#44170046999
1!
#44170046999
1"
#44170055679
0!
#44170055679
0"
#44170073039
1!
#44170073039
1"
#44170081719
0!
#44170081719
0"
#44170090399
1!
#44170090399
1"
#44170116439
0!
#44170116439
0"
#44170133799
1!
#44170133799
1"
#44170151159
0!
#44170151159
0"
#44170159839
1!
#44170159839
1"
#44170168519
0!
#44170168519
0"
#44170203239
1!
#44170203239
1"
#44170237959
0!
#44170237959
0"
#44170246639
1!
#44170246639
1"
#44170255319
0!
#44170255319
0"
#44170272679
1!
#44170272679
1"
#44170281359
0!
#44170281359
0"
#44170290039
1!
#44170290039
1"
#44170316079
0!
#44170316079
0"
#44170333439
1!
#44170333439
1"
#44170342119
0!
#44170342119
0"
#44170394199
1!
#44170394199
1"
#44170402879
0!
#44170402879
0"
#44170420239
1!
#44170420239
1"
#44170428919
0!
#44170428919
0"
#44170480999
1!
#44170480999
1"
#44170489679
0!
#44170489679
0"
#44170507039
1!
#44170507039
1"
#44170515719
0!
#44170515719
0"
#44170567799
1!
#44170567799
1"
#44170576479
0!
#44170576479
0"
#44170593839
1!
#44170593839
1"
#44170602519
0!
#44170602519
0"
#44170654599
1!
#44170654599
1"
#44170663279
0!
#44170663279
0"
#44170680639
1!
#44170680639
1"
#44170689319
0!
#44170689319
0"
#44170741399
1!
#44170741399
1"
#44170750079
0!
#44170750079
0"
#44170767439
1!
#44170767439
1"
#44170776119
0!
#44170776119
0"
#44170828199
1!
#44170828199
1"
#44170836879
0!
#44170836879
0"
#44170854239
1!
#44170854239
1"
#44170862919
0!
#44170862919
0"
#44170906319
1!
#44170906319
1"
#44170923679
0!
#44170923679
0"
#44170941039
1!
#44170941039
1"
#44170949719
0!
#44170949719
0"
#44170967079
1!
#44170967079
1"
#44170993119
0!
#44170993119
0"
#44171001799
1!
#44171001799
1"
#44171010479
0!
#44171010479
0"
#44171027839
1!
#44171027839
1"
#44171036519
0!
#44171036519
0"
#44171079919
1!
#44171079919
1"
#44171097279
0!
#44171097279
0"
#44171114639
1!
#44171114639
1"
#44171123319
0!
#44171123319
0"
#44171149359
1!
#44171149359
1"
#44171166719
0!
#44171166719
0"
#44171175399
1!
#44171175399
1"
#44171184079
0!
#44171184079
0"
#44171201439
1!
#44171201439
1"
#44171210119
0!
#44171210119
0"
#44171262199
1!
#44171262199
1"
#44171270879
0!
#44171270879
0"
#44171288239
1!
#44171288239
1"
#44171296919
0!
#44171296919
0"
#44171305599
1!
#44171305599
1"
#44171331639
0!
#44171331639
0"
#44171348999
1!
#44171348999
1"
#44171366359
0!
#44171366359
0"
#44171375039
1!
#44171375039
1"
#44171383719
0!
#44171383719
0"
#44171392399
1!
#44171392399
1"
#44171401079
0!
#44171401079
0"
#44171418439
1!
#44171418439
1"
#44171453159
0!
#44171453159
0"
#44171461839
1!
#44171461839
1"
#44171470519
0!
#44171470519
0"
#44171487879
1!
#44171487879
1"
#44171496559
0!
#44171496559
0"
#44171505239
1!
#44171505239
1"
#44171531279
0!
#44171531279
0"
#44171548639
1!
#44171548639
1"
#44171557319
0!
#44171557319
0"
#44171609399
1!
#44171609399
1"
#44171618079
0!
#44171618079
0"
#44171635439
1!
#44171635439
1"
#44171644119
0!
#44171644119
0"
#44171696199
1!
#44171696199
1"
#44171704879
0!
#44171704879
0"
#44171722239
1!
#44171722239
1"
#44171730919
0!
#44171730919
0"
#44171782999
1!
#44171782999
1"
#44171791679
0!
#44171791679
0"
#44171809039
1!
#44171809039
1"
#44171817719
0!
#44171817719
0"
#44171869799
1!
#44171869799
1"
#44171878479
0!
#44171878479
0"
#44171895839
1!
#44171895839
1"
#44171904519
0!
#44171904519
0"
#44171956599
1!
#44171956599
1"
#44171965279
0!
#44171965279
0"
#44171982639
1!
#44171982639
1"
#44171991319
0!
#44171991319
0"
#44172043399
1!
#44172043399
1"
#44172052079
0!
#44172052079
0"
#44172069439
1!
#44172069439
1"
#44172078119
0!
#44172078119
0"
#44172121519
1!
#44172121519
1"
#44172138879
0!
#44172138879
0"
#44172156239
1!
#44172156239
1"
#44172164919
0!
#44172164919
0"
#44172182279
1!
#44172182279
1"
#44172208319
0!
#44172208319
0"
#44172216999
1!
#44172216999
1"
#44172225679
0!
#44172225679
0"
#44172243039
1!
#44172243039
1"
#44172251719
0!
#44172251719
0"
#44172295119
1!
#44172295119
1"
#44172312479
0!
#44172312479
0"
#44172329839
1!
#44172329839
1"
#44172338519
0!
#44172338519
0"
#44172364559
1!
#44172364559
1"
#44172381919
0!
#44172381919
0"
#44172390599
1!
#44172390599
1"
#44172399279
0!
#44172399279
0"
#44172416639
1!
#44172416639
1"
#44172425319
0!
#44172425319
0"
#44172477399
1!
#44172477399
1"
#44172486079
0!
#44172486079
0"
#44172503439
1!
#44172503439
1"
#44172512119
0!
#44172512119
0"
#44172520799
1!
#44172520799
1"
#44172546839
0!
#44172546839
0"
#44172564199
1!
#44172564199
1"
#44172581559
0!
#44172581559
0"
#44172590239
1!
#44172590239
1"
#44172598919
0!
#44172598919
0"
#44172616279
1!
#44172616279
1"
#44172624959
0!
#44172624959
0"
#44172633639
1!
#44172633639
1"
#44172668359
0!
#44172668359
0"
#44172677039
1!
#44172677039
1"
#44172685719
0!
#44172685719
0"
#44172703079
1!
#44172703079
1"
#44172711759
0!
#44172711759
0"
#44172720439
1!
#44172720439
1"
#44172746479
0!
#44172746479
0"
#44172763839
1!
#44172763839
1"
#44172772519
0!
#44172772519
0"
#44172824599
1!
#44172824599
1"
#44172833279
0!
#44172833279
0"
#44172850639
1!
#44172850639
1"
#44172859319
0!
#44172859319
0"
#44172911399
1!
#44172911399
1"
#44172920079
0!
#44172920079
0"
#44172937439
1!
#44172937439
1"
#44172946119
0!
#44172946119
0"
#44172998199
1!
#44172998199
1"
#44173006879
0!
#44173006879
0"
#44173024239
1!
#44173024239
1"
#44173032919
0!
#44173032919
0"
#44173084999
1!
#44173084999
1"
#44173093679
0!
#44173093679
0"
#44173111039
1!
#44173111039
1"
#44173119719
0!
#44173119719
0"
#44173171799
1!
#44173171799
1"
#44173180479
0!
#44173180479
0"
#44173197839
1!
#44173197839
1"
#44173206519
0!
#44173206519
0"
#44173258599
1!
#44173258599
1"
#44173267279
0!
#44173267279
0"
#44173284639
1!
#44173284639
1"
#44173293319
0!
#44173293319
0"
#44173336719
1!
#44173336719
1"
#44173354079
0!
#44173354079
0"
#44173371439
1!
#44173371439
1"
#44173380119
0!
#44173380119
0"
#44173397479
1!
#44173397479
1"
#44173423519
0!
#44173423519
0"
#44173432199
1!
#44173432199
1"
#44173440879
0!
#44173440879
0"
#44173458239
1!
#44173458239
1"
#44173466919
0!
#44173466919
0"
#44173510319
1!
#44173510319
1"
#44173527679
0!
#44173527679
0"
#44173545039
1!
#44173545039
1"
#44173553719
0!
#44173553719
0"
#44173579759
1!
#44173579759
1"
#44173597119
0!
#44173597119
0"
#44173605799
1!
#44173605799
1"
#44173614479
0!
#44173614479
0"
#44173631839
1!
#44173631839
1"
#44173640519
0!
#44173640519
0"
#44173692599
1!
#44173692599
1"
#44173701279
0!
#44173701279
0"
#44173718639
1!
#44173718639
1"
#44173727319
0!
#44173727319
0"
#44173753359
1!
#44173753359
1"
#44173762039
0!
#44173762039
0"
#44173779399
1!
#44173779399
1"
#44173796759
0!
#44173796759
0"
#44173805439
1!
#44173805439
1"
#44173814119
0!
#44173814119
0"
#44173822799
1!
#44173822799
1"
#44173831479
0!
#44173831479
0"
#44173848839
1!
#44173848839
1"
#44173857519
0!
#44173857519
0"
#44173866199
1!
#44173866199
1"
#44173883559
0!
#44173883559
0"
#44173892239
1!
#44173892239
1"
#44173900919
0!
#44173900919
0"
#44173909599
1!
#44173909599
1"
#44173926959
0!
#44173926959
0"
#44173944319
1!
#44173944319
1"
#44173970359
0!
#44173970359
0"
#44173979039
1!
#44173979039
1"
#44173987719
0!
#44173987719
0"
#44174031119
1!
#44174031119
1"
#44174057159
0!
#44174057159
0"
#44174065839
1!
#44174065839
1"
#44174074519
0!
#44174074519
0"
#44174100559
1!
#44174100559
1"
#44174117919
0!
#44174117919
0"
#44174126599
1!
#44174126599
1"
#44174143959
0!
#44174143959
0"
#44174152639
1!
#44174152639
1"
#44174161319
0!
#44174161319
0"
#44174169999
1!
#44174169999
1"
#44174178679
0!
#44174178679
0"
#44174213399
1!
#44174213399
1"
#44174230759
0!
#44174230759
0"
#44174239439
1!
#44174239439
1"
#44174248119
0!
#44174248119
0"
#44174256799
1!
#44174256799
1"
#44174265479
0!
#44174265479
0"
#44174282839
1!
#44174282839
1"
#44174317559
0!
#44174317559
0"
#44174326239
1!
#44174326239
1"
#44174334919
0!
#44174334919
0"
#44174386999
1!
#44174386999
1"
#44174395679
0!
#44174395679
0"
#44174413039
1!
#44174413039
1"
#44174421719
0!
#44174421719
0"
#44174447759
1!
#44174447759
1"
#44174456439
0!
#44174456439
0"
#44174465119
1!
#44174465119
1"
#44174491159
0!
#44174491159
0"
#44174499839
1!
#44174499839
1"
#44174508519
0!
#44174508519
0"
#44174517199
1!
#44174517199
1"
#44174525879
0!
#44174525879
0"
#44174543239
1!
#44174543239
1"
#44174551919
0!
#44174551919
0"
#44174560599
1!
#44174560599
1"
#44174577959
0!
#44174577959
0"
#44174586639
1!
#44174586639
1"
#44174595319
0!
#44174595319
0"
#44174603999
1!
#44174603999
1"
#44174612679
0!
#44174612679
0"
#44174621359
1!
#44174621359
1"
#44174638719
0!
#44174638719
0"
#44174647399
1!
#44174647399
1"
#44174664759
0!
#44174664759
0"
#44174673439
1!
#44174673439
1"
#44174682119
0!
#44174682119
0"
#44174690799
1!
#44174690799
1"
#44174699479
0!
#44174699479
0"
#44174708159
1!
#44174708159
1"
#44174716839
0!
#44174716839
0"
#44174734199
1!
#44174734199
1"
#44174751559
0!
#44174751559
0"
#44174760239
1!
#44174760239
1"
#44174768919
0!
#44174768919
0"
#44174786279
1!
#44174786279
1"
#44174794959
0!
#44174794959
0"
#44174803639
1!
#44174803639
1"
#44174829679
0!
#44174829679
0"
#44174847039
1!
#44174847039
1"
#44174855719
0!
#44174855719
0"
#44174907799
1!
#44174907799
1"
#44174916479
0!
#44174916479
0"
#44174933839
1!
#44174933839
1"
#44174942519
0!
#44174942519
0"
#44174959879
1!
#44174959879
1"
#44174968559
0!
#44174968559
0"
#44174985919
1!
#44174985919
1"
#44175003279
0!
#44175003279
0"
#44175020639
1!
#44175020639
1"
#44175029319
0!
#44175029319
0"
#44175072719
1!
#44175072719
1"
#44175090079
0!
#44175090079
0"
#44175107439
1!
#44175107439
1"
#44175116119
0!
#44175116119
0"
#44175159519
1!
#44175159519
1"
#44175176879
0!
#44175176879
0"
#44175194239
1!
#44175194239
1"
#44175202919
0!
#44175202919
0"
#44175246319
1!
#44175246319
1"
#44175263679
0!
#44175263679
0"
#44175281039
1!
#44175281039
1"
#44175289719
0!
#44175289719
0"
#44175315759
1!
#44175315759
1"
#44175333119
0!
#44175333119
0"
#44175341799
1!
#44175341799
1"
#44175350479
0!
#44175350479
0"
#44175367839
1!
#44175367839
1"
#44175376519
0!
#44175376519
0"
#44175428599
1!
#44175428599
1"
#44175437279
0!
#44175437279
0"
#44175454639
1!
#44175454639
1"
#44175463319
0!
#44175463319
0"
#44175471999
1!
#44175471999
1"
#44175489359
0!
#44175489359
0"
#44175506719
1!
#44175506719
1"
#44175532759
0!
#44175532759
0"
#44175541439
1!
#44175541439
1"
#44175550119
0!
#44175550119
0"
#44175558799
1!
#44175558799
1"
#44175567479
0!
#44175567479
0"
#44175576159
1!
#44175576159
1"
#44175584839
0!
#44175584839
0"
#44175602199
1!
#44175602199
1"
#44175619559
0!
#44175619559
0"
#44175628239
1!
#44175628239
1"
#44175636919
0!
#44175636919
0"
#44175654279
1!
#44175654279
1"
#44175680319
0!
#44175680319
0"
#44175688999
1!
#44175688999
1"
#44175706359
0!
#44175706359
0"
#44175715039
1!
#44175715039
1"
#44175723719
0!
#44175723719
0"
#44175732399
1!
#44175732399
1"
#44175749759
0!
#44175749759
0"
#44175767119
1!
#44175767119
1"
#44175793159
0!
#44175793159
0"
#44175801839
1!
#44175801839
1"
#44175810519
0!
#44175810519
0"
#44175819199
1!
#44175819199
1"
#44175853919
0!
#44175853919
0"
#44175862599
1!
#44175862599
1"
#44175879959
0!
#44175879959
0"
#44175888639
1!
#44175888639
1"
#44175897319
0!
#44175897319
0"
#44175914679
1!
#44175914679
1"
#44175923359
0!
#44175923359
0"
#44175940719
1!
#44175940719
1"
#44175966759
0!
#44175966759
0"
#44175975439
1!
#44175975439
1"
#44175984119
0!
#44175984119
0"
#44176036199
1!
#44176036199
1"
#44176044879
0!
#44176044879
0"
#44176062239
1!
#44176062239
1"
#44176070919
0!
#44176070919
0"
#44176096959
1!
#44176096959
1"
#44176105639
0!
#44176105639
0"
#44176114319
1!
#44176114319
1"
#44176140359
0!
#44176140359
0"
#44176149039
1!
#44176149039
1"
#44176157719
0!
#44176157719
0"
#44176166399
1!
#44176166399
1"
#44176175079
0!
#44176175079
0"
#44176192439
1!
#44176192439
1"
#44176201119
0!
#44176201119
0"
#44176209799
1!
#44176209799
1"
#44176227159
0!
#44176227159
0"
#44176235839
1!
#44176235839
1"
#44176244519
0!
#44176244519
0"
#44176253199
1!
#44176253199
1"
#44176261879
0!
#44176261879
0"
#44176270559
1!
#44176270559
1"
#44176287919
0!
#44176287919
0"
#44176296599
1!
#44176296599
1"
#44176313959
0!
#44176313959
0"
#44176322639
1!
#44176322639
1"
#44176331319
0!
#44176331319
0"
#44176339999
1!
#44176339999
1"
#44176348679
0!
#44176348679
0"
#44176357359
1!
#44176357359
1"
#44176366039
0!
#44176366039
0"
#44176383399
1!
#44176383399
1"
#44176400759
0!
#44176400759
0"
#44176409439
1!
#44176409439
1"
#44176418119
0!
#44176418119
0"
#44176435479
1!
#44176435479
1"
#44176444159
0!
#44176444159
0"
#44176452839
1!
#44176452839
1"
#44176478879
0!
#44176478879
0"
#44176496239
1!
#44176496239
1"
#44176504919
0!
#44176504919
0"
#44176556999
1!
#44176556999
1"
#44176565679
0!
#44176565679
0"
#44176583039
1!
#44176583039
1"
#44176591719
0!
#44176591719
0"
#44176600399
1!
#44176600399
1"
#44176609079
0!
#44176609079
0"
#44176635119
1!
#44176635119
1"
#44176652479
0!
#44176652479
0"
#44176669839
1!
#44176669839
1"
#44176678519
0!
#44176678519
0"
#44176721919
1!
#44176721919
1"
#44176739279
0!
#44176739279
0"
#44176756639
1!
#44176756639
1"
#44176765319
0!
#44176765319
0"
#44176808719
1!
#44176808719
1"
#44176826079
0!
#44176826079
0"
#44176843439
1!
#44176843439
1"
#44176852119
0!
#44176852119
0"
#44176869479
1!
#44176869479
1"
#44176878159
0!
#44176878159
0"
#44176886839
1!
#44176886839
1"
#44176895519
0!
#44176895519
0"
#44176930239
1!
#44176930239
1"
#44176938919
0!
#44176938919
0"
#44177017039
1!
#44177017039
1"
#44177025719
0!
#44177025719
0"
#44177060439
1!
#44177060439
1"
#44177069119
0!
#44177069119
0"
#44177103839
1!
#44177103839
1"
#44177112519
0!
#44177112519
0"
#44177190639
1!
#44177190639
1"
#44177199319
0!
#44177199319
0"
#44177277439
1!
#44177277439
1"
#44177286119
0!
#44177286119
0"
#44177364239
1!
#44177364239
1"
#44177372919
0!
#44177372919
0"
#44177424999
1!
#44177424999
1"
#44177442359
0!
#44177442359
0"
#44177451039
1!
#44177451039
1"
#44177459719
0!
#44177459719
0"
#44177477079
1!
#44177477079
1"
#44177503119
0!
#44177503119
0"
#44177520479
1!
#44177520479
1"
#44177546519
0!
#44177546519
0"
#44177563879
1!
#44177563879
1"
#44177589919
0!
#44177589919
0"
#44177607279
1!
#44177607279
1"
#44177633319
0!
#44177633319
0"
#44177641999
1!
#44177641999
1"
#44177694079
0!
#44177694079
0"
#44177711439
1!
#44177711439
1"
#44177720119
0!
#44177720119
0"
#44177728799
1!
#44177728799
1"
#44177746159
0!
#44177746159
0"
#44177798239
1!
#44177798239
1"
#44177806919
0!
#44177806919
0"
#44177885039
1!
#44177885039
1"
#44177893719
0!
#44177893719
0"
#44177971839
1!
#44177971839
1"
#44177980519
0!
#44177980519
0"
#44178058639
1!
#44178058639
1"
#44178067319
0!
#44178067319
0"
#44178075999
1!
#44178075999
1"
#44178084679
0!
#44178084679
0"
#44178128079
1!
#44178128079
1"
#44178136759
0!
#44178136759
0"
#44178145439
1!
#44178145439
1"
#44178154119
0!
#44178154119
0"
#44178162799
1!
#44178162799
1"
#44178171479
0!
#44178171479
0"
#44178197519
1!
#44178197519
1"
#44178206199
0!
#44178206199
0"
#44178214879
1!
#44178214879
1"
#46689040119
0!
#46689040119
0"
#46689048799
1!
#46689048799
1"
#46689057479
0!
#46689057479
0"
#46689066159
1!
#46689066159
1"
#46689074839
0!
#46689074839
0"
#46689092199
1!
#46689092199
1"
#46689100879
0!
#46689100879
0"
#46689109559
1!
#46689109559
1"
#46689126919
0!
#46689126919
0"
#46689144279
1!
#46689144279
1"
#46689152959
0!
#46689152959
0"
#46689161639
1!
#46689161639
1"
#46689178999
0!
#46689178999
0"
#46689187679
1!
#46689187679
1"
#46689196359
0!
#46689196359
0"
#46689205039
1!
#46689205039
1"
#46689213719
0!
#46689213719
0"
#46689222399
1!
#46689222399
1"
#46689231079
0!
#46689231079
0"
#46689291839
1!
#46689291839
1"
#46689300519
0!
#46689300519
0"
#46689326559
1!
#46689326559
1"
#46689335239
0!
#46689335239
0"
#46689352599
1!
#46689352599
1"
#46689369959
0!
#46689369959
0"
#46689378639
1!
#46689378639
1"
#46689387319
0!
#46689387319
0"
#46689404679
1!
#46689404679
1"
#46689413359
0!
#46689413359
0"
#46689430719
1!
#46689430719
1"
#46689439399
0!
#46689439399
0"
#46689448079
1!
#46689448079
1"
#46689456759
0!
#46689456759
0"
#46689465439
1!
#46689465439
1"
#46689474119
0!
#46689474119
0"
#46689482799
1!
#46689482799
1"
#46689491479
0!
#46689491479
0"
#46689500159
1!
#46689500159
1"
#46689508839
0!
#46689508839
0"
#46689526199
1!
#46689526199
1"
#46689543559
0!
#46689543559
0"
#46689552239
1!
#46689552239
1"
#46689560919
0!
#46689560919
0"
#46689569599
1!
#46689569599
1"
#46689586959
0!
#46689586959
0"
#46689604319
1!
#46689604319
1"
#46689630359
0!
#46689630359
0"
#46689639039
1!
#46689639039
1"
#46689647719
0!
#46689647719
0"
#46689656399
1!
#46689656399
1"
#46689665079
0!
#46689665079
0"
#46689673759
1!
#46689673759
1"
#46689682439
0!
#46689682439
0"
#46689691119
1!
#46689691119
1"
#46689717159
0!
#46689717159
0"
#46689725839
1!
#46689725839
1"
#46689734519
0!
#46689734519
0"
#46689760559
1!
#46689760559
1"
#46689777919
0!
#46689777919
0"
#46689786599
1!
#46689786599
1"
#46689803959
0!
#46689803959
0"
#46689812639
1!
#46689812639
1"
#46689821319
0!
#46689821319
0"
#46689847359
1!
#46689847359
1"
#46689856039
0!
#46689856039
0"
#46689864719
1!
#46689864719
1"
#46689890759
0!
#46689890759
0"
#46689899439
1!
#46689899439
1"
#46689908119
0!
#46689908119
0"
#46689925479
1!
#46689925479
1"
#46689934159
0!
#46689934159
0"
#46689942839
1!
#46689942839
1"
#46689968879
0!
#46689968879
0"
#46689986239
1!
#46689986239
1"
#46689994919
0!
#46689994919
0"
#46690046999
1!
#46690046999
1"
#46690055679
0!
#46690055679
0"
#46690073039
1!
#46690073039
1"
#46690081719
0!
#46690081719
0"
#46690090399
1!
#46690090399
1"
#46690116439
0!
#46690116439
0"
#46690133799
1!
#46690133799
1"
#46690151159
0!
#46690151159
0"
#46690159839
1!
#46690159839
1"
#46690168519
0!
#46690168519
0"
#46690203239
1!
#46690203239
1"
#46690237959
0!
#46690237959
0"
#46690246639
1!
#46690246639
1"
#46690255319
0!
#46690255319
0"
#46690272679
1!
#46690272679
1"
#46690281359
0!
#46690281359
0"
#46690290039
1!
#46690290039
1"
#46690316079
0!
#46690316079
0"
#46690333439
1!
#46690333439
1"
#46690342119
0!
#46690342119
0"
#46690394199
1!
#46690394199
1"
#46690402879
0!
#46690402879
0"
#46690420239
1!
#46690420239
1"
#46690428919
0!
#46690428919
0"
#46690480999
1!
#46690480999
1"
#46690489679
0!
#46690489679
0"
#46690507039
1!
#46690507039
1"
#46690515719
0!
#46690515719
0"
#46690567799
1!
#46690567799
1"
#46690576479
0!
#46690576479
0"
#46690593839
1!
#46690593839
1"
#46690602519
0!
#46690602519
0"
#46690654599
1!
#46690654599
1"
#46690663279
0!
#46690663279
0"
#46690680639
1!
#46690680639
1"
#46690689319
0!
#46690689319
0"
#46690741399
1!
#46690741399
1"
#46690750079
0!
#46690750079
0"
#46690767439
1!
#46690767439
1"
#46690776119
0!
#46690776119
0"
#46690828199
1!
#46690828199
1"
#46690836879
0!
#46690836879
0"
#46690854239
1!
#46690854239
1"
#46690862919
0!
#46690862919
0"
#46690906319
1!
#46690906319
1"
#46690923679
0!
#46690923679
0"
#46690941039
1!
#46690941039
1"
#46690949719
0!
#46690949719
0"
#46690967079
1!
#46690967079
1"
#46690993119
0!
#46690993119
0"
#46691001799
1!
#46691001799
1"
#46691010479
0!
#46691010479
0"
#46691027839
1!
#46691027839
1"
#46691036519
0!
#46691036519
0"
#46691079919
1!
#46691079919
1"
#46691097279
0!
#46691097279
0"
#46691114639
1!
#46691114639
1"
#46691123319
0!
#46691123319
0"
#46691149359
1!
#46691149359
1"
#46691166719
0!
#46691166719
0"
#46691175399
1!
#46691175399
1"
#46691184079
0!
#46691184079
0"
#46691201439
1!
#46691201439
1"
#46691210119
0!
#46691210119
0"
#46691262199
1!
#46691262199
1"
#46691270879
0!
#46691270879
0"
#46691288239
1!
#46691288239
1"
#46691296919
0!
#46691296919
0"
#46691305599
1!
#46691305599
1"
#46691331639
0!
#46691331639
0"
#46691348999
1!
#46691348999
1"
#46691366359
0!
#46691366359
0"
#46691375039
1!
#46691375039
1"
#46691383719
0!
#46691383719
0"
#46691392399
1!
#46691392399
1"
#46691401079
0!
#46691401079
0"
#46691418439
1!
#46691418439
1"
#46691453159
0!
#46691453159
0"
#46691461839
1!
#46691461839
1"
#46691470519
0!
#46691470519
0"
#46691487879
1!
#46691487879
1"
#46691496559
0!
#46691496559
0"
#46691505239
1!
#46691505239
1"
#46691531279
0!
#46691531279
0"
#46691548639
1!
#46691548639
1"
#46691557319
0!
#46691557319
0"
#46691609399
1!
#46691609399
1"
#46691618079
0!
#46691618079
0"
#46691635439
1!
#46691635439
1"
#46691644119
0!
#46691644119
0"
#46691696199
1!
#46691696199
1"
#46691704879
0!
#46691704879
0"
#46691722239
1!
#46691722239
1"
#46691730919
0!
#46691730919
0"
#46691782999
1!
#46691782999
1"
#46691791679
0!
#46691791679
0"
#46691809039
1!
#46691809039
1"
#46691817719
0!
#46691817719
0"
#46691869799
1!
#46691869799
1"
#46691878479
0!
#46691878479
0"
#46691895839
1!
#46691895839
1"
#46691904519
0!
#46691904519
0"
#46691956599
1!
#46691956599
1"
#46691965279
0!
#46691965279
0"
#46691982639
1!
#46691982639
1"
#46691991319
0!
#46691991319
0"
#46692043399
1!
#46692043399
1"
#46692052079
0!
#46692052079
0"
#46692069439
1!
#46692069439
1"
#46692078119
0!
#46692078119
0"
#46692121519
1!
#46692121519
1"
#46692138879
0!
#46692138879
0"
#46692156239
1!
#46692156239
1"
#46692164919
0!
#46692164919
0"
#46692182279
1!
#46692182279
1"
#46692208319
0!
#46692208319
0"
#46692216999
1!
#46692216999
1"
#46692225679
0!
#46692225679
0"
#46692243039
1!
#46692243039
1"
#46692251719
0!
#46692251719
0"
#46692295119
1!
#46692295119
1"
#46692312479
0!
#46692312479
0"
#46692329839
1!
#46692329839
1"
#46692338519
0!
#46692338519
0"
#46692364559
1!
#46692364559
1"
#46692381919
0!
#46692381919
0"
#46692390599
1!
#46692390599
1"
#46692399279
0!
#46692399279
0"
#46692416639
1!
#46692416639
1"
#46692425319
0!
#46692425319
0"
#46692477399
1!
#46692477399
1"
#46692486079
0!
#46692486079
0"
#46692503439
1!
#46692503439
1"
#46692512119
0!
#46692512119
0"
#46692520799
1!
#46692520799
1"
#46692546839
0!
#46692546839
0"
#46692564199
1!
#46692564199
1"
#46692581559
0!
#46692581559
0"
#46692590239
1!
#46692590239
1"
#46692598919
0!
#46692598919
0"
#46692616279
1!
#46692616279
1"
#46692624959
0!
#46692624959
0"
#46692633639
1!
#46692633639
1"
#46692668359
0!
#46692668359
0"
#46692677039
1!
#46692677039
1"
#46692685719
0!
#46692685719
0"
#46692703079
1!
#46692703079
1"
#46692711759
0!
#46692711759
0"
#46692720439
1!
#46692720439
1"
#46692746479
0!
#46692746479
0"
#46692763839
1!
#46692763839
1"
#46692772519
0!
#46692772519
0"
#46692824599
1!
#46692824599
1"
#46692833279
0!
#46692833279
0"
#46692850639
1!
#46692850639
1"
#46692859319
0!
#46692859319
0"
#46692911399
1!
#46692911399
1"
#46692920079
0!
#46692920079
0"
#46692937439
1!
#46692937439
1"
#46692946119
0!
#46692946119
0"
#46692998199
1!
#46692998199
1"
#46693006879
0!
#46693006879
0"
#46693024239
1!
#46693024239
1"
#46693032919
0!
#46693032919
0"
#46693084999
1!
#46693084999
1"
#46693093679
0!
#46693093679
0"
#46693111039
1!
#46693111039
1"
#46693119719
0!
#46693119719
0"
#46693171799
1!
#46693171799
1"
#46693180479
0!
#46693180479
0"
#46693197839
1!
#46693197839
1"
#46693206519
0!
#46693206519
0"
#46693258599
1!
#46693258599
1"
#46693267279
0!
#46693267279
0"
#46693284639
1!
#46693284639
1"
#46693293319
0!
#46693293319
0"
#46693336719
1!
#46693336719
1"
#46693354079
0!
#46693354079
0"
#46693371439
1!
#46693371439
1"
#46693380119
0!
#46693380119
0"
#46693397479
1!
#46693397479
1"
#46693423519
0!
#46693423519
0"
#46693432199
1!
#46693432199
1"
#46693440879
0!
#46693440879
0"
#46693458239
1!
#46693458239
1"
#46693466919
0!
#46693466919
0"
#46693510319
1!
#46693510319
1"
#46693527679
0!
#46693527679
0"
#46693545039
1!
#46693545039
1"
#46693553719
0!
#46693553719
0"
#46693579759
1!
#46693579759
1"
#46693597119
0!
#46693597119
0"
#46693605799
1!
#46693605799
1"
#46693614479
0!
#46693614479
0"
#46693631839
1!
#46693631839
1"
#46693640519
0!
#46693640519
0"
#46693692599
1!
#46693692599
1"
#46693701279
0!
#46693701279
0"
#46693718639
1!
#46693718639
1"
#46693727319
0!
#46693727319
0"
#46693753359
1!
#46693753359
1"
#46693762039
0!
#46693762039
0"
#46693779399
1!
#46693779399
1"
#46693796759
0!
#46693796759
0"
#46693805439
1!
#46693805439
1"
#46693814119
0!
#46693814119
0"
#46693822799
1!
#46693822799
1"
#46693831479
0!
#46693831479
0"
#46693848839
1!
#46693848839
1"
#46693857519
0!
#46693857519
0"
#46693866199
1!
#46693866199
1"
#46693883559
0!
#46693883559
0"
#46693892239
1!
#46693892239
1"
#46693900919
0!
#46693900919
0"
#46693909599
1!
#46693909599
1"
#46693926959
0!
#46693926959
0"
#46693944319
1!
#46693944319
1"
#46693970359
0!
#46693970359
0"
#46693979039
1!
#46693979039
1"
#46693987719
0!
#46693987719
0"
#46694031119
1!
#46694031119
1"
#46694057159
0!
#46694057159
0"
#46694065839
1!
#46694065839
1"
#46694074519
0!
#46694074519
0"
#46694100559
1!
#46694100559
1"
#46694117919
0!
#46694117919
0"
#46694126599
1!
#46694126599
1"
#46694143959
0!
#46694143959
0"
#46694152639
1!
#46694152639
1"
#46694161319
0!
#46694161319
0"
#46694169999
1!
#46694169999
1"
#46694178679
0!
#46694178679
0"
#46694213399
1!
#46694213399
1"
#46694230759
0!
#46694230759
0"
#46694239439
1!
#46694239439
1"
#46694248119
0!
#46694248119
0"
#46694256799
1!
#46694256799
1"
#46694265479
0!
#46694265479
0"
#46694282839
1!
#46694282839
1"
#46694317559
0!
#46694317559
0"
#46694326239
1!
#46694326239
1"
#46694334919
0!
#46694334919
0"
#46694386999
1!
#46694386999
1"
#46694395679
0!
#46694395679
0"
#46694413039
1!
#46694413039
1"
#46694421719
0!
#46694421719
0"
#46694447759
1!
#46694447759
1"
#46694456439
0!
#46694456439
0"
#46694465119
1!
#46694465119
1"
#46694491159
0!
#46694491159
0"
#46694499839
1!
#46694499839
1"
#46694508519
0!
#46694508519
0"
#46694517199
1!
#46694517199
1"
#46694525879
0!
#46694525879
0"
#46694543239
1!
#46694543239
1"
#46694551919
0!
#46694551919
0"
#46694560599
1!
#46694560599
1"
#46694577959
0!
#46694577959
0"
#46694586639
1!
#46694586639
1"
#46694595319
0!
#46694595319
0"
#46694603999
1!
#46694603999
1"
#46694612679
0!
#46694612679
0"
#46694621359
1!
#46694621359
1"
#46694638719
0!
#46694638719
0"
#46694647399
1!
#46694647399
1"
#46694664759
0!
#46694664759
0"
#46694673439
1!
#46694673439
1"
#46694682119
0!
#46694682119
0"
#46694690799
1!
#46694690799
1"
#46694699479
0!
#46694699479
0"
#46694708159
1!
#46694708159
1"
#46694716839
0!
#46694716839
0"
#46694734199
1!
#46694734199
1"
#46694751559
0!
#46694751559
0"
#46694760239
1!
#46694760239
1"
#46694768919
0!
#46694768919
0"
#46694786279
1!
#46694786279
1"
#46694794959
0!
#46694794959
0"
#46694803639
1!
#46694803639
1"
#46694829679
0!
#46694829679
0"
#46694847039
1!
#46694847039
1"
#46694855719
0!
#46694855719
0"
#46694907799
1!
#46694907799
1"
#46694916479
0!
#46694916479
0"
#46694933839
1!
#46694933839
1"
#46694942519
0!
#46694942519
0"
#46694959879
1!
#46694959879
1"
#46694968559
0!
#46694968559
0"
#46694985919
1!
#46694985919
1"
#46695003279
0!
#46695003279
0"
#46695020639
1!
#46695020639
1"
#46695029319
0!
#46695029319
0"
#46695072719
1!
#46695072719
1"
#46695090079
0!
#46695090079
0"
#46695107439
1!
#46695107439
1"
#46695116119
0!
#46695116119
0"
#46695159519
1!
#46695159519
1"
#46695176879
0!
#46695176879
0"
#46695194239
1!
#46695194239
1"
#46695202919
0!
#46695202919
0"
#46695246319
1!
#46695246319
1"
#46695263679
0!
#46695263679
0"
#46695281039
1!
#46695281039
1"
#46695289719
0!
#46695289719
0"
#46695315759
1!
#46695315759
1"
#46695333119
0!
#46695333119
0"
#46695341799
1!
#46695341799
1"
#46695350479
0!
#46695350479
0"
#46695367839
1!
#46695367839
1"
#46695376519
0!
#46695376519
0"
#46695428599
1!
#46695428599
1"
#46695437279
0!
#46695437279
0"
#46695454639
1!
#46695454639
1"
#46695463319
0!
#46695463319
0"
#46695471999
1!
#46695471999
1"
#46695489359
0!
#46695489359
0"
#46695506719
1!
#46695506719
1"
#46695532759
0!
#46695532759
0"
#46695541439
1!
#46695541439
1"
#46695550119
0!
#46695550119
0"
#46695558799
1!
#46695558799
1"
#46695567479
0!
#46695567479
0"
#46695576159
1!
#46695576159
1"
#46695584839
0!
#46695584839
0"
#46695602199
1!
#46695602199
1"
#46695619559
0!
#46695619559
0"
#46695628239
1!
#46695628239
1"
#46695636919
0!
#46695636919
0"
#46695654279
1!
#46695654279
1"
#46695680319
0!
#46695680319
0"
#46695688999
1!
#46695688999
1"
#46695706359
0!
#46695706359
0"
#46695715039
1!
#46695715039
1"
#46695723719
0!
#46695723719
0"
#46695732399
1!
#46695732399
1"
#46695749759
0!
#46695749759
0"
#46695767119
1!
#46695767119
1"
#46695793159
0!
#46695793159
0"
#46695801839
1!
#46695801839
1"
#46695810519
0!
#46695810519
0"
#46695819199
1!
#46695819199
1"
#46695853919
0!
#46695853919
0"
#46695862599
1!
#46695862599
1"
#46695879959
0!
#46695879959
0"
#46695888639
1!
#46695888639
1"
#46695897319
0!
#46695897319
0"
#46695914679
1!
#46695914679
1"
#46695923359
0!
#46695923359
0"
#46695940719
1!
#46695940719
1"
#46695966759
0!
#46695966759
0"
#46695975439
1!
#46695975439
1"
#46695984119
0!
#46695984119
0"
#46696036199
1!
#46696036199
1"
#46696044879
0!
#46696044879
0"
#46696062239
1!
#46696062239
1"
#46696070919
0!
#46696070919
0"
#46696096959
1!
#46696096959
1"
#46696105639
0!
#46696105639
0"
#46696114319
1!
#46696114319
1"
#46696140359
0!
#46696140359
0"
#46696149039
1!
#46696149039
1"
#46696157719
0!
#46696157719
0"
#46696166399
1!
#46696166399
1"
#46696175079
0!
#46696175079
0"
#46696192439
1!
#46696192439
1"
#46696201119
0!
#46696201119
0"
#46696209799
1!
#46696209799
1"
#46696227159
0!
#46696227159
0"
#46696235839
1!
#46696235839
1"
#46696244519
0!
#46696244519
0"
#46696253199
1!
#46696253199
1"
#46696261879
0!
#46696261879
0"
#46696270559
1!
#46696270559
1"
#46696287919
0!
#46696287919
0"
#46696296599
1!
#46696296599
1"
#46696313959
0!
#46696313959
0"
#46696322639
1!
#46696322639
1"
#46696331319
0!
#46696331319
0"
#46696339999
1!
#46696339999
1"
#46696348679
0!
#46696348679
0"
#46696357359
1!
#46696357359
1"
#46696366039
0!
#46696366039
0"
#46696383399
1!
#46696383399
1"
#46696400759
0!
#46696400759
0"
#46696409439
1!
#46696409439
1"
#46696418119
0!
#46696418119
0"
#46696435479
1!
#46696435479
1"
#46696444159
0!
#46696444159
0"
#46696452839
1!
#46696452839
1"
#46696478879
0!
#46696478879
0"
#46696496239
1!
#46696496239
1"
#46696504919
0!
#46696504919
0"
#46696556999
1!
#46696556999
1"
#46696565679
0!
#46696565679
0"
#46696583039
1!
#46696583039
1"
#46696591719
0!
#46696591719
0"
#46696600399
1!
#46696600399
1"
#46696609079
0!
#46696609079
0"
#46696635119
1!
#46696635119
1"
#46696652479
0!
#46696652479
0"
#46696669839
1!
#46696669839
1"
#46696678519
0!
#46696678519
0"
#46696721919
1!
#46696721919
1"
#46696739279
0!
#46696739279
0"
#46696756639
1!
#46696756639
1"
#46696765319
0!
#46696765319
0"
#46696808719
1!
#46696808719
1"
#46696826079
0!
#46696826079
0"
#46696843439
1!
#46696843439
1"
#46696852119
0!
#46696852119
0"
#46696869479
1!
#46696869479
1"
#46696878159
0!
#46696878159
0"
#46696886839
1!
#46696886839
1"
#46696895519
0!
#46696895519
0"
#46696930239
1!
#46696930239
1"
#46696938919
0!
#46696938919
0"
#46697017039
1!
#46697017039
1"
#46697025719
0!
#46697025719
0"
#46697060439
1!
#46697060439
1"
#46697069119
0!
#46697069119
0"
#46697103839
1!
#46697103839
1"
#46697112519
0!
#46697112519
0"
#46697190639
1!
#46697190639
1"
#46697199319
0!
#46697199319
0"
#46697277439
1!
#46697277439
1"
#46697286119
0!
#46697286119
0"
#46697364239
1!
#46697364239
1"
#46697372919
0!
#46697372919
0"
#46697424999
1!
#46697424999
1"
#46697442359
0!
#46697442359
0"
#46697451039
1!
#46697451039
1"
#46697459719
0!
#46697459719
0"
#46697477079
1!
#46697477079
1"
#46697503119
0!
#46697503119
0"
#46697520479
1!
#46697520479
1"
#46697546519
0!
#46697546519
0"
#46697563879
1!
#46697563879
1"
#46697589919
0!
#46697589919
0"
#46697607279
1!
#46697607279
1"
#46697633319
0!
#46697633319
0"
#46697641999
1!
#46697641999
1"
#46697694079
0!
#46697694079
0"
#46697711439
1!
#46697711439
1"
#46697720119
0!
#46697720119
0"
#46697728799
1!
#46697728799
1"
#46697746159
0!
#46697746159
0"
#46697798239
1!
#46697798239
1"
#46697806919
0!
#46697806919
0"
#46697885039
1!
#46697885039
1"
#46697893719
0!
#46697893719
0"
#46697971839
1!
#46697971839
1"
#46697980519
0!
#46697980519
0"
#46698058639
1!
#46698058639
1"
#46698067319
0!
#46698067319
0"
#46698075999
1!
#46698075999
1"
#46698084679
0!
#46698084679
0"
#46698128079
1!
#46698128079
1"
#46698136759
0!
#46698136759
0"
#46698145439
1!
#46698145439
1"
#46698154119
0!
#46698154119
0"
#46698162799
1!
#46698162799
1"
#46698171479
0!
#46698171479
0"
#46698197519
1!
#46698197519
1"
#46698206199
0!
#46698206199
0"
#46698214879
1!
#46698214879
1"
#49209040119
0!
#49209040119
0"
#49209048799
1!
#49209048799
1"
#49209057479
0!
#49209057479
0"
#49209066159
1!
#49209066159
1"
#49209074839
0!
#49209074839
0"
#49209092199
1!
#49209092199
1"
#49209100879
0!
#49209100879
0"
#49209109559
1!
#49209109559
1"
#49209126919
0!
#49209126919
0"
#49209144279
1!
#49209144279
1"
#49209152959
0!
#49209152959
0"
#49209161639
1!
#49209161639
1"
#49209178999
0!
#49209178999
0"
#49209187679
1!
#49209187679
1"
#49209196359
0!
#49209196359
0"
#49209205039
1!
#49209205039
1"
#49209213719
0!
#49209213719
0"
#49209222399
1!
#49209222399
1"
#49209231079
0!
#49209231079
0"
#49209291839
1!
#49209291839
1"
#49209300519
0!
#49209300519
0"
#49209326559
1!
#49209326559
1"
#49209335239
0!
#49209335239
0"
#49209352599
1!
#49209352599
1"
#49209369959
0!
#49209369959
0"
#49209378639
1!
#49209378639
1"
#49209387319
0!
#49209387319
0"
#49209404679
1!
#49209404679
1"
#49209413359
0!
#49209413359
0"
#49209430719
1!
#49209430719
1"
#49209439399
0!
#49209439399
0"
#49209448079
1!
#49209448079
1"
#49209456759
0!
#49209456759
0"
#49209465439
1!
#49209465439
1"
#49209474119
0!
#49209474119
0"
#49209482799
1!
#49209482799
1"
#49209491479
0!
#49209491479
0"
#49209500159
1!
#49209500159
1"
#49209508839
0!
#49209508839
0"
#49209526199
1!
#49209526199
1"
#49209543559
0!
#49209543559
0"
#49209552239
1!
#49209552239
1"
#49209560919
0!
#49209560919
0"
#49209569599
1!
#49209569599
1"
#49209586959
0!
#49209586959
0"
#49209604319
1!
#49209604319
1"
#49209630359
0!
#49209630359
0"
#49209639039
1!
#49209639039
1"
#49209647719
0!
#49209647719
0"
#49209656399
1!
#49209656399
1"
#49209665079
0!
#49209665079
0"
#49209673759
1!
#49209673759
1"
#49209682439
0!
#49209682439
0"
#49209691119
1!
#49209691119
1"
#49209717159
0!
#49209717159
0"
#49209725839
1!
#49209725839
1"
#49209734519
0!
#49209734519
0"
#49209760559
1!
#49209760559
1"
#49209777919
0!
#49209777919
0"
#49209786599
1!
#49209786599
1"
#49209803959
0!
#49209803959
0"
#49209812639
1!
#49209812639
1"
#49209821319
0!
#49209821319
0"
#49209847359
1!
#49209847359
1"
#49209856039
0!
#49209856039
0"
#49209864719
1!
#49209864719
1"
#49209890759
0!
#49209890759
0"
#49209899439
1!
#49209899439
1"
#49209908119
0!
#49209908119
0"
#49209925479
1!
#49209925479
1"
#49209934159
0!
#49209934159
0"
#49209942839
1!
#49209942839
1"
#49209968879
0!
#49209968879
0"
#49209986239
1!
#49209986239
1"
#49209994919
0!
#49209994919
0"
#49210046999
1!
#49210046999
1"
#49210055679
0!
#49210055679
0"
#49210073039
1!
#49210073039
1"
#49210081719
0!
#49210081719
0"
#49210090399
1!
#49210090399
1"
#49210116439
0!
#49210116439
0"
#49210133799
1!
#49210133799
1"
#49210151159
0!
#49210151159
0"
#49210159839
1!
#49210159839
1"
#49210168519
0!
#49210168519
0"
#49210203239
1!
#49210203239
1"
#49210237959
0!
#49210237959
0"
#49210246639
1!
#49210246639
1"
#49210255319
0!
#49210255319
0"
#49210272679
1!
#49210272679
1"
#49210281359
0!
#49210281359
0"
#49210290039
1!
#49210290039
1"
#49210316079
0!
#49210316079
0"
#49210333439
1!
#49210333439
1"
#49210342119
0!
#49210342119
0"
#49210394199
1!
#49210394199
1"
#49210402879
0!
#49210402879
0"
#49210420239
1!
#49210420239
1"
#49210428919
0!
#49210428919
0"
#49210480999
1!
#49210480999
1"
#49210489679
0!
#49210489679
0"
#49210507039
1!
#49210507039
1"
#49210515719
0!
#49210515719
0"
#49210567799
1!
#49210567799
1"
#49210576479
0!
#49210576479
0"
#49210593839
1!
#49210593839
1"
#49210602519
0!
#49210602519
0"
#49210654599
1!
#49210654599
1"
#49210663279
0!
#49210663279
0"
#49210680639
1!
#49210680639
1"
#49210689319
0!
#49210689319
0"
#49210741399
1!
#49210741399
1"
#49210750079
0!
#49210750079
0"
#49210767439
1!
#49210767439
1"
#49210776119
0!
#49210776119
0"
#49210828199
1!
#49210828199
1"
#49210836879
0!
#49210836879
0"
#49210854239
1!
#49210854239
1"
#49210862919
0!
#49210862919
0"
#49210906319
1!
#49210906319
1"
#49210923679
0!
#49210923679
0"
#49210941039
1!
#49210941039
1"
#49210949719
0!
#49210949719
0"
#49210967079
1!
#49210967079
1"
#49210993119
0!
#49210993119
0"
#49211001799
1!
#49211001799
1"
#49211010479
0!
#49211010479
0"
#49211027839
1!
#49211027839
1"
#49211036519
0!
#49211036519
0"
#49211079919
1!
#49211079919
1"
#49211097279
0!
#49211097279
0"
#49211114639
1!
#49211114639
1"
#49211123319
0!
#49211123319
0"
#49211149359
1!
#49211149359
1"
#49211166719
0!
#49211166719
0"
#49211175399
1!
#49211175399
1"
#49211184079
0!
#49211184079
0"
#49211201439
1!
#49211201439
1"
#49211210119
0!
#49211210119
0"
#49211262199
1!
#49211262199
1"
#49211270879
0!
#49211270879
0"
#49211288239
1!
#49211288239
1"
#49211296919
0!
#49211296919
0"
#49211305599
1!
#49211305599
1"
#49211331639
0!
#49211331639
0"
#49211348999
1!
#49211348999
1"
#49211366359
0!
#49211366359
0"
#49211375039
1!
#49211375039
1"
#49211383719
0!
#49211383719
0"
#49211392399
1!
#49211392399
1"
#49211401079
0!
#49211401079
0"
#49211418439
1!
#49211418439
1"
#49211453159
0!
#49211453159
0"
#49211461839
1!
#49211461839
1"
#49211470519
0!
#49211470519
0"
#49211487879
1!
#49211487879
1"
#49211496559
0!
#49211496559
0"
#49211505239
1!
#49211505239
1"
#49211531279
0!
#49211531279
0"
#49211548639
1!
#49211548639
1"
#49211557319
0!
#49211557319
0"
#49211609399
1!
#49211609399
1"
#49211618079
0!
#49211618079
0"
#49211635439
1!
#49211635439
1"
#49211644119
0!
#49211644119
0"
#49211696199
1!
#49211696199
1"
#49211704879
0!
#49211704879
0"
#49211722239
1!
#49211722239
1"
#49211730919
0!
#49211730919
0"
#49211782999
1!
#49211782999
1"
#49211791679
0!
#49211791679
0"
#49211809039
1!
#49211809039
1"
#49211817719
0!
#49211817719
0"
#49211869799
1!
#49211869799
1"
#49211878479
0!
#49211878479
0"
#49211895839
1!
#49211895839
1"
#49211904519
0!
#49211904519
0"
#49211956599
1!
#49211956599
1"
#49211965279
0!
#49211965279
0"
#49211982639
1!
#49211982639
1"
#49211991319
0!
#49211991319
0"
#49212043399
1!
#49212043399
1"
#49212052079
0!
#49212052079
0"
#49212069439
1!
#49212069439
1"
#49212078119
0!
#49212078119
0"
#49212121519
1!
#49212121519
1"
#49212138879
0!
#49212138879
0"
#49212156239
1!
#49212156239
1"
#49212164919
0!
#49212164919
0"
#49212182279
1!
#49212182279
1"
#49212208319
0!
#49212208319
0"
#49212216999
1!
#49212216999
1"
#49212225679
0!
#49212225679
0"
#49212243039
1!
#49212243039
1"
#49212251719
0!
#49212251719
0"
#49212295119
1!
#49212295119
1"
#49212312479
0!
#49212312479
0"
#49212329839
1!
#49212329839
1"
#49212338519
0!
#49212338519
0"
#49212364559
1!
#49212364559
1"
#49212381919
0!
#49212381919
0"
#49212390599
1!
#49212390599
1"
#49212399279
0!
#49212399279
0"
#49212416639
1!
#49212416639
1"
#49212425319
0!
#49212425319
0"
#49212477399
1!
#49212477399
1"
#49212486079
0!
#49212486079
0"
#49212503439
1!
#49212503439
1"
#49212512119
0!
#49212512119
0"
#49212520799
1!
#49212520799
1"
#49212546839
0!
#49212546839
0"
#49212564199
1!
#49212564199
1"
#49212581559
0!
#49212581559
0"
#49212590239
1!
#49212590239
1"
#49212598919
0!
#49212598919
0"
#49212616279
1!
#49212616279
1"
#49212624959
0!
#49212624959
0"
#49212633639
1!
#49212633639
1"
#49212668359
0!
#49212668359
0"
#49212677039
1!
#49212677039
1"
#49212685719
0!
#49212685719
0"
#49212703079
1!
#49212703079
1"
#49212711759
0!
#49212711759
0"
#49212720439
1!
#49212720439
1"
#49212746479
0!
#49212746479
0"
#49212763839
1!
#49212763839
1"
#49212772519
0!
#49212772519
0"
#49212824599
1!
#49212824599
1"
#49212833279
0!
#49212833279
0"
#49212850639
1!
#49212850639
1"
#49212859319
0!
#49212859319
0"
#49212911399
1!
#49212911399
1"
#49212920079
0!
#49212920079
0"
#49212937439
1!
#49212937439
1"
#49212946119
0!
#49212946119
0"
#49212998199
1!
#49212998199
1"
#49213006879
0!
#49213006879
0"
#49213024239
1!
#49213024239
1"
#49213032919
0!
#49213032919
0"
#49213084999
1!
#49213084999
1"
#49213093679
0!
#49213093679
0"
#49213111039
1!
#49213111039
1"
#49213119719
0!
#49213119719
0"
#49213171799
1!
#49213171799
1"
#49213180479
0!
#49213180479
0"
#49213197839
1!
#49213197839
1"
#49213206519
0!
#49213206519
0"
#49213258599
1!
#49213258599
1"
#49213267279
0!
#49213267279
0"
#49213284639
1!
#49213284639
1"
#49213293319
0!
#49213293319
0"
#49213336719
1!
#49213336719
1"
#49213354079
0!
#49213354079
0"
#49213371439
1!
#49213371439
1"
#49213380119
0!
#49213380119
0"
#49213397479
1!
#49213397479
1"
#49213423519
0!
#49213423519
0"
#49213432199
1!
#49213432199
1"
#49213440879
0!
#49213440879
0"
#49213458239
1!
#49213458239
1"
#49213466919
0!
#49213466919
0"
#49213510319
1!
#49213510319
1"
#49213527679
0!
#49213527679
0"
#49213545039
1!
#49213545039
1"
#49213553719
0!
#49213553719
0"
#49213579759
1!
#49213579759
1"
#49213597119
0!
#49213597119
0"
#49213605799
1!
#49213605799
1"
#49213614479
0!
#49213614479
0"
#49213631839
1!
#49213631839
1"
#49213640519
0!
#49213640519
0"
#49213692599
1!
#49213692599
1"
#49213701279
0!
#49213701279
0"
#49213718639
1!
#49213718639
1"
#49213727319
0!
#49213727319
0"
#49213753359
1!
#49213753359
1"
#49213762039
0!
#49213762039
0"
#49213779399
1!
#49213779399
1"
#49213796759
0!
#49213796759
0"
#49213805439
1!
#49213805439
1"
#49213814119
0!
#49213814119
0"
#49213822799
1!
#49213822799
1"
#49213831479
0!
#49213831479
0"
#49213848839
1!
#49213848839
1"
#49213857519
0!
#49213857519
0"
#49213866199
1!
#49213866199
1"
#49213883559
0!
#49213883559
0"
#49213892239
1!
#49213892239
1"
#49213900919
0!
#49213900919
0"
#49213909599
1!
#49213909599
1"
#49213926959
0!
#49213926959
0"
#49213944319
1!
#49213944319
1"
#49213970359
0!
#49213970359
0"
#49213979039
1!
#49213979039
1"
#49213987719
0!
#49213987719
0"
#49214031119
1!
#49214031119
1"
#49214057159
0!
#49214057159
0"
#49214065839
1!
#49214065839
1"
#49214074519
0!
#49214074519
0"
#49214100559
1!
#49214100559
1"
#49214117919
0!
#49214117919
0"
#49214126599
1!
#49214126599
1"
#49214143959
0!
#49214143959
0"
#49214152639
1!
#49214152639
1"
#49214161319
0!
#49214161319
0"
#49214169999
1!
#49214169999
1"
#49214178679
0!
#49214178679
0"
#49214213399
1!
#49214213399
1"
#49214230759
0!
#49214230759
0"
#49214239439
1!
#49214239439
1"
#49214248119
0!
#49214248119
0"
#49214256799
1!
#49214256799
1"
#49214265479
0!
#49214265479
0"
#49214282839
1!
#49214282839
1"
#49214317559
0!
#49214317559
0"
#49214326239
1!
#49214326239
1"
#49214334919
0!
#49214334919
0"
#49214386999
1!
#49214386999
1"
#49214395679
0!
#49214395679
0"
#49214413039
1!
#49214413039
1"
#49214421719
0!
#49214421719
0"
#49214447759
1!
#49214447759
1"
#49214456439
0!
#49214456439
0"
#49214465119
1!
#49214465119
1"
#49214491159
0!
#49214491159
0"
#49214499839
1!
#49214499839
1"
#49214508519
0!
#49214508519
0"
#49214517199
1!
#49214517199
1"
#49214525879
0!
#49214525879
0"
#49214543239
1!
#49214543239
1"
#49214551919
0!
#49214551919
0"
#49214560599
1!
#49214560599
1"
#49214577959
0!
#49214577959
0"
#49214586639
1!
#49214586639
1"
#49214595319
0!
#49214595319
0"
#49214603999
1!
#49214603999
1"
#49214612679
0!
#49214612679
0"
#49214621359
1!
#49214621359
1"
#49214638719
0!
#49214638719
0"
#49214647399
1!
#49214647399
1"
#49214664759
0!
#49214664759
0"
#49214673439
1!
#49214673439
1"
#49214682119
0!
#49214682119
0"
#49214690799
1!
#49214690799
1"
#49214699479
0!
#49214699479
0"
#49214708159
1!
#49214708159
1"
#49214716839
0!
#49214716839
0"
#49214734199
1!
#49214734199
1"
#49214751559
0!
#49214751559
0"
#49214760239
1!
#49214760239
1"
#49214768919
0!
#49214768919
0"
#49214786279
1!
#49214786279
1"
#49214794959
0!
#49214794959
0"
#49214803639
1!
#49214803639
1"
#49214829679
0!
#49214829679
0"
#49214847039
1!
#49214847039
1"
#49214855719
0!
#49214855719
0"
#49214907799
1!
#49214907799
1"
#49214916479
0!
#49214916479
0"
#49214933839
1!
#49214933839
1"
#49214942519
0!
#49214942519
0"
#49214959879
1!
#49214959879
1"
#49214968559
0!
#49214968559
0"
#49214985919
1!
#49214985919
1"
#49215003279
0!
#49215003279
0"
#49215020639
1!
#49215020639
1"
#49215029319
0!
#49215029319
0"
#49215072719
1!
#49215072719
1"
#49215090079
0!
#49215090079
0"
#49215107439
1!
#49215107439
1"
#49215116119
0!
#49215116119
0"
#49215159519
1!
#49215159519
1"
#49215176879
0!
#49215176879
0"
#49215194239
1!
#49215194239
1"
#49215202919
0!
#49215202919
0"
#49215246319
1!
#49215246319
1"
#49215263679
0!
#49215263679
0"
#49215281039
1!
#49215281039
1"
#49215289719
0!
#49215289719
0"
#49215315759
1!
#49215315759
1"
#49215333119
0!
#49215333119
0"
#49215341799
1!
#49215341799
1"
#49215350479
0!
#49215350479
0"
#49215367839
1!
#49215367839
1"
#49215376519
0!
#49215376519
0"
#49215428599
1!
#49215428599
1"
#49215437279
0!
#49215437279
0"
#49215454639
1!
#49215454639
1"
#49215463319
0!
#49215463319
0"
#49215471999
1!
#49215471999
1"
#49215489359
0!
#49215489359
0"
#49215506719
1!
#49215506719
1"
#49215532759
0!
#49215532759
0"
#49215541439
1!
#49215541439
1"
#49215550119
0!
#49215550119
0"
#49215558799
1!
#49215558799
1"
#49215567479
0!
#49215567479
0"
#49215576159
1!
#49215576159
1"
#49215584839
0!
#49215584839
0"
#49215602199
1!
#49215602199
1"
#49215619559
0!
#49215619559
0"
#49215628239
1!
#49215628239
1"
#49215636919
0!
#49215636919
0"
#49215654279
1!
#49215654279
1"
#49215680319
0!
#49215680319
0"
#49215688999
1!
#49215688999
1"
#49215706359
0!
#49215706359
0"
#49215715039
1!
#49215715039
1"
#49215723719
0!
#49215723719
0"
#49215732399
1!
#49215732399
1"
#49215749759
0!
#49215749759
0"
#49215767119
1!
#49215767119
1"
#49215793159
0!
#49215793159
0"
#49215801839
1!
#49215801839
1"
#49215810519
0!
#49215810519
0"
#49215819199
1!
#49215819199
1"
#49215853919
0!
#49215853919
0"
#49215862599
1!
#49215862599
1"
#49215879959
0!
#49215879959
0"
#49215888639
1!
#49215888639
1"
#49215897319
0!
#49215897319
0"
#49215914679
1!
#49215914679
1"
#49215923359
0!
#49215923359
0"
#49215940719
1!
#49215940719
1"
#49215966759
0!
#49215966759
0"
#49215975439
1!
#49215975439
1"
#49215984119
0!
#49215984119
0"
#49216036199
1!
#49216036199
1"
#49216044879
0!
#49216044879
0"
#49216062239
1!
#49216062239
1"
#49216070919
0!
#49216070919
0"
#49216096959
1!
#49216096959
1"
#49216105639
0!
#49216105639
0"
#49216114319
1!
#49216114319
1"
#49216140359
0!
#49216140359
0"
#49216149039
1!
#49216149039
1"
#49216157719
0!
#49216157719
0"
#49216166399
1!
#49216166399
1"
#49216175079
0!
#49216175079
0"
#49216192439
1!
#49216192439
1"
#49216201119
0!
#49216201119
0"
#49216209799
1!
#49216209799
1"
#49216227159
0!
#49216227159
0"
#49216235839
1!
#49216235839
1"
#49216244519
0!
#49216244519
0"
#49216253199
1!
#49216253199
1"
#49216261879
0!
#49216261879
0"
#49216270559
1!
#49216270559
1"
#49216287919
0!
#49216287919
0"
#49216296599
1!
#49216296599
1"
#49216313959
0!
#49216313959
0"
#49216322639
1!
#49216322639
1"
#49216331319
0!
#49216331319
0"
#49216339999
1!
#49216339999
1"
#49216348679
0!
#49216348679
0"
#49216357359
1!
#49216357359
1"
#49216366039
0!
#49216366039
0"
#49216383399
1!
#49216383399
1"
#49216400759
0!
#49216400759
0"
#49216409439
1!
#49216409439
1"
#49216418119
0!
#49216418119
0"
#49216435479
1!
#49216435479
1"
#49216444159
0!
#49216444159
0"
#49216452839
1!
#49216452839
1"
#49216478879
0!
#49216478879
0"
#49216496239
1!
#49216496239
1"
#49216504919
0!
#49216504919
0"
#49216556999
1!
#49216556999
1"
#49216565679
0!
#49216565679
0"
#49216583039
1!
#49216583039
1"
#49216591719
0!
#49216591719
0"
#49216600399
1!
#49216600399
1"
#49216609079
0!
#49216609079
0"
#49216635119
1!
#49216635119
1"
#49216652479
0!
#49216652479
0"
#49216669839
1!
#49216669839
1"
#49216678519
0!
#49216678519
0"
#49216721919
1!
#49216721919
1"
#49216739279
0!
#49216739279
0"
#49216756639
1!
#49216756639
1"
#49216765319
0!
#49216765319
0"
#49216808719
1!
#49216808719
1"
#49216826079
0!
#49216826079
0"
#49216843439
1!
#49216843439
1"
#49216852119
0!
#49216852119
0"
#49216869479
1!
#49216869479
1"
#49216878159
0!
#49216878159
0"
#49216886839
1!
#49216886839
1"
#49216895519
0!
#49216895519
0"
#49216930239
1!
#49216930239
1"
#49216938919
0!
#49216938919
0"
#49217017039
1!
#49217017039
1"
#49217025719
0!
#49217025719
0"
#49217060439
1!
#49217060439
1"
#49217069119
0!
#49217069119
0"
#49217103839
1!
#49217103839
1"
#49217112519
0!
#49217112519
0"
#49217190639
1!
#49217190639
1"
#49217199319
0!
#49217199319
0"
#49217277439
1!
#49217277439
1"
#49217286119
0!
#49217286119
0"
#49217364239
1!
#49217364239
1"
#49217372919
0!
#49217372919
0"
#49217424999
1!
#49217424999
1"
#49217442359
0!
#49217442359
0"
#49217451039
1!
#49217451039
1"
#49217459719
0!
#49217459719
0"
#49217477079
1!
#49217477079
1"
#49217503119
0!
#49217503119
0"
#49217520479
1!
#49217520479
1"
#49217546519
0!
#49217546519
0"
#49217563879
1!
#49217563879
1"
#49217589919
0!
#49217589919
0"
#49217607279
1!
#49217607279
1"
#49217633319
0!
#49217633319
0"
#49217641999
1!
#49217641999
1"
#49217694079
0!
#49217694079
0"
#49217711439
1!
#49217711439
1"
#49217720119
0!
#49217720119
0"
#49217728799
1!
#49217728799
1"
#49217746159
0!
#49217746159
0"
#49217798239
1!
#49217798239
1"
#49217806919
0!
#49217806919
0"
#49217885039
1!
#49217885039
1"
#49217893719
0!
#49217893719
0"
#49217971839
1!
#49217971839
1"
#49217980519
0!
#49217980519
0"
#49218058639
1!
#49218058639
1"
#49218067319
0!
#49218067319
0"
#49218075999
1!
#49218075999
1"
#49218084679
0!
#49218084679
0"
#49218128079
1!
#49218128079
1"
#49218136759
0!
#49218136759
0"
#49218145439
1!
#49218145439
1"
#49218154119
0!
#49218154119
0"
#49218162799
1!
#49218162799
1"
#49218171479
0!
#49218171479
0"
#49218197519
1!
#49218197519
1"
#49218206199
0!
#49218206199
0"
#49218214879
1!
#49218214879
1"
#51729040119
0!
#51729040119
0"
#51729048799
1!
#51729048799
1"
#51729057479
0!
#51729057479
0"
#51729066159
1!
#51729066159
1"
#51729074839
0!
#51729074839
0"
#51729092199
1!
#51729092199
1"
#51729100879
0!
#51729100879
0"
#51729109559
1!
#51729109559
1"
#51729126919
0!
#51729126919
0"
#51729144279
1!
#51729144279
1"
#51729152959
0!
#51729152959
0"
#51729161639
1!
#51729161639
1"
#51729178999
0!
#51729178999
0"
#51729187679
1!
#51729187679
1"
#51729196359
0!
#51729196359
0"
#51729205039
1!
#51729205039
1"
#51729213719
0!
#51729213719
0"
#51729222399
1!
#51729222399
1"
#51729231079
0!
#51729231079
0"
#51729291839
1!
#51729291839
1"
#51729300519
0!
#51729300519
0"
#51729326559
1!
#51729326559
1"
#51729335239
0!
#51729335239
0"
#51729352599
1!
#51729352599
1"
#51729369959
0!
#51729369959
0"
#51729378639
1!
#51729378639
1"
#51729387319
0!
#51729387319
0"
#51729404679
1!
#51729404679
1"
#51729413359
0!
#51729413359
0"
#51729430719
1!
#51729430719
1"
#51729439399
0!
#51729439399
0"
#51729448079
1!
#51729448079
1"
#51729456759
0!
#51729456759
0"
#51729465439
1!
#51729465439
1"
#51729474119
0!
#51729474119
0"
#51729482799
1!
#51729482799
1"
#51729491479
0!
#51729491479
0"
#51729500159
1!
#51729500159
1"
#51729508839
0!
#51729508839
0"
#51729526199
1!
#51729526199
1"
#51729543559
0!
#51729543559
0"
#51729552239
1!
#51729552239
1"
#51729560919
0!
#51729560919
0"
#51729569599
1!
#51729569599
1"
#51729586959
0!
#51729586959
0"
#51729604319
1!
#51729604319
1"
#51729630359
0!
#51729630359
0"
#51729639039
1!
#51729639039
1"
#51729647719
0!
#51729647719
0"
#51729656399
1!
#51729656399
1"
#51729665079
0!
#51729665079
0"
#51729673759
1!
#51729673759
1"
#51729682439
0!
#51729682439
0"
#51729691119
1!
#51729691119
1"
#51729717159
0!
#51729717159
0"
#51729725839
1!
#51729725839
1"
#51729734519
0!
#51729734519
0"
#51729760559
1!
#51729760559
1"
#51729777919
0!
#51729777919
0"
#51729786599
1!
#51729786599
1"
#51729803959
0!
#51729803959
0"
#51729812639
1!
#51729812639
1"
#51729821319
0!
#51729821319
0"
#51729847359
1!
#51729847359
1"
#51729856039
0!
#51729856039
0"
#51729864719
1!
#51729864719
1"
#51729890759
0!
#51729890759
0"
#51729899439
1!
#51729899439
1"
#51729908119
0!
#51729908119
0"
#51729925479
1!
#51729925479
1"
#51729934159
0!
#51729934159
0"
#51729942839
1!
#51729942839
1"
#51729968879
0!
#51729968879
0"
#51729986239
1!
#51729986239
1"
#51729994919
0!
#51729994919
0"
#51730046999
1!
#51730046999
1"
#51730055679
0!
#51730055679
0"
#51730073039
1!
#51730073039
1"
#51730081719
0!
#51730081719
0"
#51730090399
1!
#51730090399
1"
#51730116439
0!
#51730116439
0"
#51730133799
1!
#51730133799
1"
#51730151159
0!
#51730151159
0"
#51730159839
1!
#51730159839
1"
#51730168519
0!
#51730168519
0"
#51730203239
1!
#51730203239
1"
#51730237959
0!
#51730237959
0"
#51730246639
1!
#51730246639
1"
#51730255319
0!
#51730255319
0"
#51730272679
1!
#51730272679
1"
#51730281359
0!
#51730281359
0"
#51730290039
1!
#51730290039
1"
#51730316079
0!
#51730316079
0"
#51730333439
1!
#51730333439
1"
#51730342119
0!
#51730342119
0"
#51730394199
1!
#51730394199
1"
#51730402879
0!
#51730402879
0"
#51730420239
1!
#51730420239
1"
#51730428919
0!
#51730428919
0"
#51730480999
1!
#51730480999
1"
#51730489679
0!
#51730489679
0"
#51730507039
1!
#51730507039
1"
#51730515719
0!
#51730515719
0"
#51730567799
1!
#51730567799
1"
#51730576479
0!
#51730576479
0"
#51730593839
1!
#51730593839
1"
#51730602519
0!
#51730602519
0"
#51730654599
1!
#51730654599
1"
#51730663279
0!
#51730663279
0"
#51730680639
1!
#51730680639
1"
#51730689319
0!
#51730689319
0"
#51730741399
1!
#51730741399
1"
#51730750079
0!
#51730750079
0"
#51730767439
1!
#51730767439
1"
#51730776119
0!
#51730776119
0"
#51730828199
1!
#51730828199
1"
#51730836879
0!
#51730836879
0"
#51730854239
1!
#51730854239
1"
#51730862919
0!
#51730862919
0"
#51730906319
1!
#51730906319
1"
#51730923679
0!
#51730923679
0"
#51730941039
1!
#51730941039
1"
#51730949719
0!
#51730949719
0"
#51730967079
1!
#51730967079
1"
#51730993119
0!
#51730993119
0"
#51731001799
1!
#51731001799
1"
#51731010479
0!
#51731010479
0"
#51731027839
1!
#51731027839
1"
#51731036519
0!
#51731036519
0"
#51731079919
1!
#51731079919
1"
#51731097279
0!
#51731097279
0"
#51731114639
1!
#51731114639
1"
#51731123319
0!
#51731123319
0"
#51731149359
1!
#51731149359
1"
#51731166719
0!
#51731166719
0"
#51731175399
1!
#51731175399
1"
#51731184079
0!
#51731184079
0"
#51731201439
1!
#51731201439
1"
#51731210119
0!
#51731210119
0"
#51731262199
1!
#51731262199
1"
#51731270879
0!
#51731270879
0"
#51731288239
1!
#51731288239
1"
#51731296919
0!
#51731296919
0"
#51731305599
1!
#51731305599
1"
#51731331639
0!
#51731331639
0"
#51731348999
1!
#51731348999
1"
#51731366359
0!
#51731366359
0"
#51731375039
1!
#51731375039
1"
#51731383719
0!
#51731383719
0"
#51731392399
1!
#51731392399
1"
#51731401079
0!
#51731401079
0"
#51731418439
1!
#51731418439
1"
#51731453159
0!
#51731453159
0"
#51731461839
1!
#51731461839
1"
#51731470519
0!
#51731470519
0"
#51731487879
1!
#51731487879
1"
#51731496559
0!
#51731496559
0"
#51731505239
1!
#51731505239
1"
#51731531279
0!
#51731531279
0"
#51731548639
1!
#51731548639
1"
#51731557319
0!
#51731557319
0"
#51731609399
1!
#51731609399
1"
#51731618079
0!
#51731618079
0"
#51731635439
1!
#51731635439
1"
#51731644119
0!
#51731644119
0"
#51731696199
1!
#51731696199
1"
#51731704879
0!
#51731704879
0"
#51731722239
1!
#51731722239
1"
#51731730919
0!
#51731730919
0"
#51731782999
1!
#51731782999
1"
#51731791679
0!
#51731791679
0"
#51731809039
1!
#51731809039
1"
#51731817719
0!
#51731817719
0"
#51731869799
1!
#51731869799
1"
#51731878479
0!
#51731878479
0"
#51731895839
1!
#51731895839
1"
#51731904519
0!
#51731904519
0"
#51731956599
1!
#51731956599
1"
#51731965279
0!
#51731965279
0"
#51731982639
1!
#51731982639
1"
#51731991319
0!
#51731991319
0"
#51732043399
1!
#51732043399
1"
#51732052079
0!
#51732052079
0"
#51732069439
1!
#51732069439
1"
#51732078119
0!
#51732078119
0"
#51732121519
1!
#51732121519
1"
#51732138879
0!
#51732138879
0"
#51732156239
1!
#51732156239
1"
#51732164919
0!
#51732164919
0"
#51732182279
1!
#51732182279
1"
#51732208319
0!
#51732208319
0"
#51732216999
1!
#51732216999
1"
#51732225679
0!
#51732225679
0"
#51732243039
1!
#51732243039
1"
#51732251719
0!
#51732251719
0"
#51732295119
1!
#51732295119
1"
#51732312479
0!
#51732312479
0"
#51732329839
1!
#51732329839
1"
#51732338519
0!
#51732338519
0"
#51732364559
1!
#51732364559
1"
#51732381919
0!
#51732381919
0"
#51732390599
1!
#51732390599
1"
#51732399279
0!
#51732399279
0"
#51732416639
1!
#51732416639
1"
#51732425319
0!
#51732425319
0"
#51732477399
1!
#51732477399
1"
#51732486079
0!
#51732486079
0"
#51732503439
1!
#51732503439
1"
#51732512119
0!
#51732512119
0"
#51732520799
1!
#51732520799
1"
#51732546839
0!
#51732546839
0"
#51732564199
1!
#51732564199
1"
#51732581559
0!
#51732581559
0"
#51732590239
1!
#51732590239
1"
#51732598919
0!
#51732598919
0"
#51732616279
1!
#51732616279
1"
#51732624959
0!
#51732624959
0"
#51732633639
1!
#51732633639
1"
#51732668359
0!
#51732668359
0"
#51732677039
1!
#51732677039
1"
#51732685719
0!
#51732685719
0"
#51732703079
1!
#51732703079
1"
#51732711759
0!
#51732711759
0"
#51732720439
1!
#51732720439
1"
#51732746479
0!
#51732746479
0"
#51732763839
1!
#51732763839
1"
#51732772519
0!
#51732772519
0"
#51732824599
1!
#51732824599
1"
#51732833279
0!
#51732833279
0"
#51732850639
1!
#51732850639
1"
#51732859319
0!
#51732859319
0"
#51732911399
1!
#51732911399
1"
#51732920079
0!
#51732920079
0"
#51732937439
1!
#51732937439
1"
#51732946119
0!
#51732946119
0"
#51732998199
1!
#51732998199
1"
#51733006879
0!
#51733006879
0"
#51733024239
1!
#51733024239
1"
#51733032919
0!
#51733032919
0"
#51733084999
1!
#51733084999
1"
#51733093679
0!
#51733093679
0"
#51733111039
1!
#51733111039
1"
#51733119719
0!
#51733119719
0"
#51733171799
1!
#51733171799
1"
#51733180479
0!
#51733180479
0"
#51733197839
1!
#51733197839
1"
#51733206519
0!
#51733206519
0"
#51733258599
1!
#51733258599
1"
#51733267279
0!
#51733267279
0"
#51733284639
1!
#51733284639
1"
#51733293319
0!
#51733293319
0"
#51733336719
1!
#51733336719
1"
#51733354079
0!
#51733354079
0"
#51733371439
1!
#51733371439
1"
#51733380119
0!
#51733380119
0"
#51733397479
1!
#51733397479
1"
#51733423519
0!
#51733423519
0"
#51733432199
1!
#51733432199
1"
#51733440879
0!
#51733440879
0"
#51733458239
1!
#51733458239
1"
#51733466919
0!
#51733466919
0"
#51733510319
1!
#51733510319
1"
#51733527679
0!
#51733527679
0"
#51733545039
1!
#51733545039
1"
#51733553719
0!
#51733553719
0"
#51733579759
1!
#51733579759
1"
#51733597119
0!
#51733597119
0"
#51733605799
1!
#51733605799
1"
#51733614479
0!
#51733614479
0"
#51733631839
1!
#51733631839
1"
#51733640519
0!
#51733640519
0"
#51733692599
1!
#51733692599
1"
#51733701279
0!
#51733701279
0"
#51733718639
1!
#51733718639
1"
#51733727319
0!
#51733727319
0"
#51733753359
1!
#51733753359
1"
#51733762039
0!
#51733762039
0"
#51733779399
1!
#51733779399
1"
#51733796759
0!
#51733796759
0"
#51733805439
1!
#51733805439
1"
#51733814119
0!
#51733814119
0"
#51733822799
1!
#51733822799
1"
#51733831479
0!
#51733831479
0"
#51733848839
1!
#51733848839
1"
#51733857519
0!
#51733857519
0"
#51733866199
1!
#51733866199
1"
#51733883559
0!
#51733883559
0"
#51733892239
1!
#51733892239
1"
#51733900919
0!
#51733900919
0"
#51733909599
1!
#51733909599
1"
#51733926959
0!
#51733926959
0"
#51733944319
1!
#51733944319
1"
#51733970359
0!
#51733970359
0"
#51733979039
1!
#51733979039
1"
#51733987719
0!
#51733987719
0"
#51734031119
1!
#51734031119
1"
#51734057159
0!
#51734057159
0"
#51734065839
1!
#51734065839
1"
#51734074519
0!
#51734074519
0"
#51734100559
1!
#51734100559
1"
#51734117919
0!
#51734117919
0"
#51734126599
1!
#51734126599
1"
#51734143959
0!
#51734143959
0"
#51734152639
1!
#51734152639
1"
#51734161319
0!
#51734161319
0"
#51734169999
1!
#51734169999
1"
#51734178679
0!
#51734178679
0"
#51734213399
1!
#51734213399
1"
#51734230759
0!
#51734230759
0"
#51734239439
1!
#51734239439
1"
#51734248119
0!
#51734248119
0"
#51734256799
1!
#51734256799
1"
#51734265479
0!
#51734265479
0"
#51734282839
1!
#51734282839
1"
#51734317559
0!
#51734317559
0"
#51734326239
1!
#51734326239
1"
#51734334919
0!
#51734334919
0"
#51734386999
1!
#51734386999
1"
#51734395679
0!
#51734395679
0"
#51734413039
1!
#51734413039
1"
#51734421719
0!
#51734421719
0"
#51734447759
1!
#51734447759
1"
#51734456439
0!
#51734456439
0"
#51734465119
1!
#51734465119
1"
#51734491159
0!
#51734491159
0"
#51734499839
1!
#51734499839
1"
#51734508519
0!
#51734508519
0"
#51734517199
1!
#51734517199
1"
#51734525879
0!
#51734525879
0"
#51734543239
1!
#51734543239
1"
#51734551919
0!
#51734551919
0"
#51734560599
1!
#51734560599
1"
#51734577959
0!
#51734577959
0"
#51734586639
1!
#51734586639
1"
#51734595319
0!
#51734595319
0"
#51734603999
1!
#51734603999
1"
#51734612679
0!
#51734612679
0"
#51734621359
1!
#51734621359
1"
#51734638719
0!
#51734638719
0"
#51734647399
1!
#51734647399
1"
#51734664759
0!
#51734664759
0"
#51734673439
1!
#51734673439
1"
#51734682119
0!
#51734682119
0"
#51734690799
1!
#51734690799
1"
#51734699479
0!
#51734699479
0"
#51734708159
1!
#51734708159
1"
#51734716839
0!
#51734716839
0"
#51734734199
1!
#51734734199
1"
#51734751559
0!
#51734751559
0"
#51734760239
1!
#51734760239
1"
#51734768919
0!
#51734768919
0"
#51734786279
1!
#51734786279
1"
#51734794959
0!
#51734794959
0"
#51734803639
1!
#51734803639
1"
#51734829679
0!
#51734829679
0"
#51734847039
1!
#51734847039
1"
#51734855719
0!
#51734855719
0"
#51734907799
1!
#51734907799
1"
#51734916479
0!
#51734916479
0"
#51734933839
1!
#51734933839
1"
#51734942519
0!
#51734942519
0"
#51734959879
1!
#51734959879
1"
#51734968559
0!
#51734968559
0"
#51734985919
1!
#51734985919
1"
#51735003279
0!
#51735003279
0"
#51735020639
1!
#51735020639
1"
#51735029319
0!
#51735029319
0"
#51735072719
1!
#51735072719
1"
#51735090079
0!
#51735090079
0"
#51735107439
1!
#51735107439
1"
#51735116119
0!
#51735116119
0"
#51735159519
1!
#51735159519
1"
#51735176879
0!
#51735176879
0"
#51735194239
1!
#51735194239
1"
#51735202919
0!
#51735202919
0"
#51735246319
1!
#51735246319
1"
#51735263679
0!
#51735263679
0"
#51735281039
1!
#51735281039
1"
#51735289719
0!
#51735289719
0"
#51735315759
1!
#51735315759
1"
#51735333119
0!
#51735333119
0"
#51735341799
1!
#51735341799
1"
#51735350479
0!
#51735350479
0"
#51735367839
1!
#51735367839
1"
#51735376519
0!
#51735376519
0"
#51735428599
1!
#51735428599
1"
#51735437279
0!
#51735437279
0"
#51735454639
1!
#51735454639
1"
#51735463319
0!
#51735463319
0"
#51735471999
1!
#51735471999
1"
#51735489359
0!
#51735489359
0"
#51735506719
1!
#51735506719
1"
#51735532759
0!
#51735532759
0"
#51735541439
1!
#51735541439
1"
#51735550119
0!
#51735550119
0"
#51735558799
1!
#51735558799
1"
#51735567479
0!
#51735567479
0"
#51735576159
1!
#51735576159
1"
#51735584839
0!
#51735584839
0"
#51735602199
1!
#51735602199
1"
#51735619559
0!
#51735619559
0"
#51735628239
1!
#51735628239
1"
#51735636919
0!
#51735636919
0"
#51735654279
1!
#51735654279
1"
#51735680319
0!
#51735680319
0"
#51735688999
1!
#51735688999
1"
#51735706359
0!
#51735706359
0"
#51735715039
1!
#51735715039
1"
#51735723719
0!
#51735723719
0"
#51735732399
1!
#51735732399
1"
#51735749759
0!
#51735749759
0"
#51735767119
1!
#51735767119
1"
#51735793159
0!
#51735793159
0"
#51735801839
1!
#51735801839
1"
#51735810519
0!
#51735810519
0"
#51735819199
1!
#51735819199
1"
#51735853919
0!
#51735853919
0"
#51735862599
1!
#51735862599
1"
#51735879959
0!
#51735879959
0"
#51735888639
1!
#51735888639
1"
#51735897319
0!
#51735897319
0"
#51735914679
1!
#51735914679
1"
#51735923359
0!
#51735923359
0"
#51735940719
1!
#51735940719
1"
#51735966759
0!
#51735966759
0"
#51735975439
1!
#51735975439
1"
#51735984119
0!
#51735984119
0"
#51736036199
1!
#51736036199
1"
#51736044879
0!
#51736044879
0"
#51736062239
1!
#51736062239
1"
#51736070919
0!
#51736070919
0"
#51736096959
1!
#51736096959
1"
#51736105639
0!
#51736105639
0"
#51736114319
1!
#51736114319
1"
#51736140359
0!
#51736140359
0"
#51736149039
1!
#51736149039
1"
#51736157719
0!
#51736157719
0"
#51736166399
1!
#51736166399
1"
#51736175079
0!
#51736175079
0"
#51736192439
1!
#51736192439
1"
#51736201119
0!
#51736201119
0"
#51736209799
1!
#51736209799
1"
#51736227159
0!
#51736227159
0"
#51736235839
1!
#51736235839
1"
#51736244519
0!
#51736244519
0"
#51736253199
1!
#51736253199
1"
#51736261879
0!
#51736261879
0"
#51736270559
1!
#51736270559
1"
#51736287919
0!
#51736287919
0"
#51736296599
1!
#51736296599
1"
#51736313959
0!
#51736313959
0"
#51736322639
1!
#51736322639
1"
#51736331319
0!
#51736331319
0"
#51736339999
1!
#51736339999
1"
#51736348679
0!
#51736348679
0"
#51736357359
1!
#51736357359
1"
#51736366039
0!
#51736366039
0"
#51736383399
1!
#51736383399
1"
#51736400759
0!
#51736400759
0"
#51736409439
1!
#51736409439
1"
#51736418119
0!
#51736418119
0"
#51736435479
1!
#51736435479
1"
#51736444159
0!
#51736444159
0"
#51736452839
1!
#51736452839
1"
#51736478879
0!
#51736478879
0"
#51736496239
1!
#51736496239
1"
#51736504919
0!
#51736504919
0"
#51736556999
1!
#51736556999
1"
#51736565679
0!
#51736565679
0"
#51736583039
1!
#51736583039
1"
#51736591719
0!
#51736591719
0"
#51736600399
1!
#51736600399
1"
#51736609079
0!
#51736609079
0"
#51736635119
1!
#51736635119
1"
#51736652479
0!
#51736652479
0"
#51736669839
1!
#51736669839
1"
#51736678519
0!
#51736678519
0"
#51736721919
1!
#51736721919
1"
#51736739279
0!
#51736739279
0"
#51736756639
1!
#51736756639
1"
#51736765319
0!
#51736765319
0"
#51736808719
1!
#51736808719
1"
#51736826079
0!
#51736826079
0"
#51736843439
1!
#51736843439
1"
#51736852119
0!
#51736852119
0"
#51736869479
1!
#51736869479
1"
#51736878159
0!
#51736878159
0"
#51736886839
1!
#51736886839
1"
#51736895519
0!
#51736895519
0"
#51736930239
1!
#51736930239
1"
#51736938919
0!
#51736938919
0"
#51737017039
1!
#51737017039
1"
#51737025719
0!
#51737025719
0"
#51737060439
1!
#51737060439
1"
#51737069119
0!
#51737069119
0"
#51737103839
1!
#51737103839
1"
#51737112519
0!
#51737112519
0"
#51737190639
1!
#51737190639
1"
#51737199319
0!
#51737199319
0"
#51737277439
1!
#51737277439
1"
#51737286119
0!
#51737286119
0"
#51737364239
1!
#51737364239
1"
#51737372919
0!
#51737372919
0"
#51737424999
1!
#51737424999
1"
#51737442359
0!
#51737442359
0"
#51737451039
1!
#51737451039
1"
#51737459719
0!
#51737459719
0"
#51737477079
1!
#51737477079
1"
#51737503119
0!
#51737503119
0"
#51737520479
1!
#51737520479
1"
#51737546519
0!
#51737546519
0"
#51737563879
1!
#51737563879
1"
#51737589919
0!
#51737589919
0"
#51737607279
1!
#51737607279
1"
#51737633319
0!
#51737633319
0"
#51737641999
1!
#51737641999
1"
#51737694079
0!
#51737694079
0"
#51737711439
1!
#51737711439
1"
#51737720119
0!
#51737720119
0"
#51737728799
1!
#51737728799
1"
#51737746159
0!
#51737746159
0"
#51737798239
1!
#51737798239
1"
#51737806919
0!
#51737806919
0"
#51737885039
1!
#51737885039
1"
#51737893719
0!
#51737893719
0"
#51737971839
1!
#51737971839
1"
#51737980519
0!
#51737980519
0"
#51738058639
1!
#51738058639
1"
#51738067319
0!
#51738067319
0"
#51738075999
1!
#51738075999
1"
#51738084679
0!
#51738084679
0"
#51738128079
1!
#51738128079
1"
#51738136759
0!
#51738136759
0"
#51738145439
1!
#51738145439
1"
#51738154119
0!
#51738154119
0"
#51738162799
1!
#51738162799
1"
#51738171479
0!
#51738171479
0"
#51738197519
1!
#51738197519
1"
#51738206199
0!
#51738206199
0"
#51738214879
1!
#51738214879
1"
#54249485819
0!
#54249485819
0"
#54249494499
1!
#54249494499
1"
#54249503179
0!
#54249503179
0"
#54249511859
1!
#54249511859
1"
#54249520539
0!
#54249520539
0"
#54249537899
1!
#54249537899
1"
#54249546579
0!
#54249546579
0"
#54249555259
1!
#54249555259
1"
#54249572619
0!
#54249572619
0"
#54249589979
1!
#54249589979
1"
#54249598659
0!
#54249598659
0"
#54249607339
1!
#54249607339
1"
#54249624699
0!
#54249624699
0"
#54249633379
1!
#54249633379
1"
#54249642059
0!
#54249642059
0"
#54249650739
1!
#54249650739
1"
#54249659419
0!
#54249659419
0"
#54249668099
1!
#54249668099
1"
#54249676779
0!
#54249676779
0"
#54249737539
1!
#54249737539
1"
#54249746219
0!
#54249746219
0"
#54249772259
1!
#54249772259
1"
#54249780939
0!
#54249780939
0"
#54249798299
1!
#54249798299
1"
#54249815659
0!
#54249815659
0"
#54249824339
1!
#54249824339
1"
#54249833019
0!
#54249833019
0"
#54249850379
1!
#54249850379
1"
#54249859059
0!
#54249859059
0"
#54249876419
1!
#54249876419
1"
#54249885099
0!
#54249885099
0"
#54249893779
1!
#54249893779
1"
#54249902459
0!
#54249902459
0"
#54249911139
1!
#54249911139
1"
#54249919819
0!
#54249919819
0"
#54249928499
1!
#54249928499
1"
#54249937179
0!
#54249937179
0"
#54249945859
1!
#54249945859
1"
#54249954539
0!
#54249954539
0"
#54249971899
1!
#54249971899
1"
#54249989259
0!
#54249989259
0"
#54249997939
1!
#54249997939
1"
#54250006619
0!
#54250006619
0"
#54250015299
1!
#54250015299
1"
#54250032659
0!
#54250032659
0"
#54250050019
1!
#54250050019
1"
#54250076059
0!
#54250076059
0"
#54250084739
1!
#54250084739
1"
#54250093419
0!
#54250093419
0"
#54250102099
1!
#54250102099
1"
#54250110779
0!
#54250110779
0"
#54250119459
1!
#54250119459
1"
#54250128139
0!
#54250128139
0"
#54250136819
1!
#54250136819
1"
#54250162859
0!
#54250162859
0"
#54250171539
1!
#54250171539
1"
#54250180219
0!
#54250180219
0"
#54250206259
1!
#54250206259
1"
#54250223619
0!
#54250223619
0"
#54250232299
1!
#54250232299
1"
#54250249659
0!
#54250249659
0"
#54250258339
1!
#54250258339
1"
#54250267019
0!
#54250267019
0"
#54250293059
1!
#54250293059
1"
#54250301739
0!
#54250301739
0"
#54250310419
1!
#54250310419
1"
#54250336459
0!
#54250336459
0"
#54250345139
1!
#54250345139
1"
#54250353819
0!
#54250353819
0"
#54250371179
1!
#54250371179
1"
#54250379859
0!
#54250379859
0"
#54250388539
1!
#54250388539
1"
#54250414579
0!
#54250414579
0"
#54250431939
1!
#54250431939
1"
#54250440619
0!
#54250440619
0"
#54250492699
1!
#54250492699
1"
#54250501379
0!
#54250501379
0"
#54250518739
1!
#54250518739
1"
#54250527419
0!
#54250527419
0"
#54250536099
1!
#54250536099
1"
#54250562139
0!
#54250562139
0"
#54250579499
1!
#54250579499
1"
#54250596859
0!
#54250596859
0"
#54250605539
1!
#54250605539
1"
#54250614219
0!
#54250614219
0"
#54250648939
1!
#54250648939
1"
#54250683659
0!
#54250683659
0"
#54250692339
1!
#54250692339
1"
#54250701019
0!
#54250701019
0"
#54250718379
1!
#54250718379
1"
#54250727059
0!
#54250727059
0"
#54250735739
1!
#54250735739
1"
#54250761779
0!
#54250761779
0"
#54250779139
1!
#54250779139
1"
#54250787819
0!
#54250787819
0"
#54250839899
1!
#54250839899
1"
#54250848579
0!
#54250848579
0"
#54250865939
1!
#54250865939
1"
#54250874619
0!
#54250874619
0"
#54250926699
1!
#54250926699
1"
#54250935379
0!
#54250935379
0"
#54250952739
1!
#54250952739
1"
#54250961419
0!
#54250961419
0"
#54251013499
1!
#54251013499
1"
#54251022179
0!
#54251022179
0"
#54251039539
1!
#54251039539
1"
#54251048219
0!
#54251048219
0"
#54251100299
1!
#54251100299
1"
#54251108979
0!
#54251108979
0"
#54251126339
1!
#54251126339
1"
#54251135019
0!
#54251135019
0"
#54251187099
1!
#54251187099
1"
#54251195779
0!
#54251195779
0"
#54251213139
1!
#54251213139
1"
#54251221819
0!
#54251221819
0"
#54251273899
1!
#54251273899
1"
#54251282579
0!
#54251282579
0"
#54251299939
1!
#54251299939
1"
#54251308619
0!
#54251308619
0"
#54251352019
1!
#54251352019
1"
#54251369379
0!
#54251369379
0"
#54251386739
1!
#54251386739
1"
#54251395419
0!
#54251395419
0"
#54251412779
1!
#54251412779
1"
#54251438819
0!
#54251438819
0"
#54251447499
1!
#54251447499
1"
#54251456179
0!
#54251456179
0"
#54251473539
1!
#54251473539
1"
#54251482219
0!
#54251482219
0"
#54251525619
1!
#54251525619
1"
#54251542979
0!
#54251542979
0"
#54251560339
1!
#54251560339
1"
#54251569019
0!
#54251569019
0"
#54251595059
1!
#54251595059
1"
#54251612419
0!
#54251612419
0"
#54251621099
1!
#54251621099
1"
#54251629779
0!
#54251629779
0"
#54251647139
1!
#54251647139
1"
#54251655819
0!
#54251655819
0"
#54251707899
1!
#54251707899
1"
#54251716579
0!
#54251716579
0"
#54251733939
1!
#54251733939
1"
#54251742619
0!
#54251742619
0"
#54251751299
1!
#54251751299
1"
#54251777339
0!
#54251777339
0"
#54251794699
1!
#54251794699
1"
#54251812059
0!
#54251812059
0"
#54251820739
1!
#54251820739
1"
#54251829419
0!
#54251829419
0"
#54251838099
1!
#54251838099
1"
#54251846779
0!
#54251846779
0"
#54251864139
1!
#54251864139
1"
#54251898859
0!
#54251898859
0"
#54251907539
1!
#54251907539
1"
#54251916219
0!
#54251916219
0"
#54251933579
1!
#54251933579
1"
#54251942259
0!
#54251942259
0"
#54251950939
1!
#54251950939
1"
#54251976979
0!
#54251976979
0"
#54251994339
1!
#54251994339
1"
#54252003019
0!
#54252003019
0"
#54252055099
1!
#54252055099
1"
#54252063779
0!
#54252063779
0"
#54252081139
1!
#54252081139
1"
#54252089819
0!
#54252089819
0"
#54252141899
1!
#54252141899
1"
#54252150579
0!
#54252150579
0"
#54252167939
1!
#54252167939
1"
#54252176619
0!
#54252176619
0"
#54252228699
1!
#54252228699
1"
#54252237379
0!
#54252237379
0"
#54252254739
1!
#54252254739
1"
#54252263419
0!
#54252263419
0"
#54252315499
1!
#54252315499
1"
#54252324179
0!
#54252324179
0"
#54252341539
1!
#54252341539
1"
#54252350219
0!
#54252350219
0"
#54252402299
1!
#54252402299
1"
#54252410979
0!
#54252410979
0"
#54252428339
1!
#54252428339
1"
#54252437019
0!
#54252437019
0"
#54252489099
1!
#54252489099
1"
#54252497779
0!
#54252497779
0"
#54252515139
1!
#54252515139
1"
#54252523819
0!
#54252523819
0"
#54252567219
1!
#54252567219
1"
#54252584579
0!
#54252584579
0"
#54252601939
1!
#54252601939
1"
#54252610619
0!
#54252610619
0"
#54252627979
1!
#54252627979
1"
#54252654019
0!
#54252654019
0"
#54252662699
1!
#54252662699
1"
#54252671379
0!
#54252671379
0"
#54252688739
1!
#54252688739
1"
#54252697419
0!
#54252697419
0"
#54252740819
1!
#54252740819
1"
#54252758179
0!
#54252758179
0"
#54252775539
1!
#54252775539
1"
#54252784219
0!
#54252784219
0"
#54252810259
1!
#54252810259
1"
#54252827619
0!
#54252827619
0"
#54252836299
1!
#54252836299
1"
#54252844979
0!
#54252844979
0"
#54252862339
1!
#54252862339
1"
#54252871019
0!
#54252871019
0"
#54252923099
1!
#54252923099
1"
#54252931779
0!
#54252931779
0"
#54252949139
1!
#54252949139
1"
#54252957819
0!
#54252957819
0"
#54252966499
1!
#54252966499
1"
#54252992539
0!
#54252992539
0"
#54253009899
1!
#54253009899
1"
#54253027259
0!
#54253027259
0"
#54253035939
1!
#54253035939
1"
#54253044619
0!
#54253044619
0"
#54253061979
1!
#54253061979
1"
#54253070659
0!
#54253070659
0"
#54253079339
1!
#54253079339
1"
#54253114059
0!
#54253114059
0"
#54253122739
1!
#54253122739
1"
#54253131419
0!
#54253131419
0"
#54253148779
1!
#54253148779
1"
#54253157459
0!
#54253157459
0"
#54253166139
1!
#54253166139
1"
#54253192179
0!
#54253192179
0"
#54253209539
1!
#54253209539
1"
#54253218219
0!
#54253218219
0"
#54253270299
1!
#54253270299
1"
#54253278979
0!
#54253278979
0"
#54253296339
1!
#54253296339
1"
#54253305019
0!
#54253305019
0"
#54253357099
1!
#54253357099
1"
#54253365779
0!
#54253365779
0"
#54253383139
1!
#54253383139
1"
#54253391819
0!
#54253391819
0"
#54253443899
1!
#54253443899
1"
#54253452579
0!
#54253452579
0"
#54253469939
1!
#54253469939
1"
#54253478619
0!
#54253478619
0"
#54253530699
1!
#54253530699
1"
#54253539379
0!
#54253539379
0"
#54253556739
1!
#54253556739
1"
#54253565419
0!
#54253565419
0"
#54253617499
1!
#54253617499
1"
#54253626179
0!
#54253626179
0"
#54253643539
1!
#54253643539
1"
#54253652219
0!
#54253652219
0"
#54253704299
1!
#54253704299
1"
#54253712979
0!
#54253712979
0"
#54253730339
1!
#54253730339
1"
#54253739019
0!
#54253739019
0"
#54253782419
1!
#54253782419
1"
#54253799779
0!
#54253799779
0"
#54253817139
1!
#54253817139
1"
#54253825819
0!
#54253825819
0"
#54253843179
1!
#54253843179
1"
#54253869219
0!
#54253869219
0"
#54253877899
1!
#54253877899
1"
#54253886579
0!
#54253886579
0"
#54253903939
1!
#54253903939
1"
#54253912619
0!
#54253912619
0"
#54253956019
1!
#54253956019
1"
#54253973379
0!
#54253973379
0"
#54253990739
1!
#54253990739
1"
#54253999419
0!
#54253999419
0"
#54254025459
1!
#54254025459
1"
#54254042819
0!
#54254042819
0"
#54254051499
1!
#54254051499
1"
#54254060179
0!
#54254060179
0"
#54254077539
1!
#54254077539
1"
#54254086219
0!
#54254086219
0"
#54254138299
1!
#54254138299
1"
#54254146979
0!
#54254146979
0"
#54254164339
1!
#54254164339
1"
#54254173019
0!
#54254173019
0"
#54254199059
1!
#54254199059
1"
#54254207739
0!
#54254207739
0"
#54254225099
1!
#54254225099
1"
#54254242459
0!
#54254242459
0"
#54254251139
1!
#54254251139
1"
#54254259819
0!
#54254259819
0"
#54254268499
1!
#54254268499
1"
#54254277179
0!
#54254277179
0"
#54254294539
1!
#54254294539
1"
#54254303219
0!
#54254303219
0"
#54254311899
1!
#54254311899
1"
#54254329259
0!
#54254329259
0"
#54254337939
1!
#54254337939
1"
#54254346619
0!
#54254346619
0"
#54254355299
1!
#54254355299
1"
#54254372659
0!
#54254372659
0"
#54254390019
1!
#54254390019
1"
#54254416059
0!
#54254416059
0"
#54254424739
1!
#54254424739
1"
#54254433419
0!
#54254433419
0"
#54254476819
1!
#54254476819
1"
#54254502859
0!
#54254502859
0"
#54254511539
1!
#54254511539
1"
#54254520219
0!
#54254520219
0"
#54254546259
1!
#54254546259
1"
#54254563619
0!
#54254563619
0"
#54254572299
1!
#54254572299
1"
#54254589659
0!
#54254589659
0"
#54254598339
1!
#54254598339
1"
#54254607019
0!
#54254607019
0"
#54254615699
1!
#54254615699
1"
#54254624379
0!
#54254624379
0"
#54254659099
1!
#54254659099
1"
#54254676459
0!
#54254676459
0"
#54254685139
1!
#54254685139
1"
#54254693819
0!
#54254693819
0"
#54254702499
1!
#54254702499
1"
#54254711179
0!
#54254711179
0"
#54254728539
1!
#54254728539
1"
#54254763259
0!
#54254763259
0"
#54254771939
1!
#54254771939
1"
#54254780619
0!
#54254780619
0"
#54254832699
1!
#54254832699
1"
#54254841379
0!
#54254841379
0"
#54254858739
1!
#54254858739
1"
#54254867419
0!
#54254867419
0"
#54254893459
1!
#54254893459
1"
#54254902139
0!
#54254902139
0"
#54254910819
1!
#54254910819
1"
#54254936859
0!
#54254936859
0"
#54254945539
1!
#54254945539
1"
#54254954219
0!
#54254954219
0"
#54254962899
1!
#54254962899
1"
#54254971579
0!
#54254971579
0"
#54254988939
1!
#54254988939
1"
#54254997619
0!
#54254997619
0"
#54255006299
1!
#54255006299
1"
#54255023659
0!
#54255023659
0"
#54255032339
1!
#54255032339
1"
#54255041019
0!
#54255041019
0"
#54255049699
1!
#54255049699
1"
#54255058379
0!
#54255058379
0"
#54255067059
1!
#54255067059
1"
#54255084419
0!
#54255084419
0"
#54255093099
1!
#54255093099
1"
#54255110459
0!
#54255110459
0"
#54255119139
1!
#54255119139
1"
#54255127819
0!
#54255127819
0"
#54255136499
1!
#54255136499
1"
#54255145179
0!
#54255145179
0"
#54255153859
1!
#54255153859
1"
#54255162539
0!
#54255162539
0"
#54255179899
1!
#54255179899
1"
#54255197259
0!
#54255197259
0"
#54255205939
1!
#54255205939
1"
#54255214619
0!
#54255214619
0"
#54255231979
1!
#54255231979
1"
#54255240659
0!
#54255240659
0"
#54255249339
1!
#54255249339
1"
#54255275379
0!
#54255275379
0"
#54255292739
1!
#54255292739
1"
#54255301419
0!
#54255301419
0"
#54255353499
1!
#54255353499
1"
#54255362179
0!
#54255362179
0"
#54255379539
1!
#54255379539
1"
#54255388219
0!
#54255388219
0"
#54255405579
1!
#54255405579
1"
#54255414259
0!
#54255414259
0"
#54255431619
1!
#54255431619
1"
#54255448979
0!
#54255448979
0"
#54255466339
1!
#54255466339
1"
#54255475019
0!
#54255475019
0"
#54255518419
1!
#54255518419
1"
#54255535779
0!
#54255535779
0"
#54255553139
1!
#54255553139
1"
#54255561819
0!
#54255561819
0"
#54255605219
1!
#54255605219
1"
#54255622579
0!
#54255622579
0"
#54255639939
1!
#54255639939
1"
#54255648619
0!
#54255648619
0"
#54255692019
1!
#54255692019
1"
#54255709379
0!
#54255709379
0"
#54255726739
1!
#54255726739
1"
#54255735419
0!
#54255735419
0"
#54255761459
1!
#54255761459
1"
#54255778819
0!
#54255778819
0"
#54255787499
1!
#54255787499
1"
#54255796179
0!
#54255796179
0"
#54255813539
1!
#54255813539
1"
#54255822219
0!
#54255822219
0"
#54255874299
1!
#54255874299
1"
#54255882979
0!
#54255882979
0"
#54255900339
1!
#54255900339
1"
#54255909019
0!
#54255909019
0"
#54255917699
1!
#54255917699
1"
#54255935059
0!
#54255935059
0"
#54255952419
1!
#54255952419
1"
#54255978459
0!
#54255978459
0"
#54255987139
1!
#54255987139
1"
#54255995819
0!
#54255995819
0"
#54256004499
1!
#54256004499
1"
#54256013179
0!
#54256013179
0"
#54256021859
1!
#54256021859
1"
#54256030539
0!
#54256030539
0"
#54256047899
1!
#54256047899
1"
#54256065259
0!
#54256065259
0"
#54256073939
1!
#54256073939
1"
#54256082619
0!
#54256082619
0"
#54256099979
1!
#54256099979
1"
#54256126019
0!
#54256126019
0"
#54256134699
1!
#54256134699
1"
#54256152059
0!
#54256152059
0"
#54256160739
1!
#54256160739
1"
#54256169419
0!
#54256169419
0"
#54256178099
1!
#54256178099
1"
#54256195459
0!
#54256195459
0"
#54256212819
1!
#54256212819
1"
#54256238859
0!
#54256238859
0"
#54256247539
1!
#54256247539
1"
#54256256219
0!
#54256256219
0"
#54256264899
1!
#54256264899
1"
#54256299619
0!
#54256299619
0"
#54256308299
1!
#54256308299
1"
#54256325659
0!
#54256325659
0"
#54256334339
1!
#54256334339
1"
#54256343019
0!
#54256343019
0"
#54256360379
1!
#54256360379
1"
#54256369059
0!
#54256369059
0"
#54256386419
1!
#54256386419
1"
#54256412459
0!
#54256412459
0"
#54256421139
1!
#54256421139
1"
#54256429819
0!
#54256429819
0"
#54256481899
1!
#54256481899
1"
#54256490579
0!
#54256490579
0"
#54256507939
1!
#54256507939
1"
#54256516619
0!
#54256516619
0"
#54256542659
1!
#54256542659
1"
#54256551339
0!
#54256551339
0"
#54256560019
1!
#54256560019
1"
#54256586059
0!
#54256586059
0"
#54256594739
1!
#54256594739
1"
#54256603419
0!
#54256603419
0"
#54256612099
1!
#54256612099
1"
#54256620779
0!
#54256620779
0"
#54256638139
1!
#54256638139
1"
#54256646819
0!
#54256646819
0"
#54256655499
1!
#54256655499
1"
#54256672859
0!
#54256672859
0"
#54256681539
1!
#54256681539
1"
#54256690219
0!
#54256690219
0"
#54256698899
1!
#54256698899
1"
#54256707579
0!
#54256707579
0"
#54256716259
1!
#54256716259
1"
#54256733619
0!
#54256733619
0"
#54256742299
1!
#54256742299
1"
#54256759659
0!
#54256759659
0"
#54256768339
1!
#54256768339
1"
#54256777019
0!
#54256777019
0"
#54256785699
1!
#54256785699
1"
#54256794379
0!
#54256794379
0"
#54256803059
1!
#54256803059
1"
#54256811739
0!
#54256811739
0"
#54256829099
1!
#54256829099
1"
#54256846459
0!
#54256846459
0"
#54256855139
1!
#54256855139
1"
#54256863819
0!
#54256863819
0"
#54256881179
1!
#54256881179
1"
#54256889859
0!
#54256889859
0"
#54256898539
1!
#54256898539
1"
#54256924579
0!
#54256924579
0"
#54256941939
1!
#54256941939
1"
#54256950619
0!
#54256950619
0"
#54257002699
1!
#54257002699
1"
#54257011379
0!
#54257011379
0"
#54257028739
1!
#54257028739
1"
#54257037419
0!
#54257037419
0"
#54257046099
1!
#54257046099
1"
#54257054779
0!
#54257054779
0"
#54257080819
1!
#54257080819
1"
#54257098179
0!
#54257098179
0"
#54257115539
1!
#54257115539
1"
#54257124219
0!
#54257124219
0"
#54257167619
1!
#54257167619
1"
#54257184979
0!
#54257184979
0"
#54257202339
1!
#54257202339
1"
#54257211019
0!
#54257211019
0"
#54257254419
1!
#54257254419
1"
#54257271779
0!
#54257271779
0"
#54257289139
1!
#54257289139
1"
#54257297819
0!
#54257297819
0"
#54257315179
1!
#54257315179
1"
#54257323859
0!
#54257323859
0"
#54257332539
1!
#54257332539
1"
#54257341219
0!
#54257341219
0"
#54257375939
1!
#54257375939
1"
#54257384619
0!
#54257384619
0"
#54257462739
1!
#54257462739
1"
#54257471419
0!
#54257471419
0"
#54257506139
1!
#54257506139
1"
#54257514819
0!
#54257514819
0"
#54257549539
1!
#54257549539
1"
#54257558219
0!
#54257558219
0"
#54257636339
1!
#54257636339
1"
#54257645019
0!
#54257645019
0"
#54257723139
1!
#54257723139
1"
#54257731819
0!
#54257731819
0"
#54257809939
1!
#54257809939
1"
#54257818619
0!
#54257818619
0"
#54257870699
1!
#54257870699
1"
#54257888059
0!
#54257888059
0"
#54257896739
1!
#54257896739
1"
#54257905419
0!
#54257905419
0"
#54257922779
1!
#54257922779
1"
#54257948819
0!
#54257948819
0"
#54257966179
1!
#54257966179
1"
#54257992219
0!
#54257992219
0"
#54258009579
1!
#54258009579
1"
#54258035619
0!
#54258035619
0"
#54258052979
1!
#54258052979
1"
#54258079019
0!
#54258079019
0"
#54258087699
1!
#54258087699
1"
#54258139779
0!
#54258139779
0"
#54258157139
1!
#54258157139
1"
#54258165819
0!
#54258165819
0"
#54258174499
1!
#54258174499
1"
#54258191859
0!
#54258191859
0"
#54258243939
1!
#54258243939
1"
#54258252619
0!
#54258252619
0"
#54258330739
1!
#54258330739
1"
#54258339419
0!
#54258339419
0"
#54258417539
1!
#54258417539
1"
#54258426219
0!
#54258426219
0"
#54258504339
1!
#54258504339
1"
#54258513019
0!
#54258513019
0"
#54258521699
1!
#54258521699
1"
#54258530379
0!
#54258530379
0"
#54258573779
1!
#54258573779
1"
#54258582459
0!
#54258582459
0"
#54258591139
1!
#54258591139
1"
#54258599819
0!
#54258599819
0"
#54258608499
1!
#54258608499
1"
#54258617179
0!
#54258617179
0"
#54258643219
1!
#54258643219
1"
#54258651899
0!
#54258651899
0"
#54258660579
1!
#54258660579
1"
#56769040119
0!
#56769040119
0"
#56769048799
1!
#56769048799
1"
#56769057479
0!
#56769057479
0"
#56769066159
1!
#56769066159
1"
#56769074839
0!
#56769074839
0"
#56769092199
1!
#56769092199
1"
#56769100879
0!
#56769100879
0"
#56769109559
1!
#56769109559
1"
#56769126919
0!
#56769126919
0"
#56769144279
1!
#56769144279
1"
#56769152959
0!
#56769152959
0"
#56769161639
1!
#56769161639
1"
#56769178999
0!
#56769178999
0"
#56769187679
1!
#56769187679
1"
#56769196359
0!
#56769196359
0"
#56769205039
1!
#56769205039
1"
#56769213719
0!
#56769213719
0"
#56769222399
1!
#56769222399
1"
#56769231079
0!
#56769231079
0"
#56769291839
1!
#56769291839
1"
#56769300519
0!
#56769300519
0"
#56769326559
1!
#56769326559
1"
#56769335239
0!
#56769335239
0"
#56769352599
1!
#56769352599
1"
#56769369959
0!
#56769369959
0"
#56769378639
1!
#56769378639
1"
#56769387319
0!
#56769387319
0"
#56769404679
1!
#56769404679
1"
#56769413359
0!
#56769413359
0"
#56769430719
1!
#56769430719
1"
#56769439399
0!
#56769439399
0"
#56769448079
1!
#56769448079
1"
#56769456759
0!
#56769456759
0"
#56769465439
1!
#56769465439
1"
#56769474119
0!
#56769474119
0"
#56769482799
1!
#56769482799
1"
#56769491479
0!
#56769491479
0"
#56769500159
1!
#56769500159
1"
#56769508839
0!
#56769508839
0"
#56769526199
1!
#56769526199
1"
#56769543559
0!
#56769543559
0"
#56769552239
1!
#56769552239
1"
#56769560919
0!
#56769560919
0"
#56769569599
1!
#56769569599
1"
#56769586959
0!
#56769586959
0"
#56769604319
1!
#56769604319
1"
#56769630359
0!
#56769630359
0"
#56769639039
1!
#56769639039
1"
#56769647719
0!
#56769647719
0"
#56769656399
1!
#56769656399
1"
#56769665079
0!
#56769665079
0"
#56769673759
1!
#56769673759
1"
#56769682439
0!
#56769682439
0"
#56769691119
1!
#56769691119
1"
#56769717159
0!
#56769717159
0"
#56769725839
1!
#56769725839
1"
#56769734519
0!
#56769734519
0"
#56769760559
1!
#56769760559
1"
#56769777919
0!
#56769777919
0"
#56769786599
1!
#56769786599
1"
#56769803959
0!
#56769803959
0"
#56769812639
1!
#56769812639
1"
#56769821319
0!
#56769821319
0"
#56769847359
1!
#56769847359
1"
#56769856039
0!
#56769856039
0"
#56769864719
1!
#56769864719
1"
#56769890759
0!
#56769890759
0"
#56769899439
1!
#56769899439
1"
#56769908119
0!
#56769908119
0"
#56769925479
1!
#56769925479
1"
#56769934159
0!
#56769934159
0"
#56769942839
1!
#56769942839
1"
#56769968879
0!
#56769968879
0"
#56769986239
1!
#56769986239
1"
#56769994919
0!
#56769994919
0"
#56770046999
1!
#56770046999
1"
#56770055679
0!
#56770055679
0"
#56770073039
1!
#56770073039
1"
#56770081719
0!
#56770081719
0"
#56770090399
1!
#56770090399
1"
#56770116439
0!
#56770116439
0"
#56770133799
1!
#56770133799
1"
#56770151159
0!
#56770151159
0"
#56770159839
1!
#56770159839
1"
#56770168519
0!
#56770168519
0"
#56770203239
1!
#56770203239
1"
#56770237959
0!
#56770237959
0"
#56770246639
1!
#56770246639
1"
#56770255319
0!
#56770255319
0"
#56770272679
1!
#56770272679
1"
#56770281359
0!
#56770281359
0"
#56770290039
1!
#56770290039
1"
#56770316079
0!
#56770316079
0"
#56770333439
1!
#56770333439
1"
#56770342119
0!
#56770342119
0"
#56770394199
1!
#56770394199
1"
#56770402879
0!
#56770402879
0"
#56770420239
1!
#56770420239
1"
#56770428919
0!
#56770428919
0"
#56770480999
1!
#56770480999
1"
#56770489679
0!
#56770489679
0"
#56770507039
1!
#56770507039
1"
#56770515719
0!
#56770515719
0"
#56770567799
1!
#56770567799
1"
#56770576479
0!
#56770576479
0"
#56770593839
1!
#56770593839
1"
#56770602519
0!
#56770602519
0"
#56770654599
1!
#56770654599
1"
#56770663279
0!
#56770663279
0"
#56770680639
1!
#56770680639
1"
#56770689319
0!
#56770689319
0"
#56770741399
1!
#56770741399
1"
#56770750079
0!
#56770750079
0"
#56770767439
1!
#56770767439
1"
#56770776119
0!
#56770776119
0"
#56770828199
1!
#56770828199
1"
#56770836879
0!
#56770836879
0"
#56770854239
1!
#56770854239
1"
#56770862919
0!
#56770862919
0"
#56770906319
1!
#56770906319
1"
#56770923679
0!
#56770923679
0"
#56770941039
1!
#56770941039
1"
#56770949719
0!
#56770949719
0"
#56770967079
1!
#56770967079
1"
#56770993119
0!
#56770993119
0"
#56771001799
1!
#56771001799
1"
#56771010479
0!
#56771010479
0"
#56771027839
1!
#56771027839
1"
#56771036519
0!
#56771036519
0"
#56771079919
1!
#56771079919
1"
#56771097279
0!
#56771097279
0"
#56771114639
1!
#56771114639
1"
#56771123319
0!
#56771123319
0"
#56771149359
1!
#56771149359
1"
#56771166719
0!
#56771166719
0"
#56771175399
1!
#56771175399
1"
#56771184079
0!
#56771184079
0"
#56771201439
1!
#56771201439
1"
#56771210119
0!
#56771210119
0"
#56771262199
1!
#56771262199
1"
#56771270879
0!
#56771270879
0"
#56771288239
1!
#56771288239
1"
#56771296919
0!
#56771296919
0"
#56771305599
1!
#56771305599
1"
#56771331639
0!
#56771331639
0"
#56771348999
1!
#56771348999
1"
#56771366359
0!
#56771366359
0"
#56771375039
1!
#56771375039
1"
#56771383719
0!
#56771383719
0"
#56771392399
1!
#56771392399
1"
#56771401079
0!
#56771401079
0"
#56771418439
1!
#56771418439
1"
#56771453159
0!
#56771453159
0"
#56771461839
1!
#56771461839
1"
#56771470519
0!
#56771470519
0"
#56771487879
1!
#56771487879
1"
#56771496559
0!
#56771496559
0"
#56771505239
1!
#56771505239
1"
#56771531279
0!
#56771531279
0"
#56771548639
1!
#56771548639
1"
#56771557319
0!
#56771557319
0"
#56771609399
1!
#56771609399
1"
#56771618079
0!
#56771618079
0"
#56771635439
1!
#56771635439
1"
#56771644119
0!
#56771644119
0"
#56771696199
1!
#56771696199
1"
#56771704879
0!
#56771704879
0"
#56771722239
1!
#56771722239
1"
#56771730919
0!
#56771730919
0"
#56771782999
1!
#56771782999
1"
#56771791679
0!
#56771791679
0"
#56771809039
1!
#56771809039
1"
#56771817719
0!
#56771817719
0"
#56771869799
1!
#56771869799
1"
#56771878479
0!
#56771878479
0"
#56771895839
1!
#56771895839
1"
#56771904519
0!
#56771904519
0"
#56771956599
1!
#56771956599
1"
#56771965279
0!
#56771965279
0"
#56771982639
1!
#56771982639
1"
#56771991319
0!
#56771991319
0"
#56772043399
1!
#56772043399
1"
#56772052079
0!
#56772052079
0"
#56772069439
1!
#56772069439
1"
#56772078119
0!
#56772078119
0"
#56772121519
1!
#56772121519
1"
#56772138879
0!
#56772138879
0"
#56772156239
1!
#56772156239
1"
#56772164919
0!
#56772164919
0"
#56772182279
1!
#56772182279
1"
#56772208319
0!
#56772208319
0"
#56772216999
1!
#56772216999
1"
#56772225679
0!
#56772225679
0"
#56772243039
1!
#56772243039
1"
#56772251719
0!
#56772251719
0"
#56772295119
1!
#56772295119
1"
#56772312479
0!
#56772312479
0"
#56772329839
1!
#56772329839
1"
#56772338519
0!
#56772338519
0"
#56772364559
1!
#56772364559
1"
#56772381919
0!
#56772381919
0"
#56772390599
1!
#56772390599
1"
#56772399279
0!
#56772399279
0"
#56772416639
1!
#56772416639
1"
#56772425319
0!
#56772425319
0"
#56772477399
1!
#56772477399
1"
#56772486079
0!
#56772486079
0"
#56772503439
1!
#56772503439
1"
#56772512119
0!
#56772512119
0"
#56772520799
1!
#56772520799
1"
#56772546839
0!
#56772546839
0"
#56772564199
1!
#56772564199
1"
#56772581559
0!
#56772581559
0"
#56772590239
1!
#56772590239
1"
#56772598919
0!
#56772598919
0"
#56772616279
1!
#56772616279
1"
#56772624959
0!
#56772624959
0"
#56772633639
1!
#56772633639
1"
#56772668359
0!
#56772668359
0"
#56772677039
1!
#56772677039
1"
#56772685719
0!
#56772685719
0"
#56772703079
1!
#56772703079
1"
#56772711759
0!
#56772711759
0"
#56772720439
1!
#56772720439
1"
#56772746479
0!
#56772746479
0"
#56772763839
1!
#56772763839
1"
#56772772519
0!
#56772772519
0"
#56772824599
1!
#56772824599
1"
#56772833279
0!
#56772833279
0"
#56772850639
1!
#56772850639
1"
#56772859319
0!
#56772859319
0"
#56772911399
1!
#56772911399
1"
#56772920079
0!
#56772920079
0"
#56772937439
1!
#56772937439
1"
#56772946119
0!
#56772946119
0"
#56772998199
1!
#56772998199
1"
#56773006879
0!
#56773006879
0"
#56773024239
1!
#56773024239
1"
#56773032919
0!
#56773032919
0"
#56773084999
1!
#56773084999
1"
#56773093679
0!
#56773093679
0"
#56773111039
1!
#56773111039
1"
#56773119719
0!
#56773119719
0"
#56773171799
1!
#56773171799
1"
#56773180479
0!
#56773180479
0"
#56773197839
1!
#56773197839
1"
#56773206519
0!
#56773206519
0"
#56773258599
1!
#56773258599
1"
#56773267279
0!
#56773267279
0"
#56773284639
1!
#56773284639
1"
#56773293319
0!
#56773293319
0"
#56773336719
1!
#56773336719
1"
#56773354079
0!
#56773354079
0"
#56773371439
1!
#56773371439
1"
#56773380119
0!
#56773380119
0"
#56773397479
1!
#56773397479
1"
#56773423519
0!
#56773423519
0"
#56773432199
1!
#56773432199
1"
#56773440879
0!
#56773440879
0"
#56773458239
1!
#56773458239
1"
#56773466919
0!
#56773466919
0"
#56773510319
1!
#56773510319
1"
#56773527679
0!
#56773527679
0"
#56773545039
1!
#56773545039
1"
#56773553719
0!
#56773553719
0"
#56773579759
1!
#56773579759
1"
#56773597119
0!
#56773597119
0"
#56773605799
1!
#56773605799
1"
#56773614479
0!
#56773614479
0"
#56773631839
1!
#56773631839
1"
#56773640519
0!
#56773640519
0"
#56773692599
1!
#56773692599
1"
#56773701279
0!
#56773701279
0"
#56773718639
1!
#56773718639
1"
#56773727319
0!
#56773727319
0"
#56773753359
1!
#56773753359
1"
#56773762039
0!
#56773762039
0"
#56773779399
1!
#56773779399
1"
#56773796759
0!
#56773796759
0"
#56773805439
1!
#56773805439
1"
#56773814119
0!
#56773814119
0"
#56773822799
1!
#56773822799
1"
#56773831479
0!
#56773831479
0"
#56773848839
1!
#56773848839
1"
#56773857519
0!
#56773857519
0"
#56773866199
1!
#56773866199
1"
#56773883559
0!
#56773883559
0"
#56773892239
1!
#56773892239
1"
#56773900919
0!
#56773900919
0"
#56773909599
1!
#56773909599
1"
#56773926959
0!
#56773926959
0"
#56773944319
1!
#56773944319
1"
#56773970359
0!
#56773970359
0"
#56773979039
1!
#56773979039
1"
#56773987719
0!
#56773987719
0"
#56774031119
1!
#56774031119
1"
#56774057159
0!
#56774057159
0"
#56774065839
1!
#56774065839
1"
#56774074519
0!
#56774074519
0"
#56774100559
1!
#56774100559
1"
#56774117919
0!
#56774117919
0"
#56774126599
1!
#56774126599
1"
#56774143959
0!
#56774143959
0"
#56774152639
1!
#56774152639
1"
#56774161319
0!
#56774161319
0"
#56774169999
1!
#56774169999
1"
#56774178679
0!
#56774178679
0"
#56774213399
1!
#56774213399
1"
#56774230759
0!
#56774230759
0"
#56774239439
1!
#56774239439
1"
#56774248119
0!
#56774248119
0"
#56774256799
1!
#56774256799
1"
#56774265479
0!
#56774265479
0"
#56774282839
1!
#56774282839
1"
#56774317559
0!
#56774317559
0"
#56774326239
1!
#56774326239
1"
#56774334919
0!
#56774334919
0"
#56774386999
1!
#56774386999
1"
#56774395679
0!
#56774395679
0"
#56774413039
1!
#56774413039
1"
#56774421719
0!
#56774421719
0"
#56774447759
1!
#56774447759
1"
#56774456439
0!
#56774456439
0"
#56774465119
1!
#56774465119
1"
#56774491159
0!
#56774491159
0"
#56774499839
1!
#56774499839
1"
#56774508519
0!
#56774508519
0"
#56774517199
1!
#56774517199
1"
#56774525879
0!
#56774525879
0"
#56774543239
1!
#56774543239
1"
#56774551919
0!
#56774551919
0"
#56774560599
1!
#56774560599
1"
#56774577959
0!
#56774577959
0"
#56774586639
1!
#56774586639
1"
#56774595319
0!
#56774595319
0"
#56774603999
1!
#56774603999
1"
#56774612679
0!
#56774612679
0"
#56774621359
1!
#56774621359
1"
#56774638719
0!
#56774638719
0"
#56774647399
1!
#56774647399
1"
#56774664759
0!
#56774664759
0"
#56774673439
1!
#56774673439
1"
#56774682119
0!
#56774682119
0"
#56774690799
1!
#56774690799
1"
#56774699479
0!
#56774699479
0"
#56774708159
1!
#56774708159
1"
#56774716839
0!
#56774716839
0"
#56774734199
1!
#56774734199
1"
#56774751559
0!
#56774751559
0"
#56774760239
1!
#56774760239
1"
#56774768919
0!
#56774768919
0"
#56774786279
1!
#56774786279
1"
#56774794959
0!
#56774794959
0"
#56774803639
1!
#56774803639
1"
#56774829679
0!
#56774829679
0"
#56774847039
1!
#56774847039
1"
#56774855719
0!
#56774855719
0"
#56774907799
1!
#56774907799
1"
#56774916479
0!
#56774916479
0"
#56774933839
1!
#56774933839
1"
#56774942519
0!
#56774942519
0"
#56774959879
1!
#56774959879
1"
#56774968559
0!
#56774968559
0"
#56774985919
1!
#56774985919
1"
#56775003279
0!
#56775003279
0"
#56775020639
1!
#56775020639
1"
#56775029319
0!
#56775029319
0"
#56775072719
1!
#56775072719
1"
#56775090079
0!
#56775090079
0"
#56775107439
1!
#56775107439
1"
#56775116119
0!
#56775116119
0"
#56775159519
1!
#56775159519
1"
#56775176879
0!
#56775176879
0"
#56775194239
1!
#56775194239
1"
#56775202919
0!
#56775202919
0"
#56775246319
1!
#56775246319
1"
#56775263679
0!
#56775263679
0"
#56775281039
1!
#56775281039
1"
#56775289719
0!
#56775289719
0"
#56775315759
1!
#56775315759
1"
#56775333119
0!
#56775333119
0"
#56775341799
1!
#56775341799
1"
#56775350479
0!
#56775350479
0"
#56775367839
1!
#56775367839
1"
#56775376519
0!
#56775376519
0"
#56775428599
1!
#56775428599
1"
#56775437279
0!
#56775437279
0"
#56775454639
1!
#56775454639
1"
#56775463319
0!
#56775463319
0"
#56775471999
1!
#56775471999
1"
#56775489359
0!
#56775489359
0"
#56775506719
1!
#56775506719
1"
#56775532759
0!
#56775532759
0"
#56775541439
1!
#56775541439
1"
#56775550119
0!
#56775550119
0"
#56775558799
1!
#56775558799
1"
#56775567479
0!
#56775567479
0"
#56775576159
1!
#56775576159
1"
#56775584839
0!
#56775584839
0"
#56775602199
1!
#56775602199
1"
#56775619559
0!
#56775619559
0"
#56775628239
1!
#56775628239
1"
#56775636919
0!
#56775636919
0"
#56775654279
1!
#56775654279
1"
#56775680319
0!
#56775680319
0"
#56775688999
1!
#56775688999
1"
#56775706359
0!
#56775706359
0"
#56775715039
1!
#56775715039
1"
#56775723719
0!
#56775723719
0"
#56775732399
1!
#56775732399
1"
#56775749759
0!
#56775749759
0"
#56775767119
1!
#56775767119
1"
#56775793159
0!
#56775793159
0"
#56775801839
1!
#56775801839
1"
#56775810519
0!
#56775810519
0"
#56775819199
1!
#56775819199
1"
#56775853919
0!
#56775853919
0"
#56775862599
1!
#56775862599
1"
#56775879959
0!
#56775879959
0"
#56775888639
1!
#56775888639
1"
#56775897319
0!
#56775897319
0"
#56775914679
1!
#56775914679
1"
#56775923359
0!
#56775923359
0"
#56775940719
1!
#56775940719
1"
#56775966759
0!
#56775966759
0"
#56775975439
1!
#56775975439
1"
#56775984119
0!
#56775984119
0"
#56776036199
1!
#56776036199
1"
#56776044879
0!
#56776044879
0"
#56776062239
1!
#56776062239
1"
#56776070919
0!
#56776070919
0"
#56776096959
1!
#56776096959
1"
#56776105639
0!
#56776105639
0"
#56776114319
1!
#56776114319
1"
#56776140359
0!
#56776140359
0"
#56776149039
1!
#56776149039
1"
#56776157719
0!
#56776157719
0"
#56776166399
1!
#56776166399
1"
#56776175079
0!
#56776175079
0"
#56776192439
1!
#56776192439
1"
#56776201119
0!
#56776201119
0"
#56776209799
1!
#56776209799
1"
#56776227159
0!
#56776227159
0"
#56776235839
1!
#56776235839
1"
#56776244519
0!
#56776244519
0"
#56776253199
1!
#56776253199
1"
#56776261879
0!
#56776261879
0"
#56776270559
1!
#56776270559
1"
#56776287919
0!
#56776287919
0"
#56776296599
1!
#56776296599
1"
#56776313959
0!
#56776313959
0"
#56776322639
1!
#56776322639
1"
#56776331319
0!
#56776331319
0"
#56776339999
1!
#56776339999
1"
#56776348679
0!
#56776348679
0"
#56776357359
1!
#56776357359
1"
#56776366039
0!
#56776366039
0"
#56776383399
1!
#56776383399
1"
#56776400759
0!
#56776400759
0"
#56776409439
1!
#56776409439
1"
#56776418119
0!
#56776418119
0"
#56776435479
1!
#56776435479
1"
#56776444159
0!
#56776444159
0"
#56776452839
1!
#56776452839
1"
#56776478879
0!
#56776478879
0"
#56776496239
1!
#56776496239
1"
#56776504919
0!
#56776504919
0"
#56776556999
1!
#56776556999
1"
#56776565679
0!
#56776565679
0"
#56776583039
1!
#56776583039
1"
#56776591719
0!
#56776591719
0"
#56776600399
1!
#56776600399
1"
#56776609079
0!
#56776609079
0"
#56776635119
1!
#56776635119
1"
#56776652479
0!
#56776652479
0"
#56776669839
1!
#56776669839
1"
#56776678519
0!
#56776678519
0"
#56776721919
1!
#56776721919
1"
#56776739279
0!
#56776739279
0"
#56776756639
1!
#56776756639
1"
#56776765319
0!
#56776765319
0"
#56776808719
1!
#56776808719
1"
#56776826079
0!
#56776826079
0"
#56776843439
1!
#56776843439
1"
#56776852119
0!
#56776852119
0"
#56776869479
1!
#56776869479
1"
#56776878159
0!
#56776878159
0"
#56776886839
1!
#56776886839
1"
#56776895519
0!
#56776895519
0"
#56776930239
1!
#56776930239
1"
#56776938919
0!
#56776938919
0"
#56777017039
1!
#56777017039
1"
#56777025719
0!
#56777025719
0"
#56777060439
1!
#56777060439
1"
#56777069119
0!
#56777069119
0"
#56777103839
1!
#56777103839
1"
#56777112519
0!
#56777112519
0"
#56777190639
1!
#56777190639
1"
#56777199319
0!
#56777199319
0"
#56777277439
1!
#56777277439
1"
#56777286119
0!
#56777286119
0"
#56777364239
1!
#56777364239
1"
#56777372919
0!
#56777372919
0"
#56777424999
1!
#56777424999
1"
#56777442359
0!
#56777442359
0"
#56777451039
1!
#56777451039
1"
#56777459719
0!
#56777459719
0"
#56777477079
1!
#56777477079
1"
#56777503119
0!
#56777503119
0"
#56777520479
1!
#56777520479
1"
#56777546519
0!
#56777546519
0"
#56777563879
1!
#56777563879
1"
#56777589919
0!
#56777589919
0"
#56777607279
1!
#56777607279
1"
#56777633319
0!
#56777633319
0"
#56777641999
1!
#56777641999
1"
#56777694079
0!
#56777694079
0"
#56777711439
1!
#56777711439
1"
#56777720119
0!
#56777720119
0"
#56777728799
1!
#56777728799
1"
#56777746159
0!
#56777746159
0"
#56777798239
1!
#56777798239
1"
#56777806919
0!
#56777806919
0"
#56777885039
1!
#56777885039
1"
#56777893719
0!
#56777893719
0"
#56777971839
1!
#56777971839
1"
#56777980519
0!
#56777980519
0"
#56778058639
1!
#56778058639
1"
#56778067319
0!
#56778067319
0"
#56778075999
1!
#56778075999
1"
#56778084679
0!
#56778084679
0"
#56778128079
1!
#56778128079
1"
#56778136759
0!
#56778136759
0"
#56778145439
1!
#56778145439
1"
#56778154119
0!
#56778154119
0"
#56778162799
1!
#56778162799
1"
#56778171479
0!
#56778171479
0"
#56778197519
1!
#56778197519
1"
#56778206199
0!
#56778206199
0"
#56778214879
1!
#56778214879
1"
#59289216606
0!
#59289216606
0"
#59289225286
1!
#59289225286
1"
#59289233966
0!
#59289233966
0"
#59289242646
1!
#59289242646
1"
#59289251326
0!
#59289251326
0"
#59289268686
1!
#59289268686
1"
#59289277366
0!
#59289277366
0"
#59289286046
1!
#59289286046
1"
#59289303406
0!
#59289303406
0"
#59289320766
1!
#59289320766
1"
#59289329446
0!
#59289329446
0"
#59289338126
1!
#59289338126
1"
#59289355486
0!
#59289355486
0"
#59289364166
1!
#59289364166
1"
#59289372846
0!
#59289372846
0"
#59289381526
1!
#59289381526
1"
#59289390206
0!
#59289390206
0"
#59289398886
1!
#59289398886
1"
#59289407566
0!
#59289407566
0"
#59289468326
1!
#59289468326
1"
#59289477006
0!
#59289477006
0"
#59289503046
1!
#59289503046
1"
#59289511726
0!
#59289511726
0"
#59289529086
1!
#59289529086
1"
#59289546446
0!
#59289546446
0"
#59289555126
1!
#59289555126
1"
#59289563806
0!
#59289563806
0"
#59289581166
1!
#59289581166
1"
#59289589846
0!
#59289589846
0"
#59289607206
1!
#59289607206
1"
#59289615886
0!
#59289615886
0"
#59289624566
1!
#59289624566
1"
#59289633246
0!
#59289633246
0"
#59289641926
1!
#59289641926
1"
#59289650606
0!
#59289650606
0"
#59289659286
1!
#59289659286
1"
#59289667966
0!
#59289667966
0"
#59289676646
1!
#59289676646
1"
#59289685326
0!
#59289685326
0"
#59289702686
1!
#59289702686
1"
#59289720046
0!
#59289720046
0"
#59289728726
1!
#59289728726
1"
#59289737406
0!
#59289737406
0"
#59289746086
1!
#59289746086
1"
#59289763446
0!
#59289763446
0"
#59289780806
1!
#59289780806
1"
#59289806846
0!
#59289806846
0"
#59289815526
1!
#59289815526
1"
#59289824206
0!
#59289824206
0"
#59289832886
1!
#59289832886
1"
#59289841566
0!
#59289841566
0"
#59289850246
1!
#59289850246
1"
#59289858926
0!
#59289858926
0"
#59289867606
1!
#59289867606
1"
#59289893646
0!
#59289893646
0"
#59289902326
1!
#59289902326
1"
#59289911006
0!
#59289911006
0"
#59289937046
1!
#59289937046
1"
#59289954406
0!
#59289954406
0"
#59289963086
1!
#59289963086
1"
#59289980446
0!
#59289980446
0"
#59289989126
1!
#59289989126
1"
#59289997806
0!
#59289997806
0"
#59290023846
1!
#59290023846
1"
#59290032526
0!
#59290032526
0"
#59290041206
1!
#59290041206
1"
#59290067246
0!
#59290067246
0"
#59290075926
1!
#59290075926
1"
#59290084606
0!
#59290084606
0"
#59290101966
1!
#59290101966
1"
#59290110646
0!
#59290110646
0"
#59290119326
1!
#59290119326
1"
#59290145366
0!
#59290145366
0"
#59290162726
1!
#59290162726
1"
#59290171406
0!
#59290171406
0"
#59290223486
1!
#59290223486
1"
#59290232166
0!
#59290232166
0"
#59290249526
1!
#59290249526
1"
#59290258206
0!
#59290258206
0"
#59290266886
1!
#59290266886
1"
#59290292926
0!
#59290292926
0"
#59290310286
1!
#59290310286
1"
#59290327646
0!
#59290327646
0"
#59290336326
1!
#59290336326
1"
#59290345006
0!
#59290345006
0"
#59290379726
1!
#59290379726
1"
#59290414446
0!
#59290414446
0"
#59290423126
1!
#59290423126
1"
#59290431806
0!
#59290431806
0"
#59290449166
1!
#59290449166
1"
#59290457846
0!
#59290457846
0"
#59290466526
1!
#59290466526
1"
#59290492566
0!
#59290492566
0"
#59290509926
1!
#59290509926
1"
#59290518606
0!
#59290518606
0"
#59290570686
1!
#59290570686
1"
#59290579366
0!
#59290579366
0"
#59290596726
1!
#59290596726
1"
#59290605406
0!
#59290605406
0"
#59290657486
1!
#59290657486
1"
#59290666166
0!
#59290666166
0"
#59290683526
1!
#59290683526
1"
#59290692206
0!
#59290692206
0"
#59290744286
1!
#59290744286
1"
#59290752966
0!
#59290752966
0"
#59290770326
1!
#59290770326
1"
#59290779006
0!
#59290779006
0"
#59290831086
1!
#59290831086
1"
#59290839766
0!
#59290839766
0"
#59290857126
1!
#59290857126
1"
#59290865806
0!
#59290865806
0"
#59290917886
1!
#59290917886
1"
#59290926566
0!
#59290926566
0"
#59290943926
1!
#59290943926
1"
#59290952606
0!
#59290952606
0"
#59291004686
1!
#59291004686
1"
#59291013366
0!
#59291013366
0"
#59291030726
1!
#59291030726
1"
#59291039406
0!
#59291039406
0"
#59291082806
1!
#59291082806
1"
#59291100166
0!
#59291100166
0"
#59291117526
1!
#59291117526
1"
#59291126206
0!
#59291126206
0"
#59291143566
1!
#59291143566
1"
#59291169606
0!
#59291169606
0"
#59291178286
1!
#59291178286
1"
#59291186966
0!
#59291186966
0"
#59291204326
1!
#59291204326
1"
#59291213006
0!
#59291213006
0"
#59291256406
1!
#59291256406
1"
#59291273766
0!
#59291273766
0"
#59291291126
1!
#59291291126
1"
#59291299806
0!
#59291299806
0"
#59291325846
1!
#59291325846
1"
#59291343206
0!
#59291343206
0"
#59291351886
1!
#59291351886
1"
#59291360566
0!
#59291360566
0"
#59291377926
1!
#59291377926
1"
#59291386606
0!
#59291386606
0"
#59291438686
1!
#59291438686
1"
#59291447366
0!
#59291447366
0"
#59291464726
1!
#59291464726
1"
#59291473406
0!
#59291473406
0"
#59291482086
1!
#59291482086
1"
#59291508126
0!
#59291508126
0"
#59291525486
1!
#59291525486
1"
#59291542846
0!
#59291542846
0"
#59291551526
1!
#59291551526
1"
#59291560206
0!
#59291560206
0"
#59291568886
1!
#59291568886
1"
#59291577566
0!
#59291577566
0"
#59291594926
1!
#59291594926
1"
#59291629646
0!
#59291629646
0"
#59291638326
1!
#59291638326
1"
#59291647006
0!
#59291647006
0"
#59291664366
1!
#59291664366
1"
#59291673046
0!
#59291673046
0"
#59291681726
1!
#59291681726
1"
#59291707766
0!
#59291707766
0"
#59291725126
1!
#59291725126
1"
#59291733806
0!
#59291733806
0"
#59291785886
1!
#59291785886
1"
#59291794566
0!
#59291794566
0"
#59291811926
1!
#59291811926
1"
#59291820606
0!
#59291820606
0"
#59291872686
1!
#59291872686
1"
#59291881366
0!
#59291881366
0"
#59291898726
1!
#59291898726
1"
#59291907406
0!
#59291907406
0"
#59291959486
1!
#59291959486
1"
#59291968166
0!
#59291968166
0"
#59291985526
1!
#59291985526
1"
#59291994206
0!
#59291994206
0"
#59292046286
1!
#59292046286
1"
#59292054966
0!
#59292054966
0"
#59292072326
1!
#59292072326
1"
#59292081006
0!
#59292081006
0"
#59292133086
1!
#59292133086
1"
#59292141766
0!
#59292141766
0"
#59292159126
1!
#59292159126
1"
#59292167806
0!
#59292167806
0"
#59292219886
1!
#59292219886
1"
#59292228566
0!
#59292228566
0"
#59292245926
1!
#59292245926
1"
#59292254606
0!
#59292254606
0"
#59292298006
1!
#59292298006
1"
#59292315366
0!
#59292315366
0"
#59292332726
1!
#59292332726
1"
#59292341406
0!
#59292341406
0"
#59292358766
1!
#59292358766
1"
#59292384806
0!
#59292384806
0"
#59292393486
1!
#59292393486
1"
#59292402166
0!
#59292402166
0"
#59292419526
1!
#59292419526
1"
#59292428206
0!
#59292428206
0"
#59292471606
1!
#59292471606
1"
#59292488966
0!
#59292488966
0"
#59292506326
1!
#59292506326
1"
#59292515006
0!
#59292515006
0"
#59292541046
1!
#59292541046
1"
#59292558406
0!
#59292558406
0"
#59292567086
1!
#59292567086
1"
#59292575766
0!
#59292575766
0"
#59292593126
1!
#59292593126
1"
#59292601806
0!
#59292601806
0"
#59292653886
1!
#59292653886
1"
#59292662566
0!
#59292662566
0"
#59292679926
1!
#59292679926
1"
#59292688606
0!
#59292688606
0"
#59292697286
1!
#59292697286
1"
#59292723326
0!
#59292723326
0"
#59292740686
1!
#59292740686
1"
#59292758046
0!
#59292758046
0"
#59292766726
1!
#59292766726
1"
#59292775406
0!
#59292775406
0"
#59292792766
1!
#59292792766
1"
#59292801446
0!
#59292801446
0"
#59292810126
1!
#59292810126
1"
#59292844846
0!
#59292844846
0"
#59292853526
1!
#59292853526
1"
#59292862206
0!
#59292862206
0"
#59292879566
1!
#59292879566
1"
#59292888246
0!
#59292888246
0"
#59292896926
1!
#59292896926
1"
#59292922966
0!
#59292922966
0"
#59292940326
1!
#59292940326
1"
#59292949006
0!
#59292949006
0"
#59293001086
1!
#59293001086
1"
#59293009766
0!
#59293009766
0"
#59293027126
1!
#59293027126
1"
#59293035806
0!
#59293035806
0"
#59293087886
1!
#59293087886
1"
#59293096566
0!
#59293096566
0"
#59293113926
1!
#59293113926
1"
#59293122606
0!
#59293122606
0"
#59293174686
1!
#59293174686
1"
#59293183366
0!
#59293183366
0"
#59293200726
1!
#59293200726
1"
#59293209406
0!
#59293209406
0"
#59293261486
1!
#59293261486
1"
#59293270166
0!
#59293270166
0"
#59293287526
1!
#59293287526
1"
#59293296206
0!
#59293296206
0"
#59293348286
1!
#59293348286
1"
#59293356966
0!
#59293356966
0"
#59293374326
1!
#59293374326
1"
#59293383006
0!
#59293383006
0"
#59293435086
1!
#59293435086
1"
#59293443766
0!
#59293443766
0"
#59293461126
1!
#59293461126
1"
#59293469806
0!
#59293469806
0"
#59293513206
1!
#59293513206
1"
#59293530566
0!
#59293530566
0"
#59293547926
1!
#59293547926
1"
#59293556606
0!
#59293556606
0"
#59293573966
1!
#59293573966
1"
#59293600006
0!
#59293600006
0"
#59293608686
1!
#59293608686
1"
#59293617366
0!
#59293617366
0"
#59293634726
1!
#59293634726
1"
#59293643406
0!
#59293643406
0"
#59293686806
1!
#59293686806
1"
#59293704166
0!
#59293704166
0"
#59293721526
1!
#59293721526
1"
#59293730206
0!
#59293730206
0"
#59293756246
1!
#59293756246
1"
#59293773606
0!
#59293773606
0"
#59293782286
1!
#59293782286
1"
#59293790966
0!
#59293790966
0"
#59293808326
1!
#59293808326
1"
#59293817006
0!
#59293817006
0"
#59293869086
1!
#59293869086
1"
#59293877766
0!
#59293877766
0"
#59293895126
1!
#59293895126
1"
#59293903806
0!
#59293903806
0"
#59293929846
1!
#59293929846
1"
#59293938526
0!
#59293938526
0"
#59293955886
1!
#59293955886
1"
#59293973246
0!
#59293973246
0"
#59293981926
1!
#59293981926
1"
#59293990606
0!
#59293990606
0"
#59293999286
1!
#59293999286
1"
#59294007966
0!
#59294007966
0"
#59294025326
1!
#59294025326
1"
#59294034006
0!
#59294034006
0"
#59294042686
1!
#59294042686
1"
#59294060046
0!
#59294060046
0"
#59294068726
1!
#59294068726
1"
#59294077406
0!
#59294077406
0"
#59294086086
1!
#59294086086
1"
#59294103446
0!
#59294103446
0"
#59294120806
1!
#59294120806
1"
#59294146846
0!
#59294146846
0"
#59294155526
1!
#59294155526
1"
#59294164206
0!
#59294164206
0"
#59294207606
1!
#59294207606
1"
#59294233646
0!
#59294233646
0"
#59294242326
1!
#59294242326
1"
#59294251006
0!
#59294251006
0"
#59294277046
1!
#59294277046
1"
#59294294406
0!
#59294294406
0"
#59294303086
1!
#59294303086
1"
#59294320446
0!
#59294320446
0"
#59294329126
1!
#59294329126
1"
#59294337806
0!
#59294337806
0"
#59294346486
1!
#59294346486
1"
#59294355166
0!
#59294355166
0"
#59294389886
1!
#59294389886
1"
#59294407246
0!
#59294407246
0"
#59294415926
1!
#59294415926
1"
#59294424606
0!
#59294424606
0"
#59294433286
1!
#59294433286
1"
#59294441966
0!
#59294441966
0"
#59294459326
1!
#59294459326
1"
#59294494046
0!
#59294494046
0"
#59294502726
1!
#59294502726
1"
#59294511406
0!
#59294511406
0"
#59294563486
1!
#59294563486
1"
#59294572166
0!
#59294572166
0"
#59294589526
1!
#59294589526
1"
#59294598206
0!
#59294598206
0"
#59294624246
1!
#59294624246
1"
#59294632926
0!
#59294632926
0"
#59294641606
1!
#59294641606
1"
#59294667646
0!
#59294667646
0"
#59294676326
1!
#59294676326
1"
#59294685006
0!
#59294685006
0"
#59294693686
1!
#59294693686
1"
#59294702366
0!
#59294702366
0"
#59294719726
1!
#59294719726
1"
#59294728406
0!
#59294728406
0"
#59294737086
1!
#59294737086
1"
#59294754446
0!
#59294754446
0"
#59294763126
1!
#59294763126
1"
#59294771806
0!
#59294771806
0"
#59294780486
1!
#59294780486
1"
#59294789166
0!
#59294789166
0"
#59294797846
1!
#59294797846
1"
#59294815206
0!
#59294815206
0"
#59294823886
1!
#59294823886
1"
#59294841246
0!
#59294841246
0"
#59294849926
1!
#59294849926
1"
#59294858606
0!
#59294858606
0"
#59294867286
1!
#59294867286
1"
#59294875966
0!
#59294875966
0"
#59294884646
1!
#59294884646
1"
#59294893326
0!
#59294893326
0"
#59294910686
1!
#59294910686
1"
#59294928046
0!
#59294928046
0"
#59294936726
1!
#59294936726
1"
#59294945406
0!
#59294945406
0"
#59294962766
1!
#59294962766
1"
#59294971446
0!
#59294971446
0"
#59294980126
1!
#59294980126
1"
#59295006166
0!
#59295006166
0"
#59295023526
1!
#59295023526
1"
#59295032206
0!
#59295032206
0"
#59295084286
1!
#59295084286
1"
#59295092966
0!
#59295092966
0"
#59295110326
1!
#59295110326
1"
#59295119006
0!
#59295119006
0"
#59295136366
1!
#59295136366
1"
#59295145046
0!
#59295145046
0"
#59295162406
1!
#59295162406
1"
#59295179766
0!
#59295179766
0"
#59295197126
1!
#59295197126
1"
#59295205806
0!
#59295205806
0"
#59295249206
1!
#59295249206
1"
#59295266566
0!
#59295266566
0"
#59295283926
1!
#59295283926
1"
#59295292606
0!
#59295292606
0"
#59295336006
1!
#59295336006
1"
#59295353366
0!
#59295353366
0"
#59295370726
1!
#59295370726
1"
#59295379406
0!
#59295379406
0"
#59295422806
1!
#59295422806
1"
#59295440166
0!
#59295440166
0"
#59295457526
1!
#59295457526
1"
#59295466206
0!
#59295466206
0"
#59295492246
1!
#59295492246
1"
#59295509606
0!
#59295509606
0"
#59295518286
1!
#59295518286
1"
#59295526966
0!
#59295526966
0"
#59295544326
1!
#59295544326
1"
#59295553006
0!
#59295553006
0"
#59295605086
1!
#59295605086
1"
#59295613766
0!
#59295613766
0"
#59295631126
1!
#59295631126
1"
#59295639806
0!
#59295639806
0"
#59295648486
1!
#59295648486
1"
#59295665846
0!
#59295665846
0"
#59295683206
1!
#59295683206
1"
#59295709246
0!
#59295709246
0"
#59295717926
1!
#59295717926
1"
#59295726606
0!
#59295726606
0"
#59295735286
1!
#59295735286
1"
#59295743966
0!
#59295743966
0"
#59295752646
1!
#59295752646
1"
#59295761326
0!
#59295761326
0"
#59295778686
1!
#59295778686
1"
#59295796046
0!
#59295796046
0"
#59295804726
1!
#59295804726
1"
#59295813406
0!
#59295813406
0"
#59295830766
1!
#59295830766
1"
#59295856806
0!
#59295856806
0"
#59295865486
1!
#59295865486
1"
#59295882846
0!
#59295882846
0"
#59295891526
1!
#59295891526
1"
#59295900206
0!
#59295900206
0"
#59295908886
1!
#59295908886
1"
#59295926246
0!
#59295926246
0"
#59295943606
1!
#59295943606
1"
#59295969646
0!
#59295969646
0"
#59295978326
1!
#59295978326
1"
#59295987006
0!
#59295987006
0"
#59295995686
1!
#59295995686
1"
#59296030406
0!
#59296030406
0"
#59296039086
1!
#59296039086
1"
#59296056446
0!
#59296056446
0"
#59296065126
1!
#59296065126
1"
#59296073806
0!
#59296073806
0"
#59296091166
1!
#59296091166
1"
#59296099846
0!
#59296099846
0"
#59296117206
1!
#59296117206
1"
#59296143246
0!
#59296143246
0"
#59296151926
1!
#59296151926
1"
#59296160606
0!
#59296160606
0"
#59296212686
1!
#59296212686
1"
#59296221366
0!
#59296221366
0"
#59296238726
1!
#59296238726
1"
#59296247406
0!
#59296247406
0"
#59296273446
1!
#59296273446
1"
#59296282126
0!
#59296282126
0"
#59296290806
1!
#59296290806
1"
#59296316846
0!
#59296316846
0"
#59296325526
1!
#59296325526
1"
#59296334206
0!
#59296334206
0"
#59296342886
1!
#59296342886
1"
#59296351566
0!
#59296351566
0"
#59296368926
1!
#59296368926
1"
#59296377606
0!
#59296377606
0"
#59296386286
1!
#59296386286
1"
#59296403646
0!
#59296403646
0"
#59296412326
1!
#59296412326
1"
#59296421006
0!
#59296421006
0"
#59296429686
1!
#59296429686
1"
#59296438366
0!
#59296438366
0"
#59296447046
1!
#59296447046
1"
#59296464406
0!
#59296464406
0"
#59296473086
1!
#59296473086
1"
#59296490446
0!
#59296490446
0"
#59296499126
1!
#59296499126
1"
#59296507806
0!
#59296507806
0"
#59296516486
1!
#59296516486
1"
#59296525166
0!
#59296525166
0"
#59296533846
1!
#59296533846
1"
#59296542526
0!
#59296542526
0"
#59296559886
1!
#59296559886
1"
#59296577246
0!
#59296577246
0"
#59296585926
1!
#59296585926
1"
#59296594606
0!
#59296594606
0"
#59296611966
1!
#59296611966
1"
#59296620646
0!
#59296620646
0"
#59296629326
1!
#59296629326
1"
#59296655366
0!
#59296655366
0"
#59296672726
1!
#59296672726
1"
#59296681406
0!
#59296681406
0"
#59296733486
1!
#59296733486
1"
#59296742166
0!
#59296742166
0"
#59296759526
1!
#59296759526
1"
#59296768206
0!
#59296768206
0"
#59296776886
1!
#59296776886
1"
#59296785566
0!
#59296785566
0"
#59296811606
1!
#59296811606
1"
#59296828966
0!
#59296828966
0"
#59296846326
1!
#59296846326
1"
#59296855006
0!
#59296855006
0"
#59296898406
1!
#59296898406
1"
#59296915766
0!
#59296915766
0"
#59296933126
1!
#59296933126
1"
#59296941806
0!
#59296941806
0"
#59296985206
1!
#59296985206
1"
#59297002566
0!
#59297002566
0"
#59297019926
1!
#59297019926
1"
#59297028606
0!
#59297028606
0"
#59297045966
1!
#59297045966
1"
#59297054646
0!
#59297054646
0"
#59297063326
1!
#59297063326
1"
#59297072006
0!
#59297072006
0"
#59297106726
1!
#59297106726
1"
#59297115406
0!
#59297115406
0"
#59297193526
1!
#59297193526
1"
#59297202206
0!
#59297202206
0"
#59297236926
1!
#59297236926
1"
#59297245606
0!
#59297245606
0"
#59297280326
1!
#59297280326
1"
#59297289006
0!
#59297289006
0"
#59297367126
1!
#59297367126
1"
#59297375806
0!
#59297375806
0"
#59297453926
1!
#59297453926
1"
#59297462606
0!
#59297462606
0"
#59297540726
1!
#59297540726
1"
#59297549406
0!
#59297549406
0"
#59297601486
1!
#59297601486
1"
#59297618846
0!
#59297618846
0"
#59297627526
1!
#59297627526
1"
#59297636206
0!
#59297636206
0"
#59297653566
1!
#59297653566
1"
#59297679606
0!
#59297679606
0"
#59297696966
1!
#59297696966
1"
#59297723006
0!
#59297723006
0"
#59297740366
1!
#59297740366
1"
#59297766406
0!
#59297766406
0"
#59297783766
1!
#59297783766
1"
#59297809806
0!
#59297809806
0"
#59297818486
1!
#59297818486
1"
#59297870566
0!
#59297870566
0"
#59297887926
1!
#59297887926
1"
#59297896606
0!
#59297896606
0"
#59297905286
1!
#59297905286
1"
#59297922646
0!
#59297922646
0"
#59297974726
1!
#59297974726
1"
#59297983406
0!
#59297983406
0"
#59298061526
1!
#59298061526
1"
#59298070206
0!
#59298070206
0"
#59298148326
1!
#59298148326
1"
#59298157006
0!
#59298157006
0"
#59298235126
1!
#59298235126
1"
#59298243806
0!
#59298243806
0"
#59298252486
1!
#59298252486
1"
#59298261166
0!
#59298261166
0"
#59298304566
1!
#59298304566
1"
#59298313246
0!
#59298313246
0"
#59298321926
1!
#59298321926
1"
#59298330606
0!
#59298330606
0"
#59298339286
1!
#59298339286
1"
#59298347966
0!
#59298347966
0"
#59298374006
1!
#59298374006
1"
#59298382686
0!
#59298382686
0"
#59298391366
1!
#59298391366
1"
#61809040119
0!
#61809040119
0"
#61809048799
1!
#61809048799
1"
#61809057479
0!
#61809057479
0"
#61809066159
1!
#61809066159
1"
#61809074839
0!
#61809074839
0"
#61809092199
1!
#61809092199
1"
#61809100879
0!
#61809100879
0"
#61809109559
1!
#61809109559
1"
#61809126919
0!
#61809126919
0"
#61809144279
1!
#61809144279
1"
#61809152959
0!
#61809152959
0"
#61809161639
1!
#61809161639
1"
#61809178999
0!
#61809178999
0"
#61809187679
1!
#61809187679
1"
#61809196359
0!
#61809196359
0"
#61809205039
1!
#61809205039
1"
#61809213719
0!
#61809213719
0"
#61809222399
1!
#61809222399
1"
#61809231079
0!
#61809231079
0"
#61809291839
1!
#61809291839
1"
#61809300519
0!
#61809300519
0"
#61809326559
1!
#61809326559
1"
#61809335239
0!
#61809335239
0"
#61809352599
1!
#61809352599
1"
#61809369959
0!
#61809369959
0"
#61809378639
1!
#61809378639
1"
#61809387319
0!
#61809387319
0"
#61809404679
1!
#61809404679
1"
#61809413359
0!
#61809413359
0"
#61809430719
1!
#61809430719
1"
#61809439399
0!
#61809439399
0"
#61809448079
1!
#61809448079
1"
#61809456759
0!
#61809456759
0"
#61809465439
1!
#61809465439
1"
#61809474119
0!
#61809474119
0"
#61809482799
1!
#61809482799
1"
#61809491479
0!
#61809491479
0"
#61809500159
1!
#61809500159
1"
#61809508839
0!
#61809508839
0"
#61809526199
1!
#61809526199
1"
#61809543559
0!
#61809543559
0"
#61809552239
1!
#61809552239
1"
#61809560919
0!
#61809560919
0"
#61809569599
1!
#61809569599
1"
#61809586959
0!
#61809586959
0"
#61809604319
1!
#61809604319
1"
#61809630359
0!
#61809630359
0"
#61809639039
1!
#61809639039
1"
#61809647719
0!
#61809647719
0"
#61809656399
1!
#61809656399
1"
#61809665079
0!
#61809665079
0"
#61809673759
1!
#61809673759
1"
#61809682439
0!
#61809682439
0"
#61809691119
1!
#61809691119
1"
#61809717159
0!
#61809717159
0"
#61809725839
1!
#61809725839
1"
#61809734519
0!
#61809734519
0"
#61809760559
1!
#61809760559
1"
#61809777919
0!
#61809777919
0"
#61809786599
1!
#61809786599
1"
#61809803959
0!
#61809803959
0"
#61809812639
1!
#61809812639
1"
#61809821319
0!
#61809821319
0"
#61809847359
1!
#61809847359
1"
#61809856039
0!
#61809856039
0"
#61809864719
1!
#61809864719
1"
#61809890759
0!
#61809890759
0"
#61809899439
1!
#61809899439
1"
#61809908119
0!
#61809908119
0"
#61809925479
1!
#61809925479
1"
#61809934159
0!
#61809934159
0"
#61809942839
1!
#61809942839
1"
#61809968879
0!
#61809968879
0"
#61809986239
1!
#61809986239
1"
#61809994919
0!
#61809994919
0"
#61810046999
1!
#61810046999
1"
#61810055679
0!
#61810055679
0"
#61810073039
1!
#61810073039
1"
#61810081719
0!
#61810081719
0"
#61810090399
1!
#61810090399
1"
#61810116439
0!
#61810116439
0"
#61810133799
1!
#61810133799
1"
#61810151159
0!
#61810151159
0"
#61810159839
1!
#61810159839
1"
#61810168519
0!
#61810168519
0"
#61810203239
1!
#61810203239
1"
#61810237959
0!
#61810237959
0"
#61810246639
1!
#61810246639
1"
#61810255319
0!
#61810255319
0"
#61810272679
1!
#61810272679
1"
#61810281359
0!
#61810281359
0"
#61810290039
1!
#61810290039
1"
#61810316079
0!
#61810316079
0"
#61810333439
1!
#61810333439
1"
#61810342119
0!
#61810342119
0"
#61810394199
1!
#61810394199
1"
#61810402879
0!
#61810402879
0"
#61810420239
1!
#61810420239
1"
#61810428919
0!
#61810428919
0"
#61810480999
1!
#61810480999
1"
#61810489679
0!
#61810489679
0"
#61810507039
1!
#61810507039
1"
#61810515719
0!
#61810515719
0"
#61810567799
1!
#61810567799
1"
#61810576479
0!
#61810576479
0"
#61810593839
1!
#61810593839
1"
#61810602519
0!
#61810602519
0"
#61810654599
1!
#61810654599
1"
#61810663279
0!
#61810663279
0"
#61810680639
1!
#61810680639
1"
#61810689319
0!
#61810689319
0"
#61810741399
1!
#61810741399
1"
#61810750079
0!
#61810750079
0"
#61810767439
1!
#61810767439
1"
#61810776119
0!
#61810776119
0"
#61810828199
1!
#61810828199
1"
#61810836879
0!
#61810836879
0"
#61810854239
1!
#61810854239
1"
#61810862919
0!
#61810862919
0"
#61810906319
1!
#61810906319
1"
#61810923679
0!
#61810923679
0"
#61810941039
1!
#61810941039
1"
#61810949719
0!
#61810949719
0"
#61810967079
1!
#61810967079
1"
#61810993119
0!
#61810993119
0"
#61811001799
1!
#61811001799
1"
#61811010479
0!
#61811010479
0"
#61811027839
1!
#61811027839
1"
#61811036519
0!
#61811036519
0"
#61811079919
1!
#61811079919
1"
#61811097279
0!
#61811097279
0"
#61811114639
1!
#61811114639
1"
#61811123319
0!
#61811123319
0"
#61811149359
1!
#61811149359
1"
#61811166719
0!
#61811166719
0"
#61811175399
1!
#61811175399
1"
#61811184079
0!
#61811184079
0"
#61811201439
1!
#61811201439
1"
#61811210119
0!
#61811210119
0"
#61811262199
1!
#61811262199
1"
#61811270879
0!
#61811270879
0"
#61811288239
1!
#61811288239
1"
#61811296919
0!
#61811296919
0"
#61811305599
1!
#61811305599
1"
#61811331639
0!
#61811331639
0"
#61811348999
1!
#61811348999
1"
#61811366359
0!
#61811366359
0"
#61811375039
1!
#61811375039
1"
#61811383719
0!
#61811383719
0"
#61811392399
1!
#61811392399
1"
#61811401079
0!
#61811401079
0"
#61811418439
1!
#61811418439
1"
#61811453159
0!
#61811453159
0"
#61811461839
1!
#61811461839
1"
#61811470519
0!
#61811470519
0"
#61811487879
1!
#61811487879
1"
#61811496559
0!
#61811496559
0"
#61811505239
1!
#61811505239
1"
#61811531279
0!
#61811531279
0"
#61811548639
1!
#61811548639
1"
#61811557319
0!
#61811557319
0"
#61811609399
1!
#61811609399
1"
#61811618079
0!
#61811618079
0"
#61811635439
1!
#61811635439
1"
#61811644119
0!
#61811644119
0"
#61811696199
1!
#61811696199
1"
#61811704879
0!
#61811704879
0"
#61811722239
1!
#61811722239
1"
#61811730919
0!
#61811730919
0"
#61811782999
1!
#61811782999
1"
#61811791679
0!
#61811791679
0"
#61811809039
1!
#61811809039
1"
#61811817719
0!
#61811817719
0"
#61811869799
1!
#61811869799
1"
#61811878479
0!
#61811878479
0"
#61811895839
1!
#61811895839
1"
#61811904519
0!
#61811904519
0"
#61811956599
1!
#61811956599
1"
#61811965279
0!
#61811965279
0"
#61811982639
1!
#61811982639
1"
#61811991319
0!
#61811991319
0"
#61812043399
1!
#61812043399
1"
#61812052079
0!
#61812052079
0"
#61812069439
1!
#61812069439
1"
#61812078119
0!
#61812078119
0"
#61812121519
1!
#61812121519
1"
#61812138879
0!
#61812138879
0"
#61812156239
1!
#61812156239
1"
#61812164919
0!
#61812164919
0"
#61812182279
1!
#61812182279
1"
#61812208319
0!
#61812208319
0"
#61812216999
1!
#61812216999
1"
#61812225679
0!
#61812225679
0"
#61812243039
1!
#61812243039
1"
#61812251719
0!
#61812251719
0"
#61812295119
1!
#61812295119
1"
#61812312479
0!
#61812312479
0"
#61812329839
1!
#61812329839
1"
#61812338519
0!
#61812338519
0"
#61812364559
1!
#61812364559
1"
#61812381919
0!
#61812381919
0"
#61812390599
1!
#61812390599
1"
#61812399279
0!
#61812399279
0"
#61812416639
1!
#61812416639
1"
#61812425319
0!
#61812425319
0"
#61812477399
1!
#61812477399
1"
#61812486079
0!
#61812486079
0"
#61812503439
1!
#61812503439
1"
#61812512119
0!
#61812512119
0"
#61812520799
1!
#61812520799
1"
#61812546839
0!
#61812546839
0"
#61812564199
1!
#61812564199
1"
#61812581559
0!
#61812581559
0"
#61812590239
1!
#61812590239
1"
#61812598919
0!
#61812598919
0"
#61812616279
1!
#61812616279
1"
#61812624959
0!
#61812624959
0"
#61812633639
1!
#61812633639
1"
#61812668359
0!
#61812668359
0"
#61812677039
1!
#61812677039
1"
#61812685719
0!
#61812685719
0"
#61812703079
1!
#61812703079
1"
#61812711759
0!
#61812711759
0"
#61812720439
1!
#61812720439
1"
#61812746479
0!
#61812746479
0"
#61812763839
1!
#61812763839
1"
#61812772519
0!
#61812772519
0"
#61812824599
1!
#61812824599
1"
#61812833279
0!
#61812833279
0"
#61812850639
1!
#61812850639
1"
#61812859319
0!
#61812859319
0"
#61812911399
1!
#61812911399
1"
#61812920079
0!
#61812920079
0"
#61812937439
1!
#61812937439
1"
#61812946119
0!
#61812946119
0"
#61812998199
1!
#61812998199
1"
#61813006879
0!
#61813006879
0"
#61813024239
1!
#61813024239
1"
#61813032919
0!
#61813032919
0"
#61813084999
1!
#61813084999
1"
#61813093679
0!
#61813093679
0"
#61813111039
1!
#61813111039
1"
#61813119719
0!
#61813119719
0"
#61813171799
1!
#61813171799
1"
#61813180479
0!
#61813180479
0"
#61813197839
1!
#61813197839
1"
#61813206519
0!
#61813206519
0"
#61813258599
1!
#61813258599
1"
#61813267279
0!
#61813267279
0"
#61813284639
1!
#61813284639
1"
#61813293319
0!
#61813293319
0"
#61813336719
1!
#61813336719
1"
#61813354079
0!
#61813354079
0"
#61813371439
1!
#61813371439
1"
#61813380119
0!
#61813380119
0"
#61813397479
1!
#61813397479
1"
#61813423519
0!
#61813423519
0"
#61813432199
1!
#61813432199
1"
#61813440879
0!
#61813440879
0"
#61813458239
1!
#61813458239
1"
#61813466919
0!
#61813466919
0"
#61813510319
1!
#61813510319
1"
#61813527679
0!
#61813527679
0"
#61813545039
1!
#61813545039
1"
#61813553719
0!
#61813553719
0"
#61813579759
1!
#61813579759
1"
#61813597119
0!
#61813597119
0"
#61813605799
1!
#61813605799
1"
#61813614479
0!
#61813614479
0"
#61813631839
1!
#61813631839
1"
#61813640519
0!
#61813640519
0"
#61813692599
1!
#61813692599
1"
#61813701279
0!
#61813701279
0"
#61813718639
1!
#61813718639
1"
#61813727319
0!
#61813727319
0"
#61813753359
1!
#61813753359
1"
#61813762039
0!
#61813762039
0"
#61813779399
1!
#61813779399
1"
#61813796759
0!
#61813796759
0"
#61813805439
1!
#61813805439
1"
#61813814119
0!
#61813814119
0"
#61813822799
1!
#61813822799
1"
#61813831479
0!
#61813831479
0"
#61813848839
1!
#61813848839
1"
#61813857519
0!
#61813857519
0"
#61813866199
1!
#61813866199
1"
#61813883559
0!
#61813883559
0"
#61813892239
1!
#61813892239
1"
#61813900919
0!
#61813900919
0"
#61813909599
1!
#61813909599
1"
#61813926959
0!
#61813926959
0"
#61813944319
1!
#61813944319
1"
#61813970359
0!
#61813970359
0"
#61813979039
1!
#61813979039
1"
#61813987719
0!
#61813987719
0"
#61814031119
1!
#61814031119
1"
#61814057159
0!
#61814057159
0"
#61814065839
1!
#61814065839
1"
#61814074519
0!
#61814074519
0"
#61814100559
1!
#61814100559
1"
#61814117919
0!
#61814117919
0"
#61814126599
1!
#61814126599
1"
#61814143959
0!
#61814143959
0"
#61814152639
1!
#61814152639
1"
#61814161319
0!
#61814161319
0"
#61814169999
1!
#61814169999
1"
#61814178679
0!
#61814178679
0"
#61814213399
1!
#61814213399
1"
#61814230759
0!
#61814230759
0"
#61814239439
1!
#61814239439
1"
#61814248119
0!
#61814248119
0"
#61814256799
1!
#61814256799
1"
#61814265479
0!
#61814265479
0"
#61814282839
1!
#61814282839
1"
#61814317559
0!
#61814317559
0"
#61814326239
1!
#61814326239
1"
#61814334919
0!
#61814334919
0"
#61814386999
1!
#61814386999
1"
#61814395679
0!
#61814395679
0"
#61814413039
1!
#61814413039
1"
#61814421719
0!
#61814421719
0"
#61814447759
1!
#61814447759
1"
#61814456439
0!
#61814456439
0"
#61814465119
1!
#61814465119
1"
#61814491159
0!
#61814491159
0"
#61814499839
1!
#61814499839
1"
#61814508519
0!
#61814508519
0"
#61814517199
1!
#61814517199
1"
#61814525879
0!
#61814525879
0"
#61814543239
1!
#61814543239
1"
#61814551919
0!
#61814551919
0"
#61814560599
1!
#61814560599
1"
#61814577959
0!
#61814577959
0"
#61814586639
1!
#61814586639
1"
#61814595319
0!
#61814595319
0"
#61814603999
1!
#61814603999
1"
#61814612679
0!
#61814612679
0"
#61814621359
1!
#61814621359
1"
#61814638719
0!
#61814638719
0"
#61814647399
1!
#61814647399
1"
#61814664759
0!
#61814664759
0"
#61814673439
1!
#61814673439
1"
#61814682119
0!
#61814682119
0"
#61814690799
1!
#61814690799
1"
#61814699479
0!
#61814699479
0"
#61814708159
1!
#61814708159
1"
#61814716839
0!
#61814716839
0"
#61814734199
1!
#61814734199
1"
#61814751559
0!
#61814751559
0"
#61814760239
1!
#61814760239
1"
#61814768919
0!
#61814768919
0"
#61814786279
1!
#61814786279
1"
#61814794959
0!
#61814794959
0"
#61814803639
1!
#61814803639
1"
#61814829679
0!
#61814829679
0"
#61814847039
1!
#61814847039
1"
#61814855719
0!
#61814855719
0"
#61814907799
1!
#61814907799
1"
#61814916479
0!
#61814916479
0"
#61814933839
1!
#61814933839
1"
#61814942519
0!
#61814942519
0"
#61814959879
1!
#61814959879
1"
#61814968559
0!
#61814968559
0"
#61814985919
1!
#61814985919
1"
#61815003279
0!
#61815003279
0"
#61815020639
1!
#61815020639
1"
#61815029319
0!
#61815029319
0"
#61815072719
1!
#61815072719
1"
#61815090079
0!
#61815090079
0"
#61815107439
1!
#61815107439
1"
#61815116119
0!
#61815116119
0"
#61815159519
1!
#61815159519
1"
#61815176879
0!
#61815176879
0"
#61815194239
1!
#61815194239
1"
#61815202919
0!
#61815202919
0"
#61815246319
1!
#61815246319
1"
#61815263679
0!
#61815263679
0"
#61815281039
1!
#61815281039
1"
#61815289719
0!
#61815289719
0"
#61815315759
1!
#61815315759
1"
#61815333119
0!
#61815333119
0"
#61815341799
1!
#61815341799
1"
#61815350479
0!
#61815350479
0"
#61815367839
1!
#61815367839
1"
#61815376519
0!
#61815376519
0"
#61815428599
1!
#61815428599
1"
#61815437279
0!
#61815437279
0"
#61815454639
1!
#61815454639
1"
#61815463319
0!
#61815463319
0"
#61815471999
1!
#61815471999
1"
#61815489359
0!
#61815489359
0"
#61815506719
1!
#61815506719
1"
#61815532759
0!
#61815532759
0"
#61815541439
1!
#61815541439
1"
#61815550119
0!
#61815550119
0"
#61815558799
1!
#61815558799
1"
#61815567479
0!
#61815567479
0"
#61815576159
1!
#61815576159
1"
#61815584839
0!
#61815584839
0"
#61815602199
1!
#61815602199
1"
#61815619559
0!
#61815619559
0"
#61815628239
1!
#61815628239
1"
#61815636919
0!
#61815636919
0"
#61815654279
1!
#61815654279
1"
#61815680319
0!
#61815680319
0"
#61815688999
1!
#61815688999
1"
#61815706359
0!
#61815706359
0"
#61815715039
1!
#61815715039
1"
#61815723719
0!
#61815723719
0"
#61815732399
1!
#61815732399
1"
#61815749759
0!
#61815749759
0"
#61815767119
1!
#61815767119
1"
#61815793159
0!
#61815793159
0"
#61815801839
1!
#61815801839
1"
#61815810519
0!
#61815810519
0"
#61815819199
1!
#61815819199
1"
#61815853919
0!
#61815853919
0"
#61815862599
1!
#61815862599
1"
#61815879959
0!
#61815879959
0"
#61815888639
1!
#61815888639
1"
#61815897319
0!
#61815897319
0"
#61815914679
1!
#61815914679
1"
#61815923359
0!
#61815923359
0"
#61815940719
1!
#61815940719
1"
#61815966759
0!
#61815966759
0"
#61815975439
1!
#61815975439
1"
#61815984119
0!
#61815984119
0"
#61816036199
1!
#61816036199
1"
#61816044879
0!
#61816044879
0"
#61816062239
1!
#61816062239
1"
#61816070919
0!
#61816070919
0"
#61816096959
1!
#61816096959
1"
#61816105639
0!
#61816105639
0"
#61816114319
1!
#61816114319
1"
#61816140359
0!
#61816140359
0"
#61816149039
1!
#61816149039
1"
#61816157719
0!
#61816157719
0"
#61816166399
1!
#61816166399
1"
#61816175079
0!
#61816175079
0"
#61816192439
1!
#61816192439
1"
#61816201119
0!
#61816201119
0"
#61816209799
1!
#61816209799
1"
#61816227159
0!
#61816227159
0"
#61816235839
1!
#61816235839
1"
#61816244519
0!
#61816244519
0"
#61816253199
1!
#61816253199
1"
#61816261879
0!
#61816261879
0"
#61816270559
1!
#61816270559
1"
#61816287919
0!
#61816287919
0"
#61816296599
1!
#61816296599
1"
#61816313959
0!
#61816313959
0"
#61816322639
1!
#61816322639
1"
#61816331319
0!
#61816331319
0"
#61816339999
1!
#61816339999
1"
#61816348679
0!
#61816348679
0"
#61816357359
1!
#61816357359
1"
#61816366039
0!
#61816366039
0"
#61816383399
1!
#61816383399
1"
#61816400759
0!
#61816400759
0"
#61816409439
1!
#61816409439
1"
#61816418119
0!
#61816418119
0"
#61816435479
1!
#61816435479
1"
#61816444159
0!
#61816444159
0"
#61816452839
1!
#61816452839
1"
#61816478879
0!
#61816478879
0"
#61816496239
1!
#61816496239
1"
#61816504919
0!
#61816504919
0"
#61816556999
1!
#61816556999
1"
#61816565679
0!
#61816565679
0"
#61816583039
1!
#61816583039
1"
#61816591719
0!
#61816591719
0"
#61816600399
1!
#61816600399
1"
#61816609079
0!
#61816609079
0"
#61816635119
1!
#61816635119
1"
#61816652479
0!
#61816652479
0"
#61816669839
1!
#61816669839
1"
#61816678519
0!
#61816678519
0"
#61816721919
1!
#61816721919
1"
#61816739279
0!
#61816739279
0"
#61816756639
1!
#61816756639
1"
#61816765319
0!
#61816765319
0"
#61816808719
1!
#61816808719
1"
#61816826079
0!
#61816826079
0"
#61816843439
1!
#61816843439
1"
#61816852119
0!
#61816852119
0"
#61816869479
1!
#61816869479
1"
#61816878159
0!
#61816878159
0"
#61816886839
1!
#61816886839
1"
#61816895519
0!
#61816895519
0"
#61816930239
1!
#61816930239
1"
#61816938919
0!
#61816938919
0"
#61817017039
1!
#61817017039
1"
#61817025719
0!
#61817025719
0"
#61817060439
1!
#61817060439
1"
#61817069119
0!
#61817069119
0"
#61817103839
1!
#61817103839
1"
#61817112519
0!
#61817112519
0"
#61817190639
1!
#61817190639
1"
#61817199319
0!
#61817199319
0"
#61817277439
1!
#61817277439
1"
#61817286119
0!
#61817286119
0"
#61817364239
1!
#61817364239
1"
#61817372919
0!
#61817372919
0"
#61817424999
1!
#61817424999
1"
#61817442359
0!
#61817442359
0"
#61817451039
1!
#61817451039
1"
#61817459719
0!
#61817459719
0"
#61817477079
1!
#61817477079
1"
#61817503119
0!
#61817503119
0"
#61817520479
1!
#61817520479
1"
#61817546519
0!
#61817546519
0"
#61817563879
1!
#61817563879
1"
#61817589919
0!
#61817589919
0"
#61817607279
1!
#61817607279
1"
#61817633319
0!
#61817633319
0"
#61817641999
1!
#61817641999
1"
#61817694079
0!
#61817694079
0"
#61817711439
1!
#61817711439
1"
#61817720119
0!
#61817720119
0"
#61817728799
1!
#61817728799
1"
#61817746159
0!
#61817746159
0"
#61817798239
1!
#61817798239
1"
#61817806919
0!
#61817806919
0"
#61817885039
1!
#61817885039
1"
#61817893719
0!
#61817893719
0"
#61817971839
1!
#61817971839
1"
#61817980519
0!
#61817980519
0"
#61818058639
1!
#61818058639
1"
#61818067319
0!
#61818067319
0"
#61818075999
1!
#61818075999
1"
#61818084679
0!
#61818084679
0"
#61818128079
1!
#61818128079
1"
#61818136759
0!
#61818136759
0"
#61818145439
1!
#61818145439
1"
#61818154119
0!
#61818154119
0"
#61818162799
1!
#61818162799
1"
#61818171479
0!
#61818171479
0"
#61818197519
1!
#61818197519
1"
#61818206199
0!
#61818206199
0"
#61818214879
1!
#61818214879
1"
#64329040119
0!
#64329040119
0"
#64329048799
1!
#64329048799
1"
#64329057479
0!
#64329057479
0"
#64329066159
1!
#64329066159
1"
#64329074839
0!
#64329074839
0"
#64329092199
1!
#64329092199
1"
#64329100879
0!
#64329100879
0"
#64329109559
1!
#64329109559
1"
#64329126919
0!
#64329126919
0"
#64329144279
1!
#64329144279
1"
#64329152959
0!
#64329152959
0"
#64329161639
1!
#64329161639
1"
#64329178999
0!
#64329178999
0"
#64329187679
1!
#64329187679
1"
#64329196359
0!
#64329196359
0"
#64329205039
1!
#64329205039
1"
#64329213719
0!
#64329213719
0"
#64329222399
1!
#64329222399
1"
#64329231079
0!
#64329231079
0"
#64329291839
1!
#64329291839
1"
#64329300519
0!
#64329300519
0"
#64329326559
1!
#64329326559
1"
#64329335239
0!
#64329335239
0"
#64329352599
1!
#64329352599
1"
#64329369959
0!
#64329369959
0"
#64329378639
1!
#64329378639
1"
#64329387319
0!
#64329387319
0"
#64329404679
1!
#64329404679
1"
#64329413359
0!
#64329413359
0"
#64329430719
1!
#64329430719
1"
#64329439399
0!
#64329439399
0"
#64329448079
1!
#64329448079
1"
#64329456759
0!
#64329456759
0"
#64329465439
1!
#64329465439
1"
#64329474119
0!
#64329474119
0"
#64329482799
1!
#64329482799
1"
#64329491479
0!
#64329491479
0"
#64329500159
1!
#64329500159
1"
#64329508839
0!
#64329508839
0"
#64329526199
1!
#64329526199
1"
#64329543559
0!
#64329543559
0"
#64329552239
1!
#64329552239
1"
#64329560919
0!
#64329560919
0"
#64329569599
1!
#64329569599
1"
#64329586959
0!
#64329586959
0"
#64329604319
1!
#64329604319
1"
#64329630359
0!
#64329630359
0"
#64329639039
1!
#64329639039
1"
#64329647719
0!
#64329647719
0"
#64329656399
1!
#64329656399
1"
#64329665079
0!
#64329665079
0"
#64329673759
1!
#64329673759
1"
#64329682439
0!
#64329682439
0"
#64329691119
1!
#64329691119
1"
#64329717159
0!
#64329717159
0"
#64329725839
1!
#64329725839
1"
#64329734519
0!
#64329734519
0"
#64329760559
1!
#64329760559
1"
#64329777919
0!
#64329777919
0"
#64329786599
1!
#64329786599
1"
#64329803959
0!
#64329803959
0"
#64329812639
1!
#64329812639
1"
#64329821319
0!
#64329821319
0"
#64329847359
1!
#64329847359
1"
#64329856039
0!
#64329856039
0"
#64329864719
1!
#64329864719
1"
#64329890759
0!
#64329890759
0"
#64329899439
1!
#64329899439
1"
#64329908119
0!
#64329908119
0"
#64329925479
1!
#64329925479
1"
#64329934159
0!
#64329934159
0"
#64329942839
1!
#64329942839
1"
#64329968879
0!
#64329968879
0"
#64329986239
1!
#64329986239
1"
#64329994919
0!
#64329994919
0"
#64330046999
1!
#64330046999
1"
#64330055679
0!
#64330055679
0"
#64330073039
1!
#64330073039
1"
#64330081719
0!
#64330081719
0"
#64330090399
1!
#64330090399
1"
#64330116439
0!
#64330116439
0"
#64330133799
1!
#64330133799
1"
#64330151159
0!
#64330151159
0"
#64330159839
1!
#64330159839
1"
#64330168519
0!
#64330168519
0"
#64330203239
1!
#64330203239
1"
#64330237959
0!
#64330237959
0"
#64330246639
1!
#64330246639
1"
#64330255319
0!
#64330255319
0"
#64330272679
1!
#64330272679
1"
#64330281359
0!
#64330281359
0"
#64330290039
1!
#64330290039
1"
#64330316079
0!
#64330316079
0"
#64330333439
1!
#64330333439
1"
#64330342119
0!
#64330342119
0"
#64330394199
1!
#64330394199
1"
#64330402879
0!
#64330402879
0"
#64330420239
1!
#64330420239
1"
#64330428919
0!
#64330428919
0"
#64330480999
1!
#64330480999
1"
#64330489679
0!
#64330489679
0"
#64330507039
1!
#64330507039
1"
#64330515719
0!
#64330515719
0"
#64330567799
1!
#64330567799
1"
#64330576479
0!
#64330576479
0"
#64330593839
1!
#64330593839
1"
#64330602519
0!
#64330602519
0"
#64330654599
1!
#64330654599
1"
#64330663279
0!
#64330663279
0"
#64330680639
1!
#64330680639
1"
#64330689319
0!
#64330689319
0"
#64330741399
1!
#64330741399
1"
#64330750079
0!
#64330750079
0"
#64330767439
1!
#64330767439
1"
#64330776119
0!
#64330776119
0"
#64330828199
1!
#64330828199
1"
#64330836879
0!
#64330836879
0"
#64330854239
1!
#64330854239
1"
#64330862919
0!
#64330862919
0"
#64330906319
1!
#64330906319
1"
#64330923679
0!
#64330923679
0"
#64330941039
1!
#64330941039
1"
#64330949719
0!
#64330949719
0"
#64330967079
1!
#64330967079
1"
#64330993119
0!
#64330993119
0"
#64331001799
1!
#64331001799
1"
#64331010479
0!
#64331010479
0"
#64331027839
1!
#64331027839
1"
#64331036519
0!
#64331036519
0"
#64331079919
1!
#64331079919
1"
#64331097279
0!
#64331097279
0"
#64331114639
1!
#64331114639
1"
#64331123319
0!
#64331123319
0"
#64331149359
1!
#64331149359
1"
#64331166719
0!
#64331166719
0"
#64331175399
1!
#64331175399
1"
#64331184079
0!
#64331184079
0"
#64331201439
1!
#64331201439
1"
#64331210119
0!
#64331210119
0"
#64331262199
1!
#64331262199
1"
#64331270879
0!
#64331270879
0"
#64331288239
1!
#64331288239
1"
#64331296919
0!
#64331296919
0"
#64331305599
1!
#64331305599
1"
#64331331639
0!
#64331331639
0"
#64331348999
1!
#64331348999
1"
#64331366359
0!
#64331366359
0"
#64331375039
1!
#64331375039
1"
#64331383719
0!
#64331383719
0"
#64331392399
1!
#64331392399
1"
#64331401079
0!
#64331401079
0"
#64331418439
1!
#64331418439
1"
#64331453159
0!
#64331453159
0"
#64331461839
1!
#64331461839
1"
#64331470519
0!
#64331470519
0"
#64331487879
1!
#64331487879
1"
#64331496559
0!
#64331496559
0"
#64331505239
1!
#64331505239
1"
#64331531279
0!
#64331531279
0"
#64331548639
1!
#64331548639
1"
#64331557319
0!
#64331557319
0"
#64331609399
1!
#64331609399
1"
#64331618079
0!
#64331618079
0"
#64331635439
1!
#64331635439
1"
#64331644119
0!
#64331644119
0"
#64331696199
1!
#64331696199
1"
#64331704879
0!
#64331704879
0"
#64331722239
1!
#64331722239
1"
#64331730919
0!
#64331730919
0"
#64331782999
1!
#64331782999
1"
#64331791679
0!
#64331791679
0"
#64331809039
1!
#64331809039
1"
#64331817719
0!
#64331817719
0"
#64331869799
1!
#64331869799
1"
#64331878479
0!
#64331878479
0"
#64331895839
1!
#64331895839
1"
#64331904519
0!
#64331904519
0"
#64331956599
1!
#64331956599
1"
#64331965279
0!
#64331965279
0"
#64331982639
1!
#64331982639
1"
#64331991319
0!
#64331991319
0"
#64332043399
1!
#64332043399
1"
#64332052079
0!
#64332052079
0"
#64332069439
1!
#64332069439
1"
#64332078119
0!
#64332078119
0"
#64332121519
1!
#64332121519
1"
#64332138879
0!
#64332138879
0"
#64332156239
1!
#64332156239
1"
#64332164919
0!
#64332164919
0"
#64332182279
1!
#64332182279
1"
#64332208319
0!
#64332208319
0"
#64332216999
1!
#64332216999
1"
#64332225679
0!
#64332225679
0"
#64332243039
1!
#64332243039
1"
#64332251719
0!
#64332251719
0"
#64332295119
1!
#64332295119
1"
#64332312479
0!
#64332312479
0"
#64332329839
1!
#64332329839
1"
#64332338519
0!
#64332338519
0"
#64332364559
1!
#64332364559
1"
#64332381919
0!
#64332381919
0"
#64332390599
1!
#64332390599
1"
#64332399279
0!
#64332399279
0"
#64332416639
1!
#64332416639
1"
#64332425319
0!
#64332425319
0"
#64332477399
1!
#64332477399
1"
#64332486079
0!
#64332486079
0"
#64332503439
1!
#64332503439
1"
#64332512119
0!
#64332512119
0"
#64332520799
1!
#64332520799
1"
#64332546839
0!
#64332546839
0"
#64332564199
1!
#64332564199
1"
#64332581559
0!
#64332581559
0"
#64332590239
1!
#64332590239
1"
#64332598919
0!
#64332598919
0"
#64332616279
1!
#64332616279
1"
#64332624959
0!
#64332624959
0"
#64332633639
1!
#64332633639
1"
#64332668359
0!
#64332668359
0"
#64332677039
1!
#64332677039
1"
#64332685719
0!
#64332685719
0"
#64332703079
1!
#64332703079
1"
#64332711759
0!
#64332711759
0"
#64332720439
1!
#64332720439
1"
#64332746479
0!
#64332746479
0"
#64332763839
1!
#64332763839
1"
#64332772519
0!
#64332772519
0"
#64332824599
1!
#64332824599
1"
#64332833279
0!
#64332833279
0"
#64332850639
1!
#64332850639
1"
#64332859319
0!
#64332859319
0"
#64332911399
1!
#64332911399
1"
#64332920079
0!
#64332920079
0"
#64332937439
1!
#64332937439
1"
#64332946119
0!
#64332946119
0"
#64332998199
1!
#64332998199
1"
#64333006879
0!
#64333006879
0"
#64333024239
1!
#64333024239
1"
#64333032919
0!
#64333032919
0"
#64333084999
1!
#64333084999
1"
#64333093679
0!
#64333093679
0"
#64333111039
1!
#64333111039
1"
#64333119719
0!
#64333119719
0"
#64333171799
1!
#64333171799
1"
#64333180479
0!
#64333180479
0"
#64333197839
1!
#64333197839
1"
#64333206519
0!
#64333206519
0"
#64333258599
1!
#64333258599
1"
#64333267279
0!
#64333267279
0"
#64333284639
1!
#64333284639
1"
#64333293319
0!
#64333293319
0"
#64333336719
1!
#64333336719
1"
#64333354079
0!
#64333354079
0"
#64333371439
1!
#64333371439
1"
#64333380119
0!
#64333380119
0"
#64333397479
1!
#64333397479
1"
#64333423519
0!
#64333423519
0"
#64333432199
1!
#64333432199
1"
#64333440879
0!
#64333440879
0"
#64333458239
1!
#64333458239
1"
#64333466919
0!
#64333466919
0"
#64333510319
1!
#64333510319
1"
#64333527679
0!
#64333527679
0"
#64333545039
1!
#64333545039
1"
#64333553719
0!
#64333553719
0"
#64333579759
1!
#64333579759
1"
#64333597119
0!
#64333597119
0"
#64333605799
1!
#64333605799
1"
#64333614479
0!
#64333614479
0"
#64333631839
1!
#64333631839
1"
#64333640519
0!
#64333640519
0"
#64333692599
1!
#64333692599
1"
#64333701279
0!
#64333701279
0"
#64333718639
1!
#64333718639
1"
#64333727319
0!
#64333727319
0"
#64333753359
1!
#64333753359
1"
#64333762039
0!
#64333762039
0"
#64333779399
1!
#64333779399
1"
#64333796759
0!
#64333796759
0"
#64333805439
1!
#64333805439
1"
#64333814119
0!
#64333814119
0"
#64333822799
1!
#64333822799
1"
#64333831479
0!
#64333831479
0"
#64333848839
1!
#64333848839
1"
#64333857519
0!
#64333857519
0"
#64333866199
1!
#64333866199
1"
#64333883559
0!
#64333883559
0"
#64333892239
1!
#64333892239
1"
#64333900919
0!
#64333900919
0"
#64333909599
1!
#64333909599
1"
#64333926959
0!
#64333926959
0"
#64333944319
1!
#64333944319
1"
#64333970359
0!
#64333970359
0"
#64333979039
1!
#64333979039
1"
#64333987719
0!
#64333987719
0"
#64334031119
1!
#64334031119
1"
#64334057159
0!
#64334057159
0"
#64334065839
1!
#64334065839
1"
#64334074519
0!
#64334074519
0"
#64334100559
1!
#64334100559
1"
#64334117919
0!
#64334117919
0"
#64334126599
1!
#64334126599
1"
#64334143959
0!
#64334143959
0"
#64334152639
1!
#64334152639
1"
#64334161319
0!
#64334161319
0"
#64334169999
1!
#64334169999
1"
#64334178679
0!
#64334178679
0"
#64334213399
1!
#64334213399
1"
#64334230759
0!
#64334230759
0"
#64334239439
1!
#64334239439
1"
#64334248119
0!
#64334248119
0"
#64334256799
1!
#64334256799
1"
#64334265479
0!
#64334265479
0"
#64334282839
1!
#64334282839
1"
#64334317559
0!
#64334317559
0"
#64334326239
1!
#64334326239
1"
#64334334919
0!
#64334334919
0"
#64334386999
1!
#64334386999
1"
#64334395679
0!
#64334395679
0"
#64334413039
1!
#64334413039
1"
#64334421719
0!
#64334421719
0"
#64334447759
1!
#64334447759
1"
#64334456439
0!
#64334456439
0"
#64334465119
1!
#64334465119
1"
#64334491159
0!
#64334491159
0"
#64334499839
1!
#64334499839
1"
#64334508519
0!
#64334508519
0"
#64334517199
1!
#64334517199
1"
#64334525879
0!
#64334525879
0"
#64334543239
1!
#64334543239
1"
#64334551919
0!
#64334551919
0"
#64334560599
1!
#64334560599
1"
#64334577959
0!
#64334577959
0"
#64334586639
1!
#64334586639
1"
#64334595319
0!
#64334595319
0"
#64334603999
1!
#64334603999
1"
#64334612679
0!
#64334612679
0"
#64334621359
1!
#64334621359
1"
#64334638719
0!
#64334638719
0"
#64334647399
1!
#64334647399
1"
#64334664759
0!
#64334664759
0"
#64334673439
1!
#64334673439
1"
#64334682119
0!
#64334682119
0"
#64334690799
1!
#64334690799
1"
#64334699479
0!
#64334699479
0"
#64334708159
1!
#64334708159
1"
#64334716839
0!
#64334716839
0"
#64334734199
1!
#64334734199
1"
#64334751559
0!
#64334751559
0"
#64334760239
1!
#64334760239
1"
#64334768919
0!
#64334768919
0"
#64334786279
1!
#64334786279
1"
#64334794959
0!
#64334794959
0"
#64334803639
1!
#64334803639
1"
#64334829679
0!
#64334829679
0"
#64334847039
1!
#64334847039
1"
#64334855719
0!
#64334855719
0"
#64334907799
1!
#64334907799
1"
#64334916479
0!
#64334916479
0"
#64334933839
1!
#64334933839
1"
#64334942519
0!
#64334942519
0"
#64334959879
1!
#64334959879
1"
#64334968559
0!
#64334968559
0"
#64334985919
1!
#64334985919
1"
#64335003279
0!
#64335003279
0"
#64335020639
1!
#64335020639
1"
#64335029319
0!
#64335029319
0"
#64335072719
1!
#64335072719
1"
#64335090079
0!
#64335090079
0"
#64335107439
1!
#64335107439
1"
#64335116119
0!
#64335116119
0"
#64335159519
1!
#64335159519
1"
#64335176879
0!
#64335176879
0"
#64335194239
1!
#64335194239
1"
#64335202919
0!
#64335202919
0"
#64335246319
1!
#64335246319
1"
#64335263679
0!
#64335263679
0"
#64335281039
1!
#64335281039
1"
#64335289719
0!
#64335289719
0"
#64335315759
1!
#64335315759
1"
#64335333119
0!
#64335333119
0"
#64335341799
1!
#64335341799
1"
#64335350479
0!
#64335350479
0"
#64335367839
1!
#64335367839
1"
#64335376519
0!
#64335376519
0"
#64335428599
1!
#64335428599
1"
#64335437279
0!
#64335437279
0"
#64335454639
1!
#64335454639
1"
#64335463319
0!
#64335463319
0"
#64335471999
1!
#64335471999
1"
#64335489359
0!
#64335489359
0"
#64335506719
1!
#64335506719
1"
#64335532759
0!
#64335532759
0"
#64335541439
1!
#64335541439
1"
#64335550119
0!
#64335550119
0"
#64335558799
1!
#64335558799
1"
#64335567479
0!
#64335567479
0"
#64335576159
1!
#64335576159
1"
#64335584839
0!
#64335584839
0"
#64335602199
1!
#64335602199
1"
#64335619559
0!
#64335619559
0"
#64335628239
1!
#64335628239
1"
#64335636919
0!
#64335636919
0"
#64335654279
1!
#64335654279
1"
#64335680319
0!
#64335680319
0"
#64335688999
1!
#64335688999
1"
#64335706359
0!
#64335706359
0"
#64335715039
1!
#64335715039
1"
#64335723719
0!
#64335723719
0"
#64335732399
1!
#64335732399
1"
#64335749759
0!
#64335749759
0"
#64335767119
1!
#64335767119
1"
#64335793159
0!
#64335793159
0"
#64335801839
1!
#64335801839
1"
#64335810519
0!
#64335810519
0"
#64335819199
1!
#64335819199
1"
#64335853919
0!
#64335853919
0"
#64335862599
1!
#64335862599
1"
#64335879959
0!
#64335879959
0"
#64335888639
1!
#64335888639
1"
#64335897319
0!
#64335897319
0"
#64335914679
1!
#64335914679
1"
#64335923359
0!
#64335923359
0"
#64335940719
1!
#64335940719
1"
#64335966759
0!
#64335966759
0"
#64335975439
1!
#64335975439
1"
#64335984119
0!
#64335984119
0"
#64336036199
1!
#64336036199
1"
#64336044879
0!
#64336044879
0"
#64336062239
1!
#64336062239
1"
#64336070919
0!
#64336070919
0"
#64336096959
1!
#64336096959
1"
#64336105639
0!
#64336105639
0"
#64336114319
1!
#64336114319
1"
#64336140359
0!
#64336140359
0"
#64336149039
1!
#64336149039
1"
#64336157719
0!
#64336157719
0"
#64336166399
1!
#64336166399
1"
#64336175079
0!
#64336175079
0"
#64336192439
1!
#64336192439
1"
#64336201119
0!
#64336201119
0"
#64336209799
1!
#64336209799
1"
#64336227159
0!
#64336227159
0"
#64336235839
1!
#64336235839
1"
#64336244519
0!
#64336244519
0"
#64336253199
1!
#64336253199
1"
#64336261879
0!
#64336261879
0"
#64336270559
1!
#64336270559
1"
#64336287919
0!
#64336287919
0"
#64336296599
1!
#64336296599
1"
#64336313959
0!
#64336313959
0"
#64336322639
1!
#64336322639
1"
#64336331319
0!
#64336331319
0"
#64336339999
1!
#64336339999
1"
#64336348679
0!
#64336348679
0"
#64336357359
1!
#64336357359
1"
#64336366039
0!
#64336366039
0"
#64336383399
1!
#64336383399
1"
#64336400759
0!
#64336400759
0"
#64336409439
1!
#64336409439
1"
#64336418119
0!
#64336418119
0"
#64336435479
1!
#64336435479
1"
#64336444159
0!
#64336444159
0"
#64336452839
1!
#64336452839
1"
#64336478879
0!
#64336478879
0"
#64336496239
1!
#64336496239
1"
#64336504919
0!
#64336504919
0"
#64336556999
1!
#64336556999
1"
#64336565679
0!
#64336565679
0"
#64336583039
1!
#64336583039
1"
#64336591719
0!
#64336591719
0"
#64336600399
1!
#64336600399
1"
#64336609079
0!
#64336609079
0"
#64336635119
1!
#64336635119
1"
#64336652479
0!
#64336652479
0"
#64336669839
1!
#64336669839
1"
#64336678519
0!
#64336678519
0"
#64336721919
1!
#64336721919
1"
#64336739279
0!
#64336739279
0"
#64336756639
1!
#64336756639
1"
#64336765319
0!
#64336765319
0"
#64336808719
1!
#64336808719
1"
#64336826079
0!
#64336826079
0"
#64336843439
1!
#64336843439
1"
#64336852119
0!
#64336852119
0"
#64336869479
1!
#64336869479
1"
#64336878159
0!
#64336878159
0"
#64336886839
1!
#64336886839
1"
#64336895519
0!
#64336895519
0"
#64336930239
1!
#64336930239
1"
#64336938919
0!
#64336938919
0"
#64337017039
1!
#64337017039
1"
#64337025719
0!
#64337025719
0"
#64337060439
1!
#64337060439
1"
#64337069119
0!
#64337069119
0"
#64337103839
1!
#64337103839
1"
#64337112519
0!
#64337112519
0"
#64337190639
1!
#64337190639
1"
#64337199319
0!
#64337199319
0"
#64337277439
1!
#64337277439
1"
#64337286119
0!
#64337286119
0"
#64337364239
1!
#64337364239
1"
#64337372919
0!
#64337372919
0"
#64337424999
1!
#64337424999
1"
#64337442359
0!
#64337442359
0"
#64337451039
1!
#64337451039
1"
#64337459719
0!
#64337459719
0"
#64337477079
1!
#64337477079
1"
#64337503119
0!
#64337503119
0"
#64337520479
1!
#64337520479
1"
#64337546519
0!
#64337546519
0"
#64337563879
1!
#64337563879
1"
#64337589919
0!
#64337589919
0"
#64337607279
1!
#64337607279
1"
#64337633319
0!
#64337633319
0"
#64337641999
1!
#64337641999
1"
#64337694079
0!
#64337694079
0"
#64337711439
1!
#64337711439
1"
#64337720119
0!
#64337720119
0"
#64337728799
1!
#64337728799
1"
#64337746159
0!
#64337746159
0"
#64337798239
1!
#64337798239
1"
#64337806919
0!
#64337806919
0"
#64337885039
1!
#64337885039
1"
#64337893719
0!
#64337893719
0"
#64337971839
1!
#64337971839
1"
#64337980519
0!
#64337980519
0"
#64338058639
1!
#64338058639
1"
#64338067319
0!
#64338067319
0"
#64338075999
1!
#64338075999
1"
#64338084679
0!
#64338084679
0"
#64338128079
1!
#64338128079
1"
#64338136759
0!
#64338136759
0"
#64338145439
1!
#64338145439
1"
#64338154119
0!
#64338154119
0"
#64338162799
1!
#64338162799
1"
#64338171479
0!
#64338171479
0"
#64338197519
1!
#64338197519
1"
#64338206199
0!
#64338206199
0"
#64338214879
1!
#64338214879
1"
#66838559319
0!
#66838559319
0"
#66838567999
1!
#66838567999
1"
#66838576679
0!
#66838576679
0"
#66838585359
1!
#66838585359
1"
#66838594039
0!
#66838594039
0"
#66838611399
1!
#66838611399
1"
#66838620079
0!
#66838620079
0"
#66838628759
1!
#66838628759
1"
#66838646119
0!
#66838646119
0"
#66838663479
1!
#66838663479
1"
#66838672159
0!
#66838672159
0"
#66838680839
1!
#66838680839
1"
#66838698199
0!
#66838698199
0"
#66838706879
1!
#66838706879
1"
#66838715559
0!
#66838715559
0"
#66838724239
1!
#66838724239
1"
#66838732919
0!
#66838732919
0"
#66838750279
1!
#66838750279
1"
#66838758959
0!
#66838758959
0"
#66838811039
1!
#66838811039
1"
#66838819719
0!
#66838819719
0"
#66838845759
1!
#66838845759
1"
#66838854439
0!
#66838854439
0"
#66838897839
1!
#66838897839
1"
#66838906519
0!
#66838906519
0"
#66838932559
1!
#66838932559
1"
#66838941239
0!
#66838941239
0"
#66838949919
1!
#66838949919
1"
#66838993319
0!
#66838993319
0"
#66839001999
1!
#66839001999
1"
#66839010679
0!
#66839010679
0"
#66839071439
1!
#66839071439
1"
#66839080119
0!
#66839080119
0"
#66839123519
1!
#66839123519
1"
#66839132199
0!
#66839132199
0"
#66839140879
1!
#66839140879
1"
#66839166919
0!
#66839166919
0"
#66839175599
1!
#66839175599
1"
#66839201639
0!
#66839201639
0"
#66839245039
1!
#66839245039
1"
#66839253719
0!
#66839253719
0"
#66839271079
1!
#66839271079
1"
#66839279759
0!
#66839279759
0"
#66839288439
1!
#66839288439
1"
#66839305799
0!
#66839305799
0"
#66839331839
1!
#66839331839
1"
#66839340519
0!
#66839340519
0"
#66839349199
1!
#66839349199
1"
#66839366559
0!
#66839366559
0"
#66839375239
1!
#66839375239
1"
#66839383919
0!
#66839383919
0"
#66839418639
1!
#66839418639
1"
#66849486750
0!
#66849486750
0"
#66849495430
1!
#66849495430
1"
#66849504110
0!
#66849504110
0"
#66849512790
1!
#66849512790
1"
#66849521470
0!
#66849521470
0"
#66849538830
1!
#66849538830
1"
#66849547510
0!
#66849547510
0"
#66849556190
1!
#66849556190
1"
#66849573550
0!
#66849573550
0"
#66849590910
1!
#66849590910
1"
#66849599590
0!
#66849599590
0"
#66849608270
1!
#66849608270
1"
#66849625630
0!
#66849625630
0"
#66849634310
1!
#66849634310
1"
#66849642990
0!
#66849642990
0"
#66849651670
1!
#66849651670
1"
#66849660350
0!
#66849660350
0"
#66849669030
1!
#66849669030
1"
#66849677710
0!
#66849677710
0"
#66849738470
1!
#66849738470
1"
#66849747150
0!
#66849747150
0"
#66849773190
1!
#66849773190
1"
#66849781870
0!
#66849781870
0"
#66849799230
1!
#66849799230
1"
#66849816590
0!
#66849816590
0"
#66849825270
1!
#66849825270
1"
#66849833950
0!
#66849833950
0"
#66849851310
1!
#66849851310
1"
#66849859990
0!
#66849859990
0"
#66849877350
1!
#66849877350
1"
#66849886030
0!
#66849886030
0"
#66849894710
1!
#66849894710
1"
#66849903390
0!
#66849903390
0"
#66849912070
1!
#66849912070
1"
#66849920750
0!
#66849920750
0"
#66849929430
1!
#66849929430
1"
#66849938110
0!
#66849938110
0"
#66849946790
1!
#66849946790
1"
#66849955470
0!
#66849955470
0"
#66849972830
1!
#66849972830
1"
#66849990190
0!
#66849990190
0"
#66849998870
1!
#66849998870
1"
#66850007550
0!
#66850007550
0"
#66850016230
1!
#66850016230
1"
#66850033590
0!
#66850033590
0"
#66850050950
1!
#66850050950
1"
#66850076990
0!
#66850076990
0"
#66850085670
1!
#66850085670
1"
#66850094350
0!
#66850094350
0"
#66850103030
1!
#66850103030
1"
#66850111710
0!
#66850111710
0"
#66850120390
1!
#66850120390
1"
#66850129070
0!
#66850129070
0"
#66850137750
1!
#66850137750
1"
#66850163790
0!
#66850163790
0"
#66850172470
1!
#66850172470
1"
#66850181150
0!
#66850181150
0"
#66850207190
1!
#66850207190
1"
#66850224550
0!
#66850224550
0"
#66850233230
1!
#66850233230
1"
#66850250590
0!
#66850250590
0"
#66850259270
1!
#66850259270
1"
#66850267950
0!
#66850267950
0"
#66850293990
1!
#66850293990
1"
#66850302670
0!
#66850302670
0"
#66850311350
1!
#66850311350
1"
#66850337390
0!
#66850337390
0"
#66850346070
1!
#66850346070
1"
#66850354750
0!
#66850354750
0"
#66850372110
1!
#66850372110
1"
#66850380790
0!
#66850380790
0"
#66850389470
1!
#66850389470
1"
#66850415510
0!
#66850415510
0"
#66850432870
1!
#66850432870
1"
#66850441550
0!
#66850441550
0"
#66850493630
1!
#66850493630
1"
#66850502310
0!
#66850502310
0"
#66850519670
1!
#66850519670
1"
#66850528350
0!
#66850528350
0"
#66850537030
1!
#66850537030
1"
#66850563070
0!
#66850563070
0"
#66850580430
1!
#66850580430
1"
#66850597790
0!
#66850597790
0"
#66850606470
1!
#66850606470
1"
#66850615150
0!
#66850615150
0"
#66850649870
1!
#66850649870
1"
#66850684590
0!
#66850684590
0"
#66850693270
1!
#66850693270
1"
#66850701950
0!
#66850701950
0"
#66850719310
1!
#66850719310
1"
#66850727990
0!
#66850727990
0"
#66850736670
1!
#66850736670
1"
#66850762710
0!
#66850762710
0"
#66850780070
1!
#66850780070
1"
#66850788750
0!
#66850788750
0"
#66850840830
1!
#66850840830
1"
#66850849510
0!
#66850849510
0"
#66850866870
1!
#66850866870
1"
#66850875550
0!
#66850875550
0"
#66850927630
1!
#66850927630
1"
#66850936310
0!
#66850936310
0"
#66850953670
1!
#66850953670
1"
#66850962350
0!
#66850962350
0"
#66851014430
1!
#66851014430
1"
#66851023110
0!
#66851023110
0"
#66851040470
1!
#66851040470
1"
#66851049150
0!
#66851049150
0"
#66851101230
1!
#66851101230
1"
#66851109910
0!
#66851109910
0"
#66851127270
1!
#66851127270
1"
#66851135950
0!
#66851135950
0"
#66851188030
1!
#66851188030
1"
#66851196710
0!
#66851196710
0"
#66851214070
1!
#66851214070
1"
#66851222750
0!
#66851222750
0"
#66851274830
1!
#66851274830
1"
#66851283510
0!
#66851283510
0"
#66851300870
1!
#66851300870
1"
#66851309550
0!
#66851309550
0"
#66851352950
1!
#66851352950
1"
#66851370310
0!
#66851370310
0"
#66851387670
1!
#66851387670
1"
#66851396350
0!
#66851396350
0"
#66851413710
1!
#66851413710
1"
#66851439750
0!
#66851439750
0"
#66851448430
1!
#66851448430
1"
#66851457110
0!
#66851457110
0"
#66851474470
1!
#66851474470
1"
#66851483150
0!
#66851483150
0"
#66851526550
1!
#66851526550
1"
#66851543910
0!
#66851543910
0"
#66851561270
1!
#66851561270
1"
#66851569950
0!
#66851569950
0"
#66851595990
1!
#66851595990
1"
#66851613350
0!
#66851613350
0"
#66851622030
1!
#66851622030
1"
#66851630710
0!
#66851630710
0"
#66851648070
1!
#66851648070
1"
#66851656750
0!
#66851656750
0"
#66851708830
1!
#66851708830
1"
#66851717510
0!
#66851717510
0"
#66851734870
1!
#66851734870
1"
#66851743550
0!
#66851743550
0"
#66851752230
1!
#66851752230
1"
#66851778270
0!
#66851778270
0"
#66851795630
1!
#66851795630
1"
#66851812990
0!
#66851812990
0"
#66851821670
1!
#66851821670
1"
#66851830350
0!
#66851830350
0"
#66851839030
1!
#66851839030
1"
#66851847710
0!
#66851847710
0"
#66851865070
1!
#66851865070
1"
#66851899790
0!
#66851899790
0"
#66851908470
1!
#66851908470
1"
#66851917150
0!
#66851917150
0"
#66851934510
1!
#66851934510
1"
#66851943190
0!
#66851943190
0"
#66851951870
1!
#66851951870
1"
#66851977910
0!
#66851977910
0"
#66851995270
1!
#66851995270
1"
#66852003950
0!
#66852003950
0"
#66852056030
1!
#66852056030
1"
#66852064710
0!
#66852064710
0"
#66852082070
1!
#66852082070
1"
#66852090750
0!
#66852090750
0"
#66852142830
1!
#66852142830
1"
#66852151510
0!
#66852151510
0"
#66852168870
1!
#66852168870
1"
#66852177550
0!
#66852177550
0"
#66852229630
1!
#66852229630
1"
#66852238310
0!
#66852238310
0"
#66852255670
1!
#66852255670
1"
#66852264350
0!
#66852264350
0"
#66852316430
1!
#66852316430
1"
#66852325110
0!
#66852325110
0"
#66852342470
1!
#66852342470
1"
#66852351150
0!
#66852351150
0"
#66852403230
1!
#66852403230
1"
#66852411910
0!
#66852411910
0"
#66852429270
1!
#66852429270
1"
#66852437950
0!
#66852437950
0"
#66852490030
1!
#66852490030
1"
#66852498710
0!
#66852498710
0"
#66852516070
1!
#66852516070
1"
#66852524750
0!
#66852524750
0"
#66852568150
1!
#66852568150
1"
#66852585510
0!
#66852585510
0"
#66852602870
1!
#66852602870
1"
#66852611550
0!
#66852611550
0"
#66852628910
1!
#66852628910
1"
#66852654950
0!
#66852654950
0"
#66852663630
1!
#66852663630
1"
#66852672310
0!
#66852672310
0"
#66852689670
1!
#66852689670
1"
#66852698350
0!
#66852698350
0"
#66852741750
1!
#66852741750
1"
#66852759110
0!
#66852759110
0"
#66852776470
1!
#66852776470
1"
#66852785150
0!
#66852785150
0"
#66852811190
1!
#66852811190
1"
#66852828550
0!
#66852828550
0"
#66852837230
1!
#66852837230
1"
#66852845910
0!
#66852845910
0"
#66852863270
1!
#66852863270
1"
#66852871950
0!
#66852871950
0"
#66852924030
1!
#66852924030
1"
#66852932710
0!
#66852932710
0"
#66852950070
1!
#66852950070
1"
#66852958750
0!
#66852958750
0"
#66852967430
1!
#66852967430
1"
#66852993470
0!
#66852993470
0"
#66853010830
1!
#66853010830
1"
#66853028190
0!
#66853028190
0"
#66853036870
1!
#66853036870
1"
#66853045550
0!
#66853045550
0"
#66853062910
1!
#66853062910
1"
#66853071590
0!
#66853071590
0"
#66853080270
1!
#66853080270
1"
#66853114990
0!
#66853114990
0"
#66853123670
1!
#66853123670
1"
#66853132350
0!
#66853132350
0"
#66853149710
1!
#66853149710
1"
#66853158390
0!
#66853158390
0"
#66853167070
1!
#66853167070
1"
#66853193110
0!
#66853193110
0"
#66853210470
1!
#66853210470
1"
#66853219150
0!
#66853219150
0"
#66853271230
1!
#66853271230
1"
#66853279910
0!
#66853279910
0"
#66853297270
1!
#66853297270
1"
#66853305950
0!
#66853305950
0"
#66853358030
1!
#66853358030
1"
#66853366710
0!
#66853366710
0"
#66853384070
1!
#66853384070
1"
#66853392750
0!
#66853392750
0"
#66853444830
1!
#66853444830
1"
#66853453510
0!
#66853453510
0"
#66853470870
1!
#66853470870
1"
#66853479550
0!
#66853479550
0"
#66853531630
1!
#66853531630
1"
#66853540310
0!
#66853540310
0"
#66853557670
1!
#66853557670
1"
#66853566350
0!
#66853566350
0"
#66853618430
1!
#66853618430
1"
#66853627110
0!
#66853627110
0"
#66853644470
1!
#66853644470
1"
#66853653150
0!
#66853653150
0"
#66853705230
1!
#66853705230
1"
#66853713910
0!
#66853713910
0"
#66853731270
1!
#66853731270
1"
#66853739950
0!
#66853739950
0"
#66853783350
1!
#66853783350
1"
#66853800710
0!
#66853800710
0"
#66853818070
1!
#66853818070
1"
#66853826750
0!
#66853826750
0"
#66853844110
1!
#66853844110
1"
#66853870150
0!
#66853870150
0"
#66853878830
1!
#66853878830
1"
#66853887510
0!
#66853887510
0"
#66853904870
1!
#66853904870
1"
#66853913550
0!
#66853913550
0"
#66853956950
1!
#66853956950
1"
#66853974310
0!
#66853974310
0"
#66853991670
1!
#66853991670
1"
#66854000350
0!
#66854000350
0"
#66854026390
1!
#66854026390
1"
#66854043750
0!
#66854043750
0"
#66854052430
1!
#66854052430
1"
#66854061110
0!
#66854061110
0"
#66854078470
1!
#66854078470
1"
#66854087150
0!
#66854087150
0"
#66854139230
1!
#66854139230
1"
#66854147910
0!
#66854147910
0"
#66854165270
1!
#66854165270
1"
#66854173950
0!
#66854173950
0"
#66854199990
1!
#66854199990
1"
#66854208670
0!
#66854208670
0"
#66854226030
1!
#66854226030
1"
#66854243390
0!
#66854243390
0"
#66854252070
1!
#66854252070
1"
#66854260750
0!
#66854260750
0"
#66854269430
1!
#66854269430
1"
#66854278110
0!
#66854278110
0"
#66854295470
1!
#66854295470
1"
#66854304150
0!
#66854304150
0"
#66854312830
1!
#66854312830
1"
#66854330190
0!
#66854330190
0"
#66854338870
1!
#66854338870
1"
#66854347550
0!
#66854347550
0"
#66854356230
1!
#66854356230
1"
#66854373590
0!
#66854373590
0"
#66854390950
1!
#66854390950
1"
#66854416990
0!
#66854416990
0"
#66854425670
1!
#66854425670
1"
#66854434350
0!
#66854434350
0"
#66854477750
1!
#66854477750
1"
#66854503790
0!
#66854503790
0"
#66854512470
1!
#66854512470
1"
#66854521150
0!
#66854521150
0"
#66854547190
1!
#66854547190
1"
#66854564550
0!
#66854564550
0"
#66854573230
1!
#66854573230
1"
#66854590590
0!
#66854590590
0"
#66854599270
1!
#66854599270
1"
#66854607950
0!
#66854607950
0"
#66854616630
1!
#66854616630
1"
#66854625310
0!
#66854625310
0"
#66854660030
1!
#66854660030
1"
#66854677390
0!
#66854677390
0"
#66854686070
1!
#66854686070
1"
#66854694750
0!
#66854694750
0"
#66854703430
1!
#66854703430
1"
#66854712110
0!
#66854712110
0"
#66854729470
1!
#66854729470
1"
#66854764190
0!
#66854764190
0"
#66854772870
1!
#66854772870
1"
#66854781550
0!
#66854781550
0"
#66854833630
1!
#66854833630
1"
#66854842310
0!
#66854842310
0"
#66854859670
1!
#66854859670
1"
#66854868350
0!
#66854868350
0"
#66854894390
1!
#66854894390
1"
#66854903070
0!
#66854903070
0"
#66854911750
1!
#66854911750
1"
#66854937790
0!
#66854937790
0"
#66854946470
1!
#66854946470
1"
#66854955150
0!
#66854955150
0"
#66854963830
1!
#66854963830
1"
#66854972510
0!
#66854972510
0"
#66854989870
1!
#66854989870
1"
#66854998550
0!
#66854998550
0"
#66855007230
1!
#66855007230
1"
#66855024590
0!
#66855024590
0"
#66855033270
1!
#66855033270
1"
#66855041950
0!
#66855041950
0"
#66855050630
1!
#66855050630
1"
#66855059310
0!
#66855059310
0"
#66855067990
1!
#66855067990
1"
#66855085350
0!
#66855085350
0"
#66855094030
1!
#66855094030
1"
#66855111390
0!
#66855111390
0"
#66855120070
1!
#66855120070
1"
#66855128750
0!
#66855128750
0"
#66855137430
1!
#66855137430
1"
#66855146110
0!
#66855146110
0"
#66855154790
1!
#66855154790
1"
#66855163470
0!
#66855163470
0"
#66855180830
1!
#66855180830
1"
#66855198190
0!
#66855198190
0"
#66855206870
1!
#66855206870
1"
#66855215550
0!
#66855215550
0"
#66855232910
1!
#66855232910
1"
#66855241590
0!
#66855241590
0"
#66855250270
1!
#66855250270
1"
#66855276310
0!
#66855276310
0"
#66855293670
1!
#66855293670
1"
#66855302350
0!
#66855302350
0"
#66855354430
1!
#66855354430
1"
#66855363110
0!
#66855363110
0"
#66855380470
1!
#66855380470
1"
#66855389150
0!
#66855389150
0"
#66855406510
1!
#66855406510
1"
#66855415190
0!
#66855415190
0"
#66855432550
1!
#66855432550
1"
#66855449910
0!
#66855449910
0"
#66855467270
1!
#66855467270
1"
#66855475950
0!
#66855475950
0"
#66855519350
1!
#66855519350
1"
#66855536710
0!
#66855536710
0"
#66855554070
1!
#66855554070
1"
#66855562750
0!
#66855562750
0"
#66855606150
1!
#66855606150
1"
#66855623510
0!
#66855623510
0"
#66855640870
1!
#66855640870
1"
#66855649550
0!
#66855649550
0"
#66855692950
1!
#66855692950
1"
#66855710310
0!
#66855710310
0"
#66855727670
1!
#66855727670
1"
#66855736350
0!
#66855736350
0"
#66855762390
1!
#66855762390
1"
#66855779750
0!
#66855779750
0"
#66855788430
1!
#66855788430
1"
#66855797110
0!
#66855797110
0"
#66855814470
1!
#66855814470
1"
#66855823150
0!
#66855823150
0"
#66855875230
1!
#66855875230
1"
#66855883910
0!
#66855883910
0"
#66855901270
1!
#66855901270
1"
#66855909950
0!
#66855909950
0"
#66855918630
1!
#66855918630
1"
#66855935990
0!
#66855935990
0"
#66855953350
1!
#66855953350
1"
#66855979390
0!
#66855979390
0"
#66855988070
1!
#66855988070
1"
#66855996750
0!
#66855996750
0"
#66856005430
1!
#66856005430
1"
#66856014110
0!
#66856014110
0"
#66856022790
1!
#66856022790
1"
#66856031470
0!
#66856031470
0"
#66856048830
1!
#66856048830
1"
#66856066190
0!
#66856066190
0"
#66856074870
1!
#66856074870
1"
#66856083550
0!
#66856083550
0"
#66856100910
1!
#66856100910
1"
#66856126950
0!
#66856126950
0"
#66856135630
1!
#66856135630
1"
#66856152990
0!
#66856152990
0"
#66856161670
1!
#66856161670
1"
#66856170350
0!
#66856170350
0"
#66856179030
1!
#66856179030
1"
#66856196390
0!
#66856196390
0"
#66856213750
1!
#66856213750
1"
#66856239790
0!
#66856239790
0"
#66856248470
1!
#66856248470
1"
#66856257150
0!
#66856257150
0"
#66856265830
1!
#66856265830
1"
#66856300550
0!
#66856300550
0"
#66856309230
1!
#66856309230
1"
#66856326590
0!
#66856326590
0"
#66856335270
1!
#66856335270
1"
#66856343950
0!
#66856343950
0"
#66856361310
1!
#66856361310
1"
#66856369990
0!
#66856369990
0"
#66856387350
1!
#66856387350
1"
#66856413390
0!
#66856413390
0"
#66856422070
1!
#66856422070
1"
#66856430750
0!
#66856430750
0"
#66856482830
1!
#66856482830
1"
#66856491510
0!
#66856491510
0"
#66856508870
1!
#66856508870
1"
#66856517550
0!
#66856517550
0"
#66856543590
1!
#66856543590
1"
#66856552270
0!
#66856552270
0"
#66856560950
1!
#66856560950
1"
#66856586990
0!
#66856586990
0"
#66856595670
1!
#66856595670
1"
#66856604350
0!
#66856604350
0"
#66856613030
1!
#66856613030
1"
#66856621710
0!
#66856621710
0"
#66856639070
1!
#66856639070
1"
#66856647750
0!
#66856647750
0"
#66856656430
1!
#66856656430
1"
#66856673790
0!
#66856673790
0"
#66856682470
1!
#66856682470
1"
#66856691150
0!
#66856691150
0"
#66856699830
1!
#66856699830
1"
#66856708510
0!
#66856708510
0"
#66856717190
1!
#66856717190
1"
#66856734550
0!
#66856734550
0"
#66856743230
1!
#66856743230
1"
#66856760590
0!
#66856760590
0"
#66856769270
1!
#66856769270
1"
#66856777950
0!
#66856777950
0"
#66856786630
1!
#66856786630
1"
#66856795310
0!
#66856795310
0"
#66856803990
1!
#66856803990
1"
#66856812670
0!
#66856812670
0"
#66856830030
1!
#66856830030
1"
#66856847390
0!
#66856847390
0"
#66856856070
1!
#66856856070
1"
#66856864750
0!
#66856864750
0"
#66856882110
1!
#66856882110
1"
#66856890790
0!
#66856890790
0"
#66856899470
1!
#66856899470
1"
#66856925510
0!
#66856925510
0"
#66856942870
1!
#66856942870
1"
#66856951550
0!
#66856951550
0"
#66857003630
1!
#66857003630
1"
#66857012310
0!
#66857012310
0"
#66857029670
1!
#66857029670
1"
#66857038350
0!
#66857038350
0"
#66857047030
1!
#66857047030
1"
#66857055710
0!
#66857055710
0"
#66857081750
1!
#66857081750
1"
#66857099110
0!
#66857099110
0"
#66857116470
1!
#66857116470
1"
#66857125150
0!
#66857125150
0"
#66857168550
1!
#66857168550
1"
#66857185910
0!
#66857185910
0"
#66857203270
1!
#66857203270
1"
#66857211950
0!
#66857211950
0"
#66857255350
1!
#66857255350
1"
#66857272710
0!
#66857272710
0"
#66857290070
1!
#66857290070
1"
#66857298750
0!
#66857298750
0"
#66857316110
1!
#66857316110
1"
#66857324790
0!
#66857324790
0"
#66857333470
1!
#66857333470
1"
#66857342150
0!
#66857342150
0"
#66857376870
1!
#66857376870
1"
#66857385550
0!
#66857385550
0"
#66857463670
1!
#66857463670
1"
#66857472350
0!
#66857472350
0"
#66857507070
1!
#66857507070
1"
#66857515750
0!
#66857515750
0"
#66857550470
1!
#66857550470
1"
#66857559150
0!
#66857559150
0"
#66857637270
1!
#66857637270
1"
#66857645950
0!
#66857645950
0"
#66857724070
1!
#66857724070
1"
#66857732750
0!
#66857732750
0"
#66857810870
1!
#66857810870
1"
#66857819550
0!
#66857819550
0"
#66857871630
1!
#66857871630
1"
#66857888990
0!
#66857888990
0"
#66857897670
1!
#66857897670
1"
#66857906350
0!
#66857906350
0"
#66857923710
1!
#66857923710
1"
#66857949750
0!
#66857949750
0"
#66857967110
1!
#66857967110
1"
#66857993150
0!
#66857993150
0"
#66858010510
1!
#66858010510
1"
#66858036550
0!
#66858036550
0"
#66858053910
1!
#66858053910
1"
#66858079950
0!
#66858079950
0"
#66858088630
1!
#66858088630
1"
#66858140710
0!
#66858140710
0"
#66858158070
1!
#66858158070
1"
#66858166750
0!
#66858166750
0"
#66858175430
1!
#66858175430
1"
#66858192790
0!
#66858192790
0"
#66858244870
1!
#66858244870
1"
#66858253550
0!
#66858253550
0"
#66858331670
1!
#66858331670
1"
#66858340350
0!
#66858340350
0"
#66858418470
1!
#66858418470
1"
#66858427150
0!
#66858427150
0"
#66858505270
1!
#66858505270
1"
#66858513950
0!
#66858513950
0"
#66858522630
1!
#66858522630
1"
#66858531310
0!
#66858531310
0"
#66858574710
1!
#66858574710
1"
#66858583390
0!
#66858583390
0"
#66858592070
1!
#66858592070
1"
#66858600750
0!
#66858600750
0"
#66858609430
1!
#66858609430
1"
#66858618110
0!
#66858618110
0"
#66858644150
1!
#66858644150
1"
#66858652830
0!
#66858652830
0"
#66858661510
1!
#66858661510
1"
#66958541344
0!
#66958541344
0"
#66958550024
1!
#66958550024
1"
#66958558704
0!
#66958558704
0"
#66958567384
1!
#66958567384
1"
#66958576064
0!
#66958576064
0"
#66958593424
1!
#66958593424
1"
#66958602104
0!
#66958602104
0"
#66958610784
1!
#66958610784
1"
#66958628144
0!
#66958628144
0"
#66958645504
1!
#66958645504
1"
#66958654184
0!
#66958654184
0"
#66958662864
1!
#66958662864
1"
#66958680224
0!
#66958680224
0"
#66958688904
1!
#66958688904
1"
#66958697584
0!
#66958697584
0"
#66958706264
1!
#66958706264
1"
#66958714944
0!
#66958714944
0"
#66958723624
1!
#66958723624
1"
#66958732304
0!
#66958732304
0"
#66958793064
1!
#66958793064
1"
#66958801744
0!
#66958801744
0"
#66958827784
1!
#66958827784
1"
#66958836464
0!
#66958836464
0"
#66958853824
1!
#66958853824
1"
#66958871184
0!
#66958871184
0"
#66958879864
1!
#66958879864
1"
#66958888544
0!
#66958888544
0"
#66958931944
1!
#66958931944
1"
#66958940624
0!
#66958940624
0"
#66958949304
1!
#66958949304
1"
#66958975344
0!
#66958975344
0"
#66958984024
1!
#66958984024
1"
#66959001384
0!
#66959001384
0"
#66959027424
1!
#66959027424
1"
#66959036104
0!
#66959036104
0"
#66959044784
1!
#66959044784
1"
#66959062144
0!
#66959062144
0"
#66959070824
1!
#66959070824
1"
#66959079504
0!
#66959079504
0"
#66959105544
1!
#66959105544
1"
#66959114224
0!
#66959114224
0"
#66959122904
1!
#66959122904
1"
#66959148944
0!
#66959148944
0"
#66959157624
1!
#66959157624
1"
#66959166304
0!
#66959166304
0"
#66959218384
1!
#66959218384
1"
#66959235744
0!
#66959235744
0"
#66959279144
1!
#66959279144
1"
#66959287824
0!
#66959287824
0"
#66959296504
1!
#66959296504
1"
#66959322544
0!
#66959322544
0"
#66959331224
1!
#66959331224
1"
#66959383304
0!
#66959383304
0"
#66959391984
1!
#66959391984
1"
#66959409344
0!
#66959409344
0"
#66959418024
1!
#66959418024
1"
#66959426704
0!
#66959426704
0"
#66959452744
1!
#66959452744
1"
#66959461424
0!
#66959461424
0"
#66959470104
1!
#66959470104
1"
#66959496144
0!
#66959496144
0"
#66959513504
1!
#66959513504
1"
#66959530864
0!
#66959530864
0"
#66959539544
1!
#66959539544
1"
#66959548224
0!
#66959548224
0"
#66959565584
1!
#66959565584
1"
#66959582944
0!
#66959582944
0"
#66959591624
1!
#66959591624
1"
#66959600304
0!
#66959600304
0"
#66959626344
1!
#66959626344
1"
#66959635024
0!
#66959635024
0"
#66959643704
1!
#66959643704
1"
#66959669744
0!
#66959669744
0"
#66959704464
1!
#66959704464
1"
#66959713144
0!
#66959713144
0"
#66959739184
1!
#66959739184
1"
#66959756544
0!
#66959756544
0"
#66959799944
1!
#66959799944
1"
#66959808624
0!
#66959808624
0"
#66959817304
1!
#66959817304
1"
#66959843344
0!
#66959843344
0"
#66959852024
1!
#66959852024
1"
#66959860704
0!
#66959860704
0"
#66959869384
1!
#66959869384
1"
#66959904104
0!
#66959904104
0"
#66959912784
1!
#66959912784
1"
#66959930144
0!
#66959930144
0"
#66959973544
1!
#66959973544
1"
#66959982224
0!
#66959982224
0"
#66959990904
1!
#66959990904
1"
#66960016944
0!
#66960016944
0"
#66960034304
1!
#66960034304
1"
#66960077704
0!
#66960077704
0"
#66960086384
1!
#66960086384
1"
#66960103744
0!
#66960103744
0"
#66960155824
1!
#66960155824
1"
#66960164504
0!
#66960164504
0"
#66960181864
1!
#66960181864
1"
#66960190544
0!
#66960190544
0"
#66960233944
1!
#66960233944
1"
#66960242624
0!
#66960242624
0"
#66960251304
1!
#66960251304
1"
#66960277344
0!
#66960277344
0"
#66960286024
1!
#66960286024
1"
#66960312064
0!
#66960312064
0"
#66960320744
1!
#66960320744
1"
#66960338104
0!
#66960338104
0"
#66960346784
1!
#66960346784
1"
#66960364144
0!
#66960364144
0"
#66960407544
1!
#66960407544
1"
#66960416224
0!
#66960416224
0"
#66960424904
1!
#66960424904
1"
#66960450944
0!
#66960450944
0"
#66960476984
1!
#66960476984
1"
#66960511704
0!
#66960511704
0"
#66960520384
1!
#66960520384
1"
#66960537744
0!
#66960537744
0"
#66960546424
1!
#66960546424
1"
#66960555104
0!
#66960555104
0"
#66960581144
1!
#66960581144
1"
#66960589824
0!
#66960589824
0"
#66960598504
1!
#66960598504
1"
#66960624544
0!
#66960624544
0"
#66960641904
1!
#66960641904
1"
#66960659264
0!
#66960659264
0"
#66960667944
1!
#66960667944
1"
#66960676624
0!
#66960676624
0"
#66960693984
1!
#66960693984
1"
#66960711344
0!
#66960711344
0"
#66960754744
1!
#66960754744
1"
#66960763424
0!
#66960763424
0"
#66960772104
1!
#66960772104
1"
#66960798144
0!
#66960798144
0"
#66960806824
1!
#66960806824
1"
#66960815504
0!
#66960815504
0"
#66960824184
1!
#66960824184
1"
#66960858904
0!
#66960858904
0"
#66960867584
1!
#66960867584
1"
#66960884944
0!
#66960884944
0"
#66960928344
1!
#66960928344
1"
#66960937024
0!
#66960937024
0"
#66960945704
1!
#66960945704
1"
#66960971744
0!
#66960971744
0"
#66960980424
1!
#66960980424
1"
#66960989104
0!
#66960989104
0"
#66960997784
1!
#66960997784
1"
#66961006464
0!
#66961006464
0"
#66961015144
1!
#66961015144
1"
#66961032504
0!
#66961032504
0"
#66961041184
1!
#66961041184
1"
#66961058544
0!
#66961058544
0"
#66961101944
1!
#66961101944
1"
#66961110624
0!
#66961110624
0"
#66961119304
1!
#66961119304
1"
#66961145344
0!
#66961145344
0"
#66961154024
1!
#66961154024
1"
#66961162704
0!
#66961162704
0"
#66961171384
1!
#66961171384
1"
#66961206104
0!
#66961206104
0"
#66961214784
1!
#66961214784
1"
#66961232144
0!
#66961232144
0"
#66961275544
1!
#66961275544
1"
#66961284224
0!
#66961284224
0"
#66961292904
1!
#66961292904
1"
#66961318944
0!
#66961318944
0"
#66961336304
1!
#66961336304
1"
#66961379704
0!
#66961379704
0"
#66961388384
1!
#66961388384
1"
#66961405744
0!
#66961405744
0"
#66961457824
1!
#66961457824
1"
#66961466504
0!
#66961466504
0"
#66961483864
1!
#66961483864
1"
#66961492544
0!
#66961492544
0"
#66961501224
1!
#66961501224
1"
#66961518584
0!
#66961518584
0"
#66961535944
1!
#66961535944
1"
#66961544624
0!
#66961544624
0"
#66961553304
1!
#66961553304
1"
#66961561984
0!
#66961561984
0"
#66961570664
1!
#66961570664
1"
#66961579344
0!
#66961579344
0"
#66961588024
1!
#66961588024
1"
#66961596704
0!
#66961596704
0"
#66961605384
1!
#66961605384
1"
#66961614064
0!
#66961614064
0"
#66961640104
1!
#66961640104
1"
#66961648784
0!
#66961648784
0"
#66961657464
1!
#66961657464
1"
#66961666144
0!
#66961666144
0"
#66961683504
1!
#66961683504
1"
#66961709544
0!
#66961709544
0"
#66961726904
1!
#66961726904
1"
#66961735584
0!
#66961735584
0"
#66961744264
1!
#66961744264
1"
#66961752944
0!
#66961752944
0"
#66961761624
1!
#66961761624
1"
#66961778984
0!
#66961778984
0"
#66961796344
1!
#66961796344
1"
#66961805024
0!
#66961805024
0"
#66961813704
1!
#66961813704
1"
#66961822384
0!
#66961822384
0"
#66961831064
1!
#66961831064
1"
#66961839744
0!
#66961839744
0"
#66961848424
1!
#66961848424
1"
#66961883144
0!
#66961883144
0"
#66961900504
1!
#66961900504
1"
#66961909184
0!
#66961909184
0"
#66961917864
1!
#66961917864
1"
#66961926544
0!
#66961926544
0"
#66961943904
1!
#66961943904
1"
#66961952584
0!
#66961952584
0"
#66961969944
1!
#66961969944
1"
#66961978624
0!
#66961978624
0"
#66961987304
1!
#66961987304
1"
#66961995984
0!
#66961995984
0"
#66962004664
1!
#66962004664
1"
#66962013344
0!
#66962013344
0"
#66962022024
1!
#66962022024
1"
#66962065424
0!
#66962065424
0"
#66962074104
1!
#66962074104
1"
#66962082784
0!
#66962082784
0"
#66962091464
1!
#66962091464
1"
#66962100144
0!
#66962100144
0"
#66962143544
1!
#66962143544
1"
#66962152224
0!
#66962152224
0"
#66962160904
1!
#66962160904
1"
#66962169584
0!
#66962169584
0"
#66962178264
1!
#66962178264
1"
#66962186944
0!
#66962186944
0"
#66962195624
1!
#66962195624
1"
#66962204304
0!
#66962204304
0"
#66962212984
1!
#66962212984
1"
#66962221664
0!
#66962221664
0"
#66962247704
1!
#66962247704
1"
#66962256384
0!
#66962256384
0"
#66962265064
1!
#66962265064
1"
#66962273744
0!
#66962273744
0"
#66962291104
1!
#66962291104
1"
#66962299784
0!
#66962299784
0"
#66962317144
1!
#66962317144
1"
#66962325824
0!
#66962325824
0"
#66962334504
1!
#66962334504
1"
#66962343184
0!
#66962343184
0"
#66962351864
1!
#66962351864
1"
#66962360544
0!
#66962360544
0"
#66962369224
1!
#66962369224
1"
#66962377904
0!
#66962377904
0"
#66962395264
1!
#66962395264
1"
#66962403944
0!
#66962403944
0"
#66962421304
1!
#66962421304
1"
#66962429984
0!
#66962429984
0"
#66962438664
1!
#66962438664
1"
#66962447344
0!
#66962447344
0"
#66962456024
1!
#66962456024
1"
#66962490744
0!
#66962490744
0"
#66962508104
1!
#66962508104
1"
#66962516784
0!
#66962516784
0"
#66962525464
1!
#66962525464
1"
#66962534144
0!
#66962534144
0"
#66962560184
1!
#66962560184
1"
#66962568864
0!
#66962568864
0"
#66962594904
1!
#66962594904
1"
#66962603584
0!
#66962603584
0"
#66962612264
1!
#66962612264
1"
#66962620944
0!
#66962620944
0"
#66962629624
1!
#66962629624
1"
#66962638304
0!
#66962638304
0"
#66962673024
1!
#66962673024
1"
#66962681704
0!
#66962681704
0"
#66962699064
1!
#66962699064
1"
#66962707744
0!
#66962707744
0"
#66962759824
1!
#66962759824
1"
#66962768504
0!
#66962768504
0"
#66962785864
1!
#66962785864
1"
#66962794544
0!
#66962794544
0"
#66962811904
1!
#66962811904
1"
#66962829264
0!
#66962829264
0"
#66962837944
1!
#66962837944
1"
#66962846624
0!
#66962846624
0"
#66962855304
1!
#66962855304
1"
#66962863984
0!
#66962863984
0"
#66962872664
1!
#66962872664
1"
#66962881344
0!
#66962881344
0"
#66962890024
1!
#66962890024
1"
#66962898704
0!
#66962898704
0"
#66962942104
1!
#66962942104
1"
#66962950784
0!
#66962950784
0"
#66962959464
1!
#66962959464
1"
#66962968144
0!
#66962968144
0"
#66962994184
1!
#66962994184
1"
#66963011544
0!
#66963011544
0"
#66963028904
1!
#66963028904
1"
#66963037584
0!
#66963037584
0"
#66963046264
1!
#66963046264
1"
#66963054944
0!
#66963054944
0"
#66963072304
1!
#66963072304
1"
#66963080984
0!
#66963080984
0"
#66963089664
1!
#66963089664
1"
#66963115704
0!
#66963115704
0"
#66963133064
1!
#66963133064
1"
#66963141744
0!
#66963141744
0"
#66963193824
1!
#66963193824
1"
#66963202504
0!
#66963202504
0"
#66963219864
1!
#66963219864
1"
#66963228544
0!
#66963228544
0"
#66963237224
1!
#66963237224
1"
#66963245904
0!
#66963245904
0"
#66963254584
1!
#66963254584
1"
#66963263264
0!
#66963263264
0"
#66963271944
1!
#66963271944
1"
#66963289304
0!
#66963289304
0"
#66963306664
1!
#66963306664
1"
#66963315344
0!
#66963315344
0"
#66963358744
1!
#66963358744
1"
#66963376104
0!
#66963376104
0"
#66963393464
1!
#66963393464
1"
#66963402144
0!
#66963402144
0"
#66963445544
1!
#66963445544
1"
#66963462904
0!
#66963462904
0"
#66963480264
1!
#66963480264
1"
#66963488944
0!
#66963488944
0"
#66963506304
1!
#66963506304
1"
#66963514984
0!
#66963514984
0"
#66963523664
1!
#66963523664
1"
#66963532344
0!
#66963532344
0"
#66963567064
1!
#66963567064
1"
#66963575744
0!
#66963575744
0"
#66963653864
1!
#66963653864
1"
#66963662544
0!
#66963662544
0"
#66963740664
1!
#66963740664
1"
#66963749344
0!
#66963749344
0"
#66963792744
1!
#66963792744
1"
#66963810104
0!
#66963810104
0"
#66963818784
1!
#66963818784
1"
#66963836144
0!
#66963836144
0"
#66963844824
1!
#66963844824
1"
#66963862184
0!
#66963862184
0"
#66963870864
1!
#66963870864
1"
#66963888224
0!
#66963888224
0"
#66963896904
1!
#66963896904
1"
#66963922944
0!
#66963922944
0"
#66963940304
1!
#66963940304
1"
#66963966344
0!
#66963966344
0"
#66963983704
1!
#66963983704
1"
#66964009744
0!
#66964009744
0"
#66964018424
1!
#66964018424
1"
#66964070504
0!
#66964070504
0"
#66964087864
1!
#66964087864
1"
#66964096544
0!
#66964096544
0"
#66964139944
1!
#66964139944
1"
#66964148624
0!
#66964148624
0"
#66964165984
1!
#66964165984
1"
#66964183344
0!
#66964183344
0"
#66964192024
1!
#66964192024
1"
#66964209384
0!
#66964209384
0"
#66964218064
1!
#66964218064
1"
#66964235424
0!
#66964235424
0"
#66964244104
1!
#66964244104
1"
#66964270144
0!
#66964270144
0"
#66964287504
1!
#66964287504
1"
#66964313544
0!
#66964313544
0"
#66964330904
1!
#66964330904
1"
#66964356944
0!
#66964356944
0"
#66964365624
1!
#66964365624
1"
#66964417704
0!
#66964417704
0"
#66964435064
1!
#66964435064
1"
#66964443744
0!
#66964443744
0"
#66964487144
1!
#66964487144
1"
#66964495824
0!
#66964495824
0"
#66964521864
1!
#66964521864
1"
#66964530544
0!
#66964530544
0"
#66964608664
1!
#66964608664
1"
#66964617344
0!
#66964617344
0"
#66964695464
1!
#66964695464
1"
#66964704144
0!
#66964704144
0"
#66964782264
1!
#66964782264
1"
#66964790944
0!
#66964790944
0"
#66964834344
1!
#66964834344
1"
#66964843024
0!
#66964843024
0"
#66964860384
1!
#66964860384
1"
#66964877744
0!
#66964877744
0"
#66964886424
1!
#66964886424
1"
#66964903784
0!
#66964903784
0"
#66964912464
1!
#66964912464
1"
#66964929824
0!
#66964929824
0"
#66964938504
1!
#66964938504
1"
#66964964544
0!
#66964964544
0"
#66964981904
1!
#66964981904
1"
#66965007944
0!
#66965007944
0"
#66965025304
1!
#66965025304
1"
#66965051344
0!
#66965051344
0"
#66965060024
1!
#66965060024
1"
#66965112104
0!
#66965112104
0"
#66965129464
1!
#66965129464
1"
#66965138144
0!
#66965138144
0"
#66965216264
1!
#66965216264
1"
#66965224944
0!
#66965224944
0"
#66965303064
1!
#66965303064
1"
#66965311744
0!
#66965311744
0"
#66965389864
1!
#66965389864
1"
#66965398544
0!
#66965398544
0"
#66965476664
1!
#66965476664
1"
#66965485344
0!
#66965485344
0"
#66965511384
1!
#66965511384
1"
#66965528744
0!
#66965528744
0"
#66965563464
1!
#66965563464
1"
#66965572144
0!
#66965572144
0"
#66965650264
1!
#66965650264
1"
#66965658944
0!
#66965658944
0"
#66965737064
1!
#66965737064
1"
#66965745744
0!
#66965745744
0"
#66965823864
1!
#66965823864
1"
#66965832544
0!
#66965832544
0"
#66965875944
1!
#66965875944
1"
#66965893304
0!
#66965893304
0"
#66965901984
1!
#66965901984
1"
#66965919344
0!
#66965919344
0"
#66965928024
1!
#66965928024
1"
#66965945384
0!
#66965945384
0"
#66965954064
1!
#66965954064
1"
#66965971424
0!
#66965971424
0"
#66965980104
1!
#66965980104
1"
#66966006144
0!
#66966006144
0"
#66966023504
1!
#66966023504
1"
#66966049544
0!
#66966049544
0"
#66966066904
1!
#66966066904
1"
#66966092944
0!
#66966092944
0"
#66966101624
1!
#66966101624
1"
#66966153704
0!
#66966153704
0"
#66966171064
1!
#66966171064
1"
#66966179744
0!
#66966179744
0"
#66966223144
1!
#66966223144
1"
#66966231824
0!
#66966231824
0"
#66966249184
1!
#66966249184
1"
#66966266544
0!
#66966266544
0"
#66966275224
1!
#66966275224
1"
#66966292584
0!
#66966292584
0"
#66966301264
1!
#66966301264
1"
#66966318624
0!
#66966318624
0"
#66966327304
1!
#66966327304
1"
#66966353344
0!
#66966353344
0"
#66966370704
1!
#66966370704
1"
#66966396744
0!
#66966396744
0"
#66966414104
1!
#66966414104
1"
#66966440144
0!
#66966440144
0"
#66966448824
1!
#66966448824
1"
#66966500904
0!
#66966500904
0"
#66966518264
1!
#66966518264
1"
#66966526944
0!
#66966526944
0"
#66966552984
1!
#66966552984
1"
#66966570344
0!
#66966570344
0"
#66966605064
1!
#66966605064
1"
#66966613744
0!
#66966613744
0"
#66966691864
1!
#66966691864
1"
#66966700544
0!
#66966700544
0"
#66966778664
1!
#66966778664
1"
#66966787344
0!
#66966787344
0"
#66966865464
1!
#66966865464
1"
#66966874144
0!
#66966874144
0"
#66966926224
1!
#66966926224
1"
#66966943584
0!
#66966943584
0"
#66966952264
1!
#66966952264
1"
#66966960944
0!
#66966960944
0"
#66966969624
1!
#66966969624
1"
#66966986984
0!
#66966986984
0"
#66966995664
1!
#66966995664
1"
#66967013024
0!
#66967013024
0"
#66967021704
1!
#66967021704
1"
#66967047744
0!
#66967047744
0"
#66967065104
1!
#66967065104
1"
#66967091144
0!
#66967091144
0"
#66967108504
1!
#66967108504
1"
#66967134544
0!
#66967134544
0"
#66967143224
1!
#66967143224
1"
#66967195304
0!
#66967195304
0"
#66967212664
1!
#66967212664
1"
#66967221344
0!
#66967221344
0"
#66967230024
1!
#66967230024
1"
#66967247384
0!
#66967247384
0"
#66967299464
1!
#66967299464
1"
#66967308144
0!
#66967308144
0"
#66967386264
1!
#66967386264
1"
#66967394944
0!
#66967394944
0"
#66967473064
1!
#66967473064
1"
#66967481744
0!
#66967481744
0"
#66967559864
1!
#66967559864
1"
#66967568544
0!
#66967568544
0"
#66967603264
1!
#66967603264
1"
#66967629304
0!
#66967629304
0"
#66967646664
1!
#66967646664
1"
#66967655344
0!
#66967655344
0"
#66967681384
1!
#66967681384
1"
#66967690064
0!
#66967690064
0"
#66967707424
1!
#66967707424
1"
#66967716104
0!
#66967716104
0"
#66967724784
1!
#66967724784
1"
#66967742144
0!
#66967742144
0"
#66967750824
1!
#66967750824
1"
#66967759504
0!
#66967759504
0"
#66967768184
1!
#66967768184
1"
#66967776864
0!
#66967776864
0"
#66967794224
1!
#66967794224
1"
#66967802904
0!
#66967802904
0"
#66967811584
1!
#66967811584
1"
#66967828944
0!
#66967828944
0"
#66967846304
1!
#66967846304
1"
#66967854984
0!
#66967854984
0"
#66967863664
1!
#66967863664
1"
#66967881024
0!
#66967881024
0"
#66967889704
1!
#66967889704
1"
#66967898384
0!
#66967898384
0"
#66967907064
1!
#66967907064
1"
#66967915744
0!
#66967915744
0"
#66967924424
1!
#66967924424
1"
#66967933104
0!
#66967933104
0"
#66967993864
1!
#66967993864
1"
#66968002544
0!
#66968002544
0"
#66968028584
1!
#66968028584
1"
#66968037264
0!
#66968037264
0"
#66968054624
1!
#66968054624
1"
#66968071984
0!
#66968071984
0"
#66968080664
1!
#66968080664
1"
#66968089344
0!
#66968089344
0"
#66968132744
1!
#66968132744
1"
#66968141424
0!
#66968141424
0"
#66968150104
1!
#66968150104
1"
#66968176144
0!
#66968176144
0"
#66968184824
1!
#66968184824
1"
#66968202184
0!
#66968202184
0"
#66968228224
1!
#66968228224
1"
#66968236904
0!
#66968236904
0"
#66968245584
1!
#66968245584
1"
#66968262944
0!
#66968262944
0"
#66968271624
1!
#66968271624
1"
#66968280304
0!
#66968280304
0"
#66968306344
1!
#66968306344
1"
#66968315024
0!
#66968315024
0"
#66968323704
1!
#66968323704
1"
#66968349744
0!
#66968349744
0"
#66968358424
1!
#66968358424
1"
#66968367104
0!
#66968367104
0"
#66968419184
1!
#66968419184
1"
#66968436544
0!
#66968436544
0"
#66968479944
1!
#66968479944
1"
#66968488624
0!
#66968488624
0"
#66968497304
1!
#66968497304
1"
#66968523344
0!
#66968523344
0"
#66968532024
1!
#66968532024
1"
#66968584104
0!
#66968584104
0"
#66968592784
1!
#66968592784
1"
#66968610144
0!
#66968610144
0"
#66968618824
1!
#66968618824
1"
#66968627504
0!
#66968627504
0"
#66968653544
1!
#66968653544
1"
#66968662224
0!
#66968662224
0"
#66968670904
1!
#66968670904
1"
#66968696944
0!
#66968696944
0"
#66968714304
1!
#66968714304
1"
#66968731664
0!
#66968731664
0"
#66968740344
1!
#66968740344
1"
#66968749024
0!
#66968749024
0"
#66968766384
1!
#66968766384
1"
#66968783744
0!
#66968783744
0"
#66968792424
1!
#66968792424
1"
#66968801104
0!
#66968801104
0"
#66968827144
1!
#66968827144
1"
#66968835824
0!
#66968835824
0"
#66968844504
1!
#66968844504
1"
#66968870544
0!
#66968870544
0"
#66968905264
1!
#66968905264
1"
#66968913944
0!
#66968913944
0"
#66968939984
1!
#66968939984
1"
#66968957344
0!
#66968957344
0"
#66969000744
1!
#66969000744
1"
#66969009424
0!
#66969009424
0"
#66969018104
1!
#66969018104
1"
#66969044144
0!
#66969044144
0"
#66969052824
1!
#66969052824
1"
#66969061504
0!
#66969061504
0"
#66969070184
1!
#66969070184
1"
#66969104904
0!
#66969104904
0"
#66969113584
1!
#66969113584
1"
#66969130944
0!
#66969130944
0"
#66969174344
1!
#66969174344
1"
#66969183024
0!
#66969183024
0"
#66969191704
1!
#66969191704
1"
#66969217744
0!
#66969217744
0"
#66969235104
1!
#66969235104
1"
#66969278504
0!
#66969278504
0"
#66969287184
1!
#66969287184
1"
#66969304544
0!
#66969304544
0"
#66969356624
1!
#66969356624
1"
#66969365304
0!
#66969365304
0"
#66969382664
1!
#66969382664
1"
#66969391344
0!
#66969391344
0"
#66969434744
1!
#66969434744
1"
#66969443424
0!
#66969443424
0"
#66969452104
1!
#66969452104
1"
#66969478144
0!
#66969478144
0"
#66969486824
1!
#66969486824
1"
#66969512864
0!
#66969512864
0"
#66969521544
1!
#66969521544
1"
#66969538904
0!
#66969538904
0"
#66969547584
1!
#66969547584
1"
#66969564944
0!
#66969564944
0"
#66969608344
1!
#66969608344
1"
#66969617024
0!
#66969617024
0"
#66969625704
1!
#66969625704
1"
#66969651744
0!
#66969651744
0"
#66969677784
1!
#66969677784
1"
#66969712504
0!
#66969712504
0"
#66969721184
1!
#66969721184
1"
#66969738544
0!
#66969738544
0"
#66969747224
1!
#66969747224
1"
#66969755904
0!
#66969755904
0"
#66969781944
1!
#66969781944
1"
#66969790624
0!
#66969790624
0"
#66969799304
1!
#66969799304
1"
#66969825344
0!
#66969825344
0"
#66969842704
1!
#66969842704
1"
#66969860064
0!
#66969860064
0"
#66969868744
1!
#66969868744
1"
#66969877424
0!
#66969877424
0"
#66969894784
1!
#66969894784
1"
#66969912144
0!
#66969912144
0"
#66969955544
1!
#66969955544
1"
#66969964224
0!
#66969964224
0"
#66969972904
1!
#66969972904
1"
#66969998944
0!
#66969998944
0"
#66970007624
1!
#66970007624
1"
#66970016304
0!
#66970016304
0"
#66970024984
1!
#66970024984
1"
#66970059704
0!
#66970059704
0"
#66970068384
1!
#66970068384
1"
#66970085744
0!
#66970085744
0"
#66970129144
1!
#66970129144
1"
#66970137824
0!
#66970137824
0"
#66970146504
1!
#66970146504
1"
#66970172544
0!
#66970172544
0"
#66970181224
1!
#66970181224
1"
#66970189904
0!
#66970189904
0"
#66970198584
1!
#66970198584
1"
#66970207264
0!
#66970207264
0"
#66970215944
1!
#66970215944
1"
#66970233304
0!
#66970233304
0"
#66970241984
1!
#66970241984
1"
#66970259344
0!
#66970259344
0"
#66970302744
1!
#66970302744
1"
#66970311424
0!
#66970311424
0"
#66970320104
1!
#66970320104
1"
#66970346144
0!
#66970346144
0"
#66970354824
1!
#66970354824
1"
#66970363504
0!
#66970363504
0"
#66970372184
1!
#66970372184
1"
#66970406904
0!
#66970406904
0"
#66970415584
1!
#66970415584
1"
#66970432944
0!
#66970432944
0"
#66970476344
1!
#66970476344
1"
#66970485024
0!
#66970485024
0"
#66970493704
1!
#66970493704
1"
#66970519744
0!
#66970519744
0"
#66970537104
1!
#66970537104
1"
#66970580504
0!
#66970580504
0"
#66970589184
1!
#66970589184
1"
#66970606544
0!
#66970606544
0"
#66970658624
1!
#66970658624
1"
#66970667304
0!
#66970667304
0"
#66970684664
1!
#66970684664
1"
#66970693344
0!
#66970693344
0"
#66970719384
1!
#66970719384
1"
#66970728064
0!
#66970728064
0"
#66970754104
1!
#66970754104
1"
#66970762784
0!
#66970762784
0"
#66970771464
1!
#66970771464
1"
#66970780144
0!
#66970780144
0"
#66970788824
1!
#66970788824
1"
#66970797504
0!
#66970797504
0"
#66970814864
1!
#66970814864
1"
#66970823544
0!
#66970823544
0"
#66970840904
1!
#66970840904
1"
#66970849584
0!
#66970849584
0"
#66970858264
1!
#66970858264
1"
#66970866944
0!
#66970866944
0"
#66970875624
1!
#66970875624
1"
#66970892984
0!
#66970892984
0"
#66970910344
1!
#66970910344
1"
#66970919024
0!
#66970919024
0"
#66970927704
1!
#66970927704
1"
#66970936384
0!
#66970936384
0"
#66970945064
1!
#66970945064
1"
#66970953744
0!
#66970953744
0"
#66970997144
1!
#66970997144
1"
#66971005824
0!
#66971005824
0"
#66971014504
1!
#66971014504
1"
#66971023184
0!
#66971023184
0"
#66971031864
1!
#66971031864
1"
#66971040544
0!
#66971040544
0"
#66971066584
1!
#66971066584
1"
#66971083944
0!
#66971083944
0"
#66971101304
1!
#66971101304
1"
#66971109984
0!
#66971109984
0"
#66971118664
1!
#66971118664
1"
#66971127344
0!
#66971127344
0"
#66971136024
1!
#66971136024
1"
#66971144704
0!
#66971144704
0"
#66971188104
1!
#66971188104
1"
#66971196784
0!
#66971196784
0"
#66971205464
1!
#66971205464
1"
#66971214144
0!
#66971214144
0"
#66971222824
1!
#66971222824
1"
#66971231504
0!
#66971231504
0"
#66971248864
1!
#66971248864
1"
#66971266224
0!
#66971266224
0"
#66971274904
1!
#66971274904
1"
#66971283584
0!
#66971283584
0"
#66971292264
1!
#66971292264
1"
#66971300944
0!
#66971300944
0"
#66971309624
1!
#66971309624
1"
#66971353024
0!
#66971353024
0"
#66971361704
1!
#66971361704
1"
#66971370384
0!
#66971370384
0"
#66971379064
1!
#66971379064
1"
#66971387744
0!
#66971387744
0"
#66971431144
1!
#66971431144
1"
#66971439824
0!
#66971439824
0"
#66971448504
1!
#66971448504
1"
#66971457184
0!
#66971457184
0"
#66971465864
1!
#66971465864
1"
#66971474544
0!
#66971474544
0"
#66971483224
1!
#66971483224
1"
#66971491904
0!
#66971491904
0"
#66971500584
1!
#66971500584
1"
#66971509264
0!
#66971509264
0"
#66971535304
1!
#66971535304
1"
#66971543984
0!
#66971543984
0"
#66971552664
1!
#66971552664
1"
#66971561344
0!
#66971561344
0"
#66971578704
1!
#66971578704
1"
#66971587384
0!
#66971587384
0"
#66971604744
1!
#66971604744
1"
#66971613424
0!
#66971613424
0"
#66971622104
1!
#66971622104
1"
#66971630784
0!
#66971630784
0"
#66971639464
1!
#66971639464
1"
#66971648144
0!
#66971648144
0"
#66971656824
1!
#66971656824
1"
#66971665504
0!
#66971665504
0"
#66971682864
1!
#66971682864
1"
#66971691544
0!
#66971691544
0"
#66971708904
1!
#66971708904
1"
#66971717584
0!
#66971717584
0"
#66971726264
1!
#66971726264
1"
#66971734944
0!
#66971734944
0"
#66971743624
1!
#66971743624
1"
#66971778344
0!
#66971778344
0"
#66971795704
1!
#66971795704
1"
#66971804384
0!
#66971804384
0"
#66971813064
1!
#66971813064
1"
#66971821744
0!
#66971821744
0"
#66971847784
1!
#66971847784
1"
#66971856464
0!
#66971856464
0"
#66971882504
1!
#66971882504
1"
#66971891184
0!
#66971891184
0"
#66971899864
1!
#66971899864
1"
#66971908544
0!
#66971908544
0"
#66971917224
1!
#66971917224
1"
#66971925904
0!
#66971925904
0"
#66971960624
1!
#66971960624
1"
#66971969304
0!
#66971969304
0"
#66971986664
1!
#66971986664
1"
#66971995344
0!
#66971995344
0"
#66972047424
1!
#66972047424
1"
#66972056104
0!
#66972056104
0"
#66972073464
1!
#66972073464
1"
#66972082144
0!
#66972082144
0"
#66972099504
1!
#66972099504
1"
#66972116864
0!
#66972116864
0"
#66972125544
1!
#66972125544
1"
#66972134224
0!
#66972134224
0"
#66972142904
1!
#66972142904
1"
#66972151584
0!
#66972151584
0"
#66972160264
1!
#66972160264
1"
#66972168944
0!
#66972168944
0"
#66972177624
1!
#66972177624
1"
#66972186304
0!
#66972186304
0"
#66972229704
1!
#66972229704
1"
#66972238384
0!
#66972238384
0"
#66972247064
1!
#66972247064
1"
#66972255744
0!
#66972255744
0"
#66972281784
1!
#66972281784
1"
#66972299144
0!
#66972299144
0"
#66972316504
1!
#66972316504
1"
#66972325184
0!
#66972325184
0"
#66972333864
1!
#66972333864
1"
#66972342544
0!
#66972342544
0"
#66972359904
1!
#66972359904
1"
#66972368584
0!
#66972368584
0"
#66972377264
1!
#66972377264
1"
#66972403304
0!
#66972403304
0"
#66972420664
1!
#66972420664
1"
#66972429344
0!
#66972429344
0"
#66972481424
1!
#66972481424
1"
#66972490104
0!
#66972490104
0"
#66972507464
1!
#66972507464
1"
#66972516144
0!
#66972516144
0"
#66972533504
1!
#66972533504
1"
#66972542184
0!
#66972542184
0"
#66972559544
1!
#66972559544
1"
#66972576904
0!
#66972576904
0"
#66972594264
1!
#66972594264
1"
#66972602944
0!
#66972602944
0"
#66972646344
1!
#66972646344
1"
#66972663704
0!
#66972663704
0"
#66972681064
1!
#66972681064
1"
#66972689744
0!
#66972689744
0"
#66972733144
1!
#66972733144
1"
#66972750504
0!
#66972750504
0"
#66972767864
1!
#66972767864
1"
#66972776544
0!
#66972776544
0"
#66972819944
1!
#66972819944
1"
#66972837304
0!
#66972837304
0"
#66972854664
1!
#66972854664
1"
#66972863344
0!
#66972863344
0"
#66972880704
1!
#66972880704
1"
#66972889384
0!
#66972889384
0"
#66972898064
1!
#66972898064
1"
#66972906744
0!
#66972906744
0"
#66972941464
1!
#66972941464
1"
#66972950144
0!
#66972950144
0"
#66973028264
1!
#66973028264
1"
#66973036944
0!
#66973036944
0"
#66973045624
1!
#66973045624
1"
#66973062984
0!
#66973062984
0"
#66973071664
1!
#66973071664
1"
#66973089024
0!
#66973089024
0"
#66973097704
1!
#66973097704
1"
#66973123744
0!
#66973123744
0"
#66973141104
1!
#66973141104
1"
#66973167144
0!
#66973167144
0"
#66973184504
1!
#66973184504
1"
#66973210544
0!
#66973210544
0"
#66973219224
1!
#66973219224
1"
#66973271304
0!
#66973271304
0"
#66973288664
1!
#66973288664
1"
#66973297344
0!
#66973297344
0"
#66973340744
1!
#66973340744
1"
#66973349424
0!
#66973349424
0"
#66973366784
1!
#66973366784
1"
#66973384144
0!
#66973384144
0"
#66973392824
1!
#66973392824
1"
#66973410184
0!
#66973410184
0"
#66973418864
1!
#66973418864
1"
#66973436224
0!
#66973436224
0"
#66973444904
1!
#66973444904
1"
#66973470944
0!
#66973470944
0"
#66973488304
1!
#66973488304
1"
#66973514344
0!
#66973514344
0"
#66973531704
1!
#66973531704
1"
#66973557744
0!
#66973557744
0"
#66973566424
1!
#66973566424
1"
#66973618504
0!
#66973618504
0"
#66973635864
1!
#66973635864
1"
#66973644544
0!
#66973644544
0"
#66973687944
1!
#66973687944
1"
#66973696624
0!
#66973696624
0"
#66973722664
1!
#66973722664
1"
#66973731344
0!
#66973731344
0"
#66973809464
1!
#66973809464
1"
#66973818144
0!
#66973818144
0"
#66973896264
1!
#66973896264
1"
#66973904944
0!
#66973904944
0"
#66973983064
1!
#66973983064
1"
#66973991744
0!
#66973991744
0"
#66974035144
1!
#66974035144
1"
#66974043824
0!
#66974043824
0"
#66974061184
1!
#66974061184
1"
#66974078544
0!
#66974078544
0"
#66974087224
1!
#66974087224
1"
#66974104584
0!
#66974104584
0"
#66974113264
1!
#66974113264
1"
#66974130624
0!
#66974130624
0"
#66974139304
1!
#66974139304
1"
#66974165344
0!
#66974165344
0"
#66974182704
1!
#66974182704
1"
#66974208744
0!
#66974208744
0"
#66974226104
1!
#66974226104
1"
#66974252144
0!
#66974252144
0"
#66974260824
1!
#66974260824
1"
#66974312904
0!
#66974312904
0"
#66974330264
1!
#66974330264
1"
#66974338944
0!
#66974338944
0"
#66974417064
1!
#66974417064
1"
#66974425744
0!
#66974425744
0"
#66974503864
1!
#66974503864
1"
#66974512544
0!
#66974512544
0"
#66974590664
1!
#66974590664
1"
#66974599344
0!
#66974599344
0"
#66974677464
1!
#66974677464
1"
#66974686144
0!
#66974686144
0"
#66974712184
1!
#66974712184
1"
#66974729544
0!
#66974729544
0"
#66974764264
1!
#66974764264
1"
#66974772944
0!
#66974772944
0"
#66974851064
1!
#66974851064
1"
#66974859744
0!
#66974859744
0"
#66974937864
1!
#66974937864
1"
#66974946544
0!
#66974946544
0"
#66975024664
1!
#66975024664
1"
#66975033344
0!
#66975033344
0"
#66975076744
1!
#66975076744
1"
#66975094104
0!
#66975094104
0"
#66975102784
1!
#66975102784
1"
#66975120144
0!
#66975120144
0"
#66975128824
1!
#66975128824
1"
#66975146184
0!
#66975146184
0"
#66975154864
1!
#66975154864
1"
#66975172224
0!
#66975172224
0"
#66975180904
1!
#66975180904
1"
#66975206944
0!
#66975206944
0"
#66975224304
1!
#66975224304
1"
#66975250344
0!
#66975250344
0"
#66975267704
1!
#66975267704
1"
#66975293744
0!
#66975293744
0"
#66975302424
1!
#66975302424
1"
#66975354504
0!
#66975354504
0"
#66975371864
1!
#66975371864
1"
#66975380544
0!
#66975380544
0"
#66975423944
1!
#66975423944
1"
#66975432624
0!
#66975432624
0"
#66975449984
1!
#66975449984
1"
#66975467344
0!
#66975467344
0"
#66975476024
1!
#66975476024
1"
#66975493384
0!
#66975493384
0"
#66975502064
1!
#66975502064
1"
#66975519424
0!
#66975519424
0"
#66975528104
1!
#66975528104
1"
#66975554144
0!
#66975554144
0"
#66975571504
1!
#66975571504
1"
#66975597544
0!
#66975597544
0"
#66975614904
1!
#66975614904
1"
#66975640944
0!
#66975640944
0"
#66975649624
1!
#66975649624
1"
#66975701704
0!
#66975701704
0"
#66975719064
1!
#66975719064
1"
#66975727744
0!
#66975727744
0"
#66975753784
1!
#66975753784
1"
#66975771144
0!
#66975771144
0"
#66975805864
1!
#66975805864
1"
#66975814544
0!
#66975814544
0"
#66975892664
1!
#66975892664
1"
#66975901344
0!
#66975901344
0"
#66975979464
1!
#66975979464
1"
#66975988144
0!
#66975988144
0"
#66976066264
1!
#66976066264
1"
#66976074944
0!
#66976074944
0"
#66976127024
1!
#66976127024
1"
#66976144384
0!
#66976144384
0"
#66976153064
1!
#66976153064
1"
#66976161744
0!
#66976161744
0"
#66976170424
1!
#66976170424
1"
#66976187784
0!
#66976187784
0"
#66976196464
1!
#66976196464
1"
#66976213824
0!
#66976213824
0"
#66976222504
1!
#66976222504
1"
#66976248544
0!
#66976248544
0"
#66976265904
1!
#66976265904
1"
#66976291944
0!
#66976291944
0"
#66976309304
1!
#66976309304
1"
#66976335344
0!
#66976335344
0"
#66976344024
1!
#66976344024
1"
#66976396104
0!
#66976396104
0"
#66976413464
1!
#66976413464
1"
#66976422144
0!
#66976422144
0"
#66976448184
1!
#66976448184
1"
#66976456864
0!
#66976456864
0"
#66976500264
1!
#66976500264
1"
#66976508944
0!
#66976508944
0"
#66976587064
1!
#66976587064
1"
#66976595744
0!
#66976595744
0"
#66976673864
1!
#66976673864
1"
#66976682544
0!
#66976682544
0"
#66976760664
1!
#66976760664
1"
#66976769344
0!
#66976769344
0"
#66976778024
1!
#66976778024
1"
#66976786704
0!
#66976786704
0"
#66976795384
1!
#66976795384
1"
#66976812744
0!
#66976812744
0"
#66976838784
1!
#66976838784
1"
#66976856144
0!
#66976856144
0"
#66976864824
1!
#66976864824
1"
#66976882184
0!
#66976882184
0"
#66976890864
1!
#66976890864
1"
#66976899544
0!
#66976899544
0"
#66976916904
1!
#66976916904
1"
#66976925584
0!
#66976925584
0"
#66976934264
1!
#66976934264
1"
#69369039744
0!
#69369039744
0"
#69369048424
1!
#69369048424
1"
#69369057104
0!
#69369057104
0"
#69369065784
1!
#69369065784
1"
#69369074464
0!
#69369074464
0"
#69369091824
1!
#69369091824
1"
#69369100504
0!
#69369100504
0"
#69369109184
1!
#69369109184
1"
#69369126544
0!
#69369126544
0"
#69369143904
1!
#69369143904
1"
#69369152584
0!
#69369152584
0"
#69369161264
1!
#69369161264
1"
#69369178624
0!
#69369178624
0"
#69369187304
1!
#69369187304
1"
#69369195984
0!
#69369195984
0"
#69369204664
1!
#69369204664
1"
#69369213344
0!
#69369213344
0"
#69369222024
1!
#69369222024
1"
#69369230704
0!
#69369230704
0"
#69369291464
1!
#69369291464
1"
#69369300144
0!
#69369300144
0"
#69369326184
1!
#69369326184
1"
#69369334864
0!
#69369334864
0"
#69369352224
1!
#69369352224
1"
#69369369584
0!
#69369369584
0"
#69369378264
1!
#69369378264
1"
#69369386944
0!
#69369386944
0"
#69369404304
1!
#69369404304
1"
#69369412984
0!
#69369412984
0"
#69369430344
1!
#69369430344
1"
#69369439024
0!
#69369439024
0"
#69369447704
1!
#69369447704
1"
#69369456384
0!
#69369456384
0"
#69369465064
1!
#69369465064
1"
#69369473744
0!
#69369473744
0"
#69369482424
1!
#69369482424
1"
#69369491104
0!
#69369491104
0"
#69369499784
1!
#69369499784
1"
#69369508464
0!
#69369508464
0"
#69369525824
1!
#69369525824
1"
#69369543184
0!
#69369543184
0"
#69369551864
1!
#69369551864
1"
#69369560544
0!
#69369560544
0"
#69369569224
1!
#69369569224
1"
#69369586584
0!
#69369586584
0"
#69369603944
1!
#69369603944
1"
#69369629984
0!
#69369629984
0"
#69369638664
1!
#69369638664
1"
#69369647344
0!
#69369647344
0"
#69369656024
1!
#69369656024
1"
#69369664704
0!
#69369664704
0"
#69369673384
1!
#69369673384
1"
#69369682064
0!
#69369682064
0"
#69369690744
1!
#69369690744
1"
#69369716784
0!
#69369716784
0"
#69369725464
1!
#69369725464
1"
#69369734144
0!
#69369734144
0"
#69369760184
1!
#69369760184
1"
#69369777544
0!
#69369777544
0"
#69369786224
1!
#69369786224
1"
#69369803584
0!
#69369803584
0"
#69369812264
1!
#69369812264
1"
#69369820944
0!
#69369820944
0"
#69369846984
1!
#69369846984
1"
#69369855664
0!
#69369855664
0"
#69369864344
1!
#69369864344
1"
#69369890384
0!
#69369890384
0"
#69369899064
1!
#69369899064
1"
#69369907744
0!
#69369907744
0"
#69369925104
1!
#69369925104
1"
#69369933784
0!
#69369933784
0"
#69369942464
1!
#69369942464
1"
#69369968504
0!
#69369968504
0"
#69369985864
1!
#69369985864
1"
#69369994544
0!
#69369994544
0"
#69370046624
1!
#69370046624
1"
#69370055304
0!
#69370055304
0"
#69370072664
1!
#69370072664
1"
#69370081344
0!
#69370081344
0"
#69370090024
1!
#69370090024
1"
#69370116064
0!
#69370116064
0"
#69370133424
1!
#69370133424
1"
#69370150784
0!
#69370150784
0"
#69370159464
1!
#69370159464
1"
#69370168144
0!
#69370168144
0"
#69370202864
1!
#69370202864
1"
#69370237584
0!
#69370237584
0"
#69370246264
1!
#69370246264
1"
#69370254944
0!
#69370254944
0"
#69370272304
1!
#69370272304
1"
#69370280984
0!
#69370280984
0"
#69370289664
1!
#69370289664
1"
#69370315704
0!
#69370315704
0"
#69370333064
1!
#69370333064
1"
#69370341744
0!
#69370341744
0"
#69370393824
1!
#69370393824
1"
#69370402504
0!
#69370402504
0"
#69370419864
1!
#69370419864
1"
#69370428544
0!
#69370428544
0"
#69370480624
1!
#69370480624
1"
#69370489304
0!
#69370489304
0"
#69370506664
1!
#69370506664
1"
#69370515344
0!
#69370515344
0"
#69370567424
1!
#69370567424
1"
#69370576104
0!
#69370576104
0"
#69370593464
1!
#69370593464
1"
#69370602144
0!
#69370602144
0"
#69370654224
1!
#69370654224
1"
#69370662904
0!
#69370662904
0"
#69370680264
1!
#69370680264
1"
#69370688944
0!
#69370688944
0"
#69370741024
1!
#69370741024
1"
#69370749704
0!
#69370749704
0"
#69370767064
1!
#69370767064
1"
#69370775744
0!
#69370775744
0"
#69370827824
1!
#69370827824
1"
#69370836504
0!
#69370836504
0"
#69370853864
1!
#69370853864
1"
#69370862544
0!
#69370862544
0"
#69370905944
1!
#69370905944
1"
#69370923304
0!
#69370923304
0"
#69370940664
1!
#69370940664
1"
#69370949344
0!
#69370949344
0"
#69370966704
1!
#69370966704
1"
#69370992744
0!
#69370992744
0"
#69371001424
1!
#69371001424
1"
#69371010104
0!
#69371010104
0"
#69371027464
1!
#69371027464
1"
#69371036144
0!
#69371036144
0"
#69371079544
1!
#69371079544
1"
#69371096904
0!
#69371096904
0"
#69371114264
1!
#69371114264
1"
#69371122944
0!
#69371122944
0"
#69371148984
1!
#69371148984
1"
#69371166344
0!
#69371166344
0"
#69371175024
1!
#69371175024
1"
#69371183704
0!
#69371183704
0"
#69371201064
1!
#69371201064
1"
#69371209744
0!
#69371209744
0"
#69371261824
1!
#69371261824
1"
#69371270504
0!
#69371270504
0"
#69371287864
1!
#69371287864
1"
#69371296544
0!
#69371296544
0"
#69371305224
1!
#69371305224
1"
#69371331264
0!
#69371331264
0"
#69371348624
1!
#69371348624
1"
#69371365984
0!
#69371365984
0"
#69371374664
1!
#69371374664
1"
#69371383344
0!
#69371383344
0"
#69371392024
1!
#69371392024
1"
#69371400704
0!
#69371400704
0"
#69371418064
1!
#69371418064
1"
#69371452784
0!
#69371452784
0"
#69371461464
1!
#69371461464
1"
#69371470144
0!
#69371470144
0"
#69371487504
1!
#69371487504
1"
#69371496184
0!
#69371496184
0"
#69371504864
1!
#69371504864
1"
#69371530904
0!
#69371530904
0"
#69371548264
1!
#69371548264
1"
#69371556944
0!
#69371556944
0"
#69371609024
1!
#69371609024
1"
#69371617704
0!
#69371617704
0"
#69371635064
1!
#69371635064
1"
#69371643744
0!
#69371643744
0"
#69371695824
1!
#69371695824
1"
#69371704504
0!
#69371704504
0"
#69371721864
1!
#69371721864
1"
#69371730544
0!
#69371730544
0"
#69371782624
1!
#69371782624
1"
#69371791304
0!
#69371791304
0"
#69371808664
1!
#69371808664
1"
#69371817344
0!
#69371817344
0"
#69371869424
1!
#69371869424
1"
#69371878104
0!
#69371878104
0"
#69371895464
1!
#69371895464
1"
#69371904144
0!
#69371904144
0"
#69371956224
1!
#69371956224
1"
#69371964904
0!
#69371964904
0"
#69371982264
1!
#69371982264
1"
#69371990944
0!
#69371990944
0"
#69372043024
1!
#69372043024
1"
#69372051704
0!
#69372051704
0"
#69372069064
1!
#69372069064
1"
#69372077744
0!
#69372077744
0"
#69372121144
1!
#69372121144
1"
#69372138504
0!
#69372138504
0"
#69372155864
1!
#69372155864
1"
#69372164544
0!
#69372164544
0"
#69372181904
1!
#69372181904
1"
#69372207944
0!
#69372207944
0"
#69372216624
1!
#69372216624
1"
#69372225304
0!
#69372225304
0"
#69372242664
1!
#69372242664
1"
#69372251344
0!
#69372251344
0"
#69372294744
1!
#69372294744
1"
#69372312104
0!
#69372312104
0"
#69372329464
1!
#69372329464
1"
#69372338144
0!
#69372338144
0"
#69372364184
1!
#69372364184
1"
#69372381544
0!
#69372381544
0"
#69372390224
1!
#69372390224
1"
#69372398904
0!
#69372398904
0"
#69372416264
1!
#69372416264
1"
#69372424944
0!
#69372424944
0"
#69372477024
1!
#69372477024
1"
#69372485704
0!
#69372485704
0"
#69372503064
1!
#69372503064
1"
#69372511744
0!
#69372511744
0"
#69372520424
1!
#69372520424
1"
#69372546464
0!
#69372546464
0"
#69372563824
1!
#69372563824
1"
#69372581184
0!
#69372581184
0"
#69372589864
1!
#69372589864
1"
#69372598544
0!
#69372598544
0"
#69372615904
1!
#69372615904
1"
#69372624584
0!
#69372624584
0"
#69372633264
1!
#69372633264
1"
#69372667984
0!
#69372667984
0"
#69372676664
1!
#69372676664
1"
#69372685344
0!
#69372685344
0"
#69372702704
1!
#69372702704
1"
#69372711384
0!
#69372711384
0"
#69372720064
1!
#69372720064
1"
#69372746104
0!
#69372746104
0"
#69372763464
1!
#69372763464
1"
#69372772144
0!
#69372772144
0"
#69372824224
1!
#69372824224
1"
#69372832904
0!
#69372832904
0"
#69372850264
1!
#69372850264
1"
#69372858944
0!
#69372858944
0"
#69372911024
1!
#69372911024
1"
#69372919704
0!
#69372919704
0"
#69372937064
1!
#69372937064
1"
#69372945744
0!
#69372945744
0"
#69372997824
1!
#69372997824
1"
#69373006504
0!
#69373006504
0"
#69373023864
1!
#69373023864
1"
#69373032544
0!
#69373032544
0"
#69373084624
1!
#69373084624
1"
#69373093304
0!
#69373093304
0"
#69373110664
1!
#69373110664
1"
#69373119344
0!
#69373119344
0"
#69373171424
1!
#69373171424
1"
#69373180104
0!
#69373180104
0"
#69373197464
1!
#69373197464
1"
#69373206144
0!
#69373206144
0"
#69373258224
1!
#69373258224
1"
#69373266904
0!
#69373266904
0"
#69373284264
1!
#69373284264
1"
#69373292944
0!
#69373292944
0"
#69373336344
1!
#69373336344
1"
#69373353704
0!
#69373353704
0"
#69373371064
1!
#69373371064
1"
#69373379744
0!
#69373379744
0"
#69373397104
1!
#69373397104
1"
#69373423144
0!
#69373423144
0"
#69373431824
1!
#69373431824
1"
#69373440504
0!
#69373440504
0"
#69373457864
1!
#69373457864
1"
#69373466544
0!
#69373466544
0"
#69373509944
1!
#69373509944
1"
#69373527304
0!
#69373527304
0"
#69373544664
1!
#69373544664
1"
#69373553344
0!
#69373553344
0"
#69373579384
1!
#69373579384
1"
#69373596744
0!
#69373596744
0"
#69373605424
1!
#69373605424
1"
#69373614104
0!
#69373614104
0"
#69373631464
1!
#69373631464
1"
#69373640144
0!
#69373640144
0"
#69373692224
1!
#69373692224
1"
#69373700904
0!
#69373700904
0"
#69373718264
1!
#69373718264
1"
#69373726944
0!
#69373726944
0"
#69373752984
1!
#69373752984
1"
#69373761664
0!
#69373761664
0"
#69373779024
1!
#69373779024
1"
#69373796384
0!
#69373796384
0"
#69373805064
1!
#69373805064
1"
#69373813744
0!
#69373813744
0"
#69373822424
1!
#69373822424
1"
#69373831104
0!
#69373831104
0"
#69373848464
1!
#69373848464
1"
#69373857144
0!
#69373857144
0"
#69373865824
1!
#69373865824
1"
#69373883184
0!
#69373883184
0"
#69373891864
1!
#69373891864
1"
#69373900544
0!
#69373900544
0"
#69373909224
1!
#69373909224
1"
#69373926584
0!
#69373926584
0"
#69373943944
1!
#69373943944
1"
#69373969984
0!
#69373969984
0"
#69373978664
1!
#69373978664
1"
#69373987344
0!
#69373987344
0"
#69374030744
1!
#69374030744
1"
#69374056784
0!
#69374056784
0"
#69374065464
1!
#69374065464
1"
#69374074144
0!
#69374074144
0"
#69374100184
1!
#69374100184
1"
#69374117544
0!
#69374117544
0"
#69374126224
1!
#69374126224
1"
#69374143584
0!
#69374143584
0"
#69374152264
1!
#69374152264
1"
#69374160944
0!
#69374160944
0"
#69374169624
1!
#69374169624
1"
#69374178304
0!
#69374178304
0"
#69374213024
1!
#69374213024
1"
#69374230384
0!
#69374230384
0"
#69374239064
1!
#69374239064
1"
#69374247744
0!
#69374247744
0"
#69374256424
1!
#69374256424
1"
#69374265104
0!
#69374265104
0"
#69374282464
1!
#69374282464
1"
#69374317184
0!
#69374317184
0"
#69374325864
1!
#69374325864
1"
#69374334544
0!
#69374334544
0"
#69374386624
1!
#69374386624
1"
#69374395304
0!
#69374395304
0"
#69374412664
1!
#69374412664
1"
#69374421344
0!
#69374421344
0"
#69374447384
1!
#69374447384
1"
#69374456064
0!
#69374456064
0"
#69374464744
1!
#69374464744
1"
#69374490784
0!
#69374490784
0"
#69374499464
1!
#69374499464
1"
#69374508144
0!
#69374508144
0"
#69374516824
1!
#69374516824
1"
#69374525504
0!
#69374525504
0"
#69374542864
1!
#69374542864
1"
#69374551544
0!
#69374551544
0"
#69374560224
1!
#69374560224
1"
#69374577584
0!
#69374577584
0"
#69374586264
1!
#69374586264
1"
#69374594944
0!
#69374594944
0"
#69374603624
1!
#69374603624
1"
#69374612304
0!
#69374612304
0"
#69374620984
1!
#69374620984
1"
#69374638344
0!
#69374638344
0"
#69374647024
1!
#69374647024
1"
#69374664384
0!
#69374664384
0"
#69374673064
1!
#69374673064
1"
#69374681744
0!
#69374681744
0"
#69374690424
1!
#69374690424
1"
#69374699104
0!
#69374699104
0"
#69374707784
1!
#69374707784
1"
#69374716464
0!
#69374716464
0"
#69374733824
1!
#69374733824
1"
#69374751184
0!
#69374751184
0"
#69374759864
1!
#69374759864
1"
#69374768544
0!
#69374768544
0"
#69374785904
1!
#69374785904
1"
#69374794584
0!
#69374794584
0"
#69374803264
1!
#69374803264
1"
#69374829304
0!
#69374829304
0"
#69374846664
1!
#69374846664
1"
#69374855344
0!
#69374855344
0"
#69374907424
1!
#69374907424
1"
#69374916104
0!
#69374916104
0"
#69374933464
1!
#69374933464
1"
#69374942144
0!
#69374942144
0"
#69374959504
1!
#69374959504
1"
#69374968184
0!
#69374968184
0"
#69374985544
1!
#69374985544
1"
#69375002904
0!
#69375002904
0"
#69375020264
1!
#69375020264
1"
#69375028944
0!
#69375028944
0"
#69375072344
1!
#69375072344
1"
#69375089704
0!
#69375089704
0"
#69375107064
1!
#69375107064
1"
#69375115744
0!
#69375115744
0"
#69375159144
1!
#69375159144
1"
#69375176504
0!
#69375176504
0"
#69375193864
1!
#69375193864
1"
#69375202544
0!
#69375202544
0"
#69375245944
1!
#69375245944
1"
#69375263304
0!
#69375263304
0"
#69375280664
1!
#69375280664
1"
#69375289344
0!
#69375289344
0"
#69375315384
1!
#69375315384
1"
#69375332744
0!
#69375332744
0"
#69375341424
1!
#69375341424
1"
#69375350104
0!
#69375350104
0"
#69375367464
1!
#69375367464
1"
#69375376144
0!
#69375376144
0"
#69375428224
1!
#69375428224
1"
#69375436904
0!
#69375436904
0"
#69375454264
1!
#69375454264
1"
#69375462944
0!
#69375462944
0"
#69375471624
1!
#69375471624
1"
#69375488984
0!
#69375488984
0"
#69375506344
1!
#69375506344
1"
#69375532384
0!
#69375532384
0"
#69375541064
1!
#69375541064
1"
#69375549744
0!
#69375549744
0"
#69375558424
1!
#69375558424
1"
#69375567104
0!
#69375567104
0"
#69375575784
1!
#69375575784
1"
#69375584464
0!
#69375584464
0"
#69375601824
1!
#69375601824
1"
#69375619184
0!
#69375619184
0"
#69375627864
1!
#69375627864
1"
#69375636544
0!
#69375636544
0"
#69375653904
1!
#69375653904
1"
#69375679944
0!
#69375679944
0"
#69375688624
1!
#69375688624
1"
#69375705984
0!
#69375705984
0"
#69375714664
1!
#69375714664
1"
#69375723344
0!
#69375723344
0"
#69375732024
1!
#69375732024
1"
#69375749384
0!
#69375749384
0"
#69375766744
1!
#69375766744
1"
#69375792784
0!
#69375792784
0"
#69375801464
1!
#69375801464
1"
#69375810144
0!
#69375810144
0"
#69375818824
1!
#69375818824
1"
#69375853544
0!
#69375853544
0"
#69375862224
1!
#69375862224
1"
#69375879584
0!
#69375879584
0"
#69375888264
1!
#69375888264
1"
#69375896944
0!
#69375896944
0"
#69375914304
1!
#69375914304
1"
#69375922984
0!
#69375922984
0"
#69375940344
1!
#69375940344
1"
#69375966384
0!
#69375966384
0"
#69375975064
1!
#69375975064
1"
#69375983744
0!
#69375983744
0"
#69376035824
1!
#69376035824
1"
#69376044504
0!
#69376044504
0"
#69376061864
1!
#69376061864
1"
#69376070544
0!
#69376070544
0"
#69376096584
1!
#69376096584
1"
#69376105264
0!
#69376105264
0"
#69376113944
1!
#69376113944
1"
#69376139984
0!
#69376139984
0"
#69376148664
1!
#69376148664
1"
#69376157344
0!
#69376157344
0"
#69376166024
1!
#69376166024
1"
#69376174704
0!
#69376174704
0"
#69376192064
1!
#69376192064
1"
#69376200744
0!
#69376200744
0"
#69376209424
1!
#69376209424
1"
#69376226784
0!
#69376226784
0"
#69376235464
1!
#69376235464
1"
#69376244144
0!
#69376244144
0"
#69376252824
1!
#69376252824
1"
#69376261504
0!
#69376261504
0"
#69376270184
1!
#69376270184
1"
#69376287544
0!
#69376287544
0"
#69376296224
1!
#69376296224
1"
#69376313584
0!
#69376313584
0"
#69376322264
1!
#69376322264
1"
#69376330944
0!
#69376330944
0"
#69376339624
1!
#69376339624
1"
#69376348304
0!
#69376348304
0"
#69376356984
1!
#69376356984
1"
#69376365664
0!
#69376365664
0"
#69376383024
1!
#69376383024
1"
#69376400384
0!
#69376400384
0"
#69376409064
1!
#69376409064
1"
#69376417744
0!
#69376417744
0"
#69376435104
1!
#69376435104
1"
#69376443784
0!
#69376443784
0"
#69376452464
1!
#69376452464
1"
#69376478504
0!
#69376478504
0"
#69376495864
1!
#69376495864
1"
#69376504544
0!
#69376504544
0"
#69376556624
1!
#69376556624
1"
#69376565304
0!
#69376565304
0"
#69376582664
1!
#69376582664
1"
#69376591344
0!
#69376591344
0"
#69376600024
1!
#69376600024
1"
#69376608704
0!
#69376608704
0"
#69376617384
1!
#69376617384
1"
#69376626064
0!
#69376626064
0"
#69376634744
1!
#69376634744
1"
#69376652104
0!
#69376652104
0"
#69376669464
1!
#69376669464
1"
#69376678144
0!
#69376678144
0"
#69376721544
1!
#69376721544
1"
#69376738904
0!
#69376738904
0"
#69376756264
1!
#69376756264
1"
#69376764944
0!
#69376764944
0"
#69376808344
1!
#69376808344
1"
#69376825704
0!
#69376825704
0"
#69376843064
1!
#69376843064
1"
#69376851744
0!
#69376851744
0"
#69376869104
1!
#69376869104
1"
#69376877784
0!
#69376877784
0"
#69376886464
1!
#69376886464
1"
#69376895144
0!
#69376895144
0"
#69376929864
1!
#69376929864
1"
#69376938544
0!
#69376938544
0"
#69377016664
1!
#69377016664
1"
#69377025344
0!
#69377025344
0"
#69377060064
1!
#69377060064
1"
#69377068744
0!
#69377068744
0"
#69377103464
1!
#69377103464
1"
#69377112144
0!
#69377112144
0"
#69377190264
1!
#69377190264
1"
#69377198944
0!
#69377198944
0"
#69377277064
1!
#69377277064
1"
#69377285744
0!
#69377285744
0"
#69377363864
1!
#69377363864
1"
#69377372544
0!
#69377372544
0"
#69377424624
1!
#69377424624
1"
#69377441984
0!
#69377441984
0"
#69377450664
1!
#69377450664
1"
#69377459344
0!
#69377459344
0"
#69377476704
1!
#69377476704
1"
#69377502744
0!
#69377502744
0"
#69377520104
1!
#69377520104
1"
#69377546144
0!
#69377546144
0"
#69377563504
1!
#69377563504
1"
#69377589544
0!
#69377589544
0"
#69377606904
1!
#69377606904
1"
#69377632944
0!
#69377632944
0"
#69377641624
1!
#69377641624
1"
#69377693704
0!
#69377693704
0"
#69377711064
1!
#69377711064
1"
#69377719744
0!
#69377719744
0"
#69377728424
1!
#69377728424
1"
#69377745784
0!
#69377745784
0"
#69377797864
1!
#69377797864
1"
#69377806544
0!
#69377806544
0"
#69377884664
1!
#69377884664
1"
#69377893344
0!
#69377893344
0"
#69377971464
1!
#69377971464
1"
#69377980144
0!
#69377980144
0"
#69378058264
1!
#69378058264
1"
#69378066944
0!
#69378066944
0"
#69378075624
1!
#69378075624
1"
#69378084304
0!
#69378084304
0"
#69378101664
1!
#69378101664
1"
#69378110344
0!
#69378110344
0"
#69378127704
1!
#69378127704
1"
#69378153744
0!
#69378153744
0"
#69378171104
1!
#69378171104
1"
#69378179784
0!
#69378179784
0"
#69378197144
1!
#69378197144
1"
#69378205824
0!
#69378205824
0"
#69378223184
1!
#69378223184
1"
#71889039744
0!
#71889039744
0"
#71889048424
1!
#71889048424
1"
#71889057104
0!
#71889057104
0"
#71889065784
1!
#71889065784
1"
#71889074464
0!
#71889074464
0"
#71889091824
1!
#71889091824
1"
#71889100504
0!
#71889100504
0"
#71889109184
1!
#71889109184
1"
#71889126544
0!
#71889126544
0"
#71889143904
1!
#71889143904
1"
#71889152584
0!
#71889152584
0"
#71889161264
1!
#71889161264
1"
#71889178624
0!
#71889178624
0"
#71889187304
1!
#71889187304
1"
#71889195984
0!
#71889195984
0"
#71889204664
1!
#71889204664
1"
#71889213344
0!
#71889213344
0"
#71889222024
1!
#71889222024
1"
#71889230704
0!
#71889230704
0"
#71889291464
1!
#71889291464
1"
#71889300144
0!
#71889300144
0"
#71889326184
1!
#71889326184
1"
#71889334864
0!
#71889334864
0"
#71889352224
1!
#71889352224
1"
#71889369584
0!
#71889369584
0"
#71889378264
1!
#71889378264
1"
#71889386944
0!
#71889386944
0"
#71889404304
1!
#71889404304
1"
#71889412984
0!
#71889412984
0"
#71889430344
1!
#71889430344
1"
#71889439024
0!
#71889439024
0"
#71889447704
1!
#71889447704
1"
#71889456384
0!
#71889456384
0"
#71889465064
1!
#71889465064
1"
#71889473744
0!
#71889473744
0"
#71889482424
1!
#71889482424
1"
#71889491104
0!
#71889491104
0"
#71889499784
1!
#71889499784
1"
#71889508464
0!
#71889508464
0"
#71889525824
1!
#71889525824
1"
#71889543184
0!
#71889543184
0"
#71889551864
1!
#71889551864
1"
#71889560544
0!
#71889560544
0"
#71889569224
1!
#71889569224
1"
#71889586584
0!
#71889586584
0"
#71889603944
1!
#71889603944
1"
#71889629984
0!
#71889629984
0"
#71889638664
1!
#71889638664
1"
#71889647344
0!
#71889647344
0"
#71889656024
1!
#71889656024
1"
#71889664704
0!
#71889664704
0"
#71889673384
1!
#71889673384
1"
#71889682064
0!
#71889682064
0"
#71889690744
1!
#71889690744
1"
#71889716784
0!
#71889716784
0"
#71889725464
1!
#71889725464
1"
#71889734144
0!
#71889734144
0"
#71889760184
1!
#71889760184
1"
#71889777544
0!
#71889777544
0"
#71889786224
1!
#71889786224
1"
#71889803584
0!
#71889803584
0"
#71889812264
1!
#71889812264
1"
#71889820944
0!
#71889820944
0"
#71889846984
1!
#71889846984
1"
#71889855664
0!
#71889855664
0"
#71889864344
1!
#71889864344
1"
#71889890384
0!
#71889890384
0"
#71889899064
1!
#71889899064
1"
#71889907744
0!
#71889907744
0"
#71889925104
1!
#71889925104
1"
#71889933784
0!
#71889933784
0"
#71889942464
1!
#71889942464
1"
#71889968504
0!
#71889968504
0"
#71889985864
1!
#71889985864
1"
#71889994544
0!
#71889994544
0"
#71890046624
1!
#71890046624
1"
#71890055304
0!
#71890055304
0"
#71890072664
1!
#71890072664
1"
#71890081344
0!
#71890081344
0"
#71890090024
1!
#71890090024
1"
#71890116064
0!
#71890116064
0"
#71890133424
1!
#71890133424
1"
#71890150784
0!
#71890150784
0"
#71890159464
1!
#71890159464
1"
#71890168144
0!
#71890168144
0"
#71890202864
1!
#71890202864
1"
#71890237584
0!
#71890237584
0"
#71890246264
1!
#71890246264
1"
#71890254944
0!
#71890254944
0"
#71890272304
1!
#71890272304
1"
#71890280984
0!
#71890280984
0"
#71890289664
1!
#71890289664
1"
#71890315704
0!
#71890315704
0"
#71890333064
1!
#71890333064
1"
#71890341744
0!
#71890341744
0"
#71890393824
1!
#71890393824
1"
#71890402504
0!
#71890402504
0"
#71890419864
1!
#71890419864
1"
#71890428544
0!
#71890428544
0"
#71890480624
1!
#71890480624
1"
#71890489304
0!
#71890489304
0"
#71890506664
1!
#71890506664
1"
#71890515344
0!
#71890515344
0"
#71890567424
1!
#71890567424
1"
#71890576104
0!
#71890576104
0"
#71890593464
1!
#71890593464
1"
#71890602144
0!
#71890602144
0"
#71890654224
1!
#71890654224
1"
#71890662904
0!
#71890662904
0"
#71890680264
1!
#71890680264
1"
#71890688944
0!
#71890688944
0"
#71890741024
1!
#71890741024
1"
#71890749704
0!
#71890749704
0"
#71890767064
1!
#71890767064
1"
#71890775744
0!
#71890775744
0"
#71890827824
1!
#71890827824
1"
#71890836504
0!
#71890836504
0"
#71890853864
1!
#71890853864
1"
#71890862544
0!
#71890862544
0"
#71890905944
1!
#71890905944
1"
#71890923304
0!
#71890923304
0"
#71890940664
1!
#71890940664
1"
#71890949344
0!
#71890949344
0"
#71890966704
1!
#71890966704
1"
#71890992744
0!
#71890992744
0"
#71891001424
1!
#71891001424
1"
#71891010104
0!
#71891010104
0"
#71891027464
1!
#71891027464
1"
#71891036144
0!
#71891036144
0"
#71891079544
1!
#71891079544
1"
#71891096904
0!
#71891096904
0"
#71891114264
1!
#71891114264
1"
#71891122944
0!
#71891122944
0"
#71891148984
1!
#71891148984
1"
#71891166344
0!
#71891166344
0"
#71891175024
1!
#71891175024
1"
#71891183704
0!
#71891183704
0"
#71891201064
1!
#71891201064
1"
#71891209744
0!
#71891209744
0"
#71891261824
1!
#71891261824
1"
#71891270504
0!
#71891270504
0"
#71891287864
1!
#71891287864
1"
#71891296544
0!
#71891296544
0"
#71891305224
1!
#71891305224
1"
#71891331264
0!
#71891331264
0"
#71891348624
1!
#71891348624
1"
#71891365984
0!
#71891365984
0"
#71891374664
1!
#71891374664
1"
#71891383344
0!
#71891383344
0"
#71891392024
1!
#71891392024
1"
#71891400704
0!
#71891400704
0"
#71891418064
1!
#71891418064
1"
#71891452784
0!
#71891452784
0"
#71891461464
1!
#71891461464
1"
#71891470144
0!
#71891470144
0"
#71891487504
1!
#71891487504
1"
#71891496184
0!
#71891496184
0"
#71891504864
1!
#71891504864
1"
#71891530904
0!
#71891530904
0"
#71891548264
1!
#71891548264
1"
#71891556944
0!
#71891556944
0"
#71891609024
1!
#71891609024
1"
#71891617704
0!
#71891617704
0"
#71891635064
1!
#71891635064
1"
#71891643744
0!
#71891643744
0"
#71891695824
1!
#71891695824
1"
#71891704504
0!
#71891704504
0"
#71891721864
1!
#71891721864
1"
#71891730544
0!
#71891730544
0"
#71891782624
1!
#71891782624
1"
#71891791304
0!
#71891791304
0"
#71891808664
1!
#71891808664
1"
#71891817344
0!
#71891817344
0"
#71891869424
1!
#71891869424
1"
#71891878104
0!
#71891878104
0"
#71891895464
1!
#71891895464
1"
#71891904144
0!
#71891904144
0"
#71891956224
1!
#71891956224
1"
#71891964904
0!
#71891964904
0"
#71891982264
1!
#71891982264
1"
#71891990944
0!
#71891990944
0"
#71892043024
1!
#71892043024
1"
#71892051704
0!
#71892051704
0"
#71892069064
1!
#71892069064
1"
#71892077744
0!
#71892077744
0"
#71892121144
1!
#71892121144
1"
#71892138504
0!
#71892138504
0"
#71892155864
1!
#71892155864
1"
#71892164544
0!
#71892164544
0"
#71892181904
1!
#71892181904
1"
#71892207944
0!
#71892207944
0"
#71892216624
1!
#71892216624
1"
#71892225304
0!
#71892225304
0"
#71892242664
1!
#71892242664
1"
#71892251344
0!
#71892251344
0"
#71892294744
1!
#71892294744
1"
#71892312104
0!
#71892312104
0"
#71892329464
1!
#71892329464
1"
#71892338144
0!
#71892338144
0"
#71892364184
1!
#71892364184
1"
#71892381544
0!
#71892381544
0"
#71892390224
1!
#71892390224
1"
#71892398904
0!
#71892398904
0"
#71892416264
1!
#71892416264
1"
#71892424944
0!
#71892424944
0"
#71892477024
1!
#71892477024
1"
#71892485704
0!
#71892485704
0"
#71892503064
1!
#71892503064
1"
#71892511744
0!
#71892511744
0"
#71892520424
1!
#71892520424
1"
#71892546464
0!
#71892546464
0"
#71892563824
1!
#71892563824
1"
#71892581184
0!
#71892581184
0"
#71892589864
1!
#71892589864
1"
#71892598544
0!
#71892598544
0"
#71892615904
1!
#71892615904
1"
#71892624584
0!
#71892624584
0"
#71892633264
1!
#71892633264
1"
#71892667984
0!
#71892667984
0"
#71892676664
1!
#71892676664
1"
#71892685344
0!
#71892685344
0"
#71892702704
1!
#71892702704
1"
#71892711384
0!
#71892711384
0"
#71892720064
1!
#71892720064
1"
#71892746104
0!
#71892746104
0"
#71892763464
1!
#71892763464
1"
#71892772144
0!
#71892772144
0"
#71892824224
1!
#71892824224
1"
#71892832904
0!
#71892832904
0"
#71892850264
1!
#71892850264
1"
#71892858944
0!
#71892858944
0"
#71892911024
1!
#71892911024
1"
#71892919704
0!
#71892919704
0"
#71892937064
1!
#71892937064
1"
#71892945744
0!
#71892945744
0"
#71892997824
1!
#71892997824
1"
#71893006504
0!
#71893006504
0"
#71893023864
1!
#71893023864
1"
#71893032544
0!
#71893032544
0"
#71893084624
1!
#71893084624
1"
#71893093304
0!
#71893093304
0"
#71893110664
1!
#71893110664
1"
#71893119344
0!
#71893119344
0"
#71893171424
1!
#71893171424
1"
#71893180104
0!
#71893180104
0"
#71893197464
1!
#71893197464
1"
#71893206144
0!
#71893206144
0"
#71893258224
1!
#71893258224
1"
#71893266904
0!
#71893266904
0"
#71893284264
1!
#71893284264
1"
#71893292944
0!
#71893292944
0"
#71893336344
1!
#71893336344
1"
#71893353704
0!
#71893353704
0"
#71893371064
1!
#71893371064
1"
#71893379744
0!
#71893379744
0"
#71893397104
1!
#71893397104
1"
#71893423144
0!
#71893423144
0"
#71893431824
1!
#71893431824
1"
#71893440504
0!
#71893440504
0"
#71893457864
1!
#71893457864
1"
#71893466544
0!
#71893466544
0"
#71893509944
1!
#71893509944
1"
#71893527304
0!
#71893527304
0"
#71893544664
1!
#71893544664
1"
#71893553344
0!
#71893553344
0"
#71893579384
1!
#71893579384
1"
#71893596744
0!
#71893596744
0"
#71893605424
1!
#71893605424
1"
#71893614104
0!
#71893614104
0"
#71893631464
1!
#71893631464
1"
#71893640144
0!
#71893640144
0"
#71893692224
1!
#71893692224
1"
#71893700904
0!
#71893700904
0"
#71893718264
1!
#71893718264
1"
#71893726944
0!
#71893726944
0"
#71893752984
1!
#71893752984
1"
#71893761664
0!
#71893761664
0"
#71893779024
1!
#71893779024
1"
#71893796384
0!
#71893796384
0"
#71893805064
1!
#71893805064
1"
#71893813744
0!
#71893813744
0"
#71893822424
1!
#71893822424
1"
#71893831104
0!
#71893831104
0"
#71893848464
1!
#71893848464
1"
#71893857144
0!
#71893857144
0"
#71893865824
1!
#71893865824
1"
#71893883184
0!
#71893883184
0"
#71893891864
1!
#71893891864
1"
#71893900544
0!
#71893900544
0"
#71893909224
1!
#71893909224
1"
#71893926584
0!
#71893926584
0"
#71893943944
1!
#71893943944
1"
#71893969984
0!
#71893969984
0"
#71893978664
1!
#71893978664
1"
#71893987344
0!
#71893987344
0"
#71894030744
1!
#71894030744
1"
#71894056784
0!
#71894056784
0"
#71894065464
1!
#71894065464
1"
#71894074144
0!
#71894074144
0"
#71894100184
1!
#71894100184
1"
#71894117544
0!
#71894117544
0"
#71894126224
1!
#71894126224
1"
#71894143584
0!
#71894143584
0"
#71894152264
1!
#71894152264
1"
#71894160944
0!
#71894160944
0"
#71894169624
1!
#71894169624
1"
#71894178304
0!
#71894178304
0"
#71894213024
1!
#71894213024
1"
#71894230384
0!
#71894230384
0"
#71894239064
1!
#71894239064
1"
#71894247744
0!
#71894247744
0"
#71894256424
1!
#71894256424
1"
#71894265104
0!
#71894265104
0"
#71894282464
1!
#71894282464
1"
#71894317184
0!
#71894317184
0"
#71894325864
1!
#71894325864
1"
#71894334544
0!
#71894334544
0"
#71894386624
1!
#71894386624
1"
#71894395304
0!
#71894395304
0"
#71894412664
1!
#71894412664
1"
#71894421344
0!
#71894421344
0"
#71894447384
1!
#71894447384
1"
#71894456064
0!
#71894456064
0"
#71894464744
1!
#71894464744
1"
#71894490784
0!
#71894490784
0"
#71894499464
1!
#71894499464
1"
#71894508144
0!
#71894508144
0"
#71894516824
1!
#71894516824
1"
#71894525504
0!
#71894525504
0"
#71894542864
1!
#71894542864
1"
#71894551544
0!
#71894551544
0"
#71894560224
1!
#71894560224
1"
#71894577584
0!
#71894577584
0"
#71894586264
1!
#71894586264
1"
#71894594944
0!
#71894594944
0"
#71894603624
1!
#71894603624
1"
#71894612304
0!
#71894612304
0"
#71894620984
1!
#71894620984
1"
#71894638344
0!
#71894638344
0"
#71894647024
1!
#71894647024
1"
#71894664384
0!
#71894664384
0"
#71894673064
1!
#71894673064
1"
#71894681744
0!
#71894681744
0"
#71894690424
1!
#71894690424
1"
#71894699104
0!
#71894699104
0"
#71894707784
1!
#71894707784
1"
#71894716464
0!
#71894716464
0"
#71894733824
1!
#71894733824
1"
#71894751184
0!
#71894751184
0"
#71894759864
1!
#71894759864
1"
#71894768544
0!
#71894768544
0"
#71894785904
1!
#71894785904
1"
#71894794584
0!
#71894794584
0"
#71894803264
1!
#71894803264
1"
#71894829304
0!
#71894829304
0"
#71894846664
1!
#71894846664
1"
#71894855344
0!
#71894855344
0"
#71894907424
1!
#71894907424
1"
#71894916104
0!
#71894916104
0"
#71894933464
1!
#71894933464
1"
#71894942144
0!
#71894942144
0"
#71894959504
1!
#71894959504
1"
#71894968184
0!
#71894968184
0"
#71894985544
1!
#71894985544
1"
#71895002904
0!
#71895002904
0"
#71895020264
1!
#71895020264
1"
#71895028944
0!
#71895028944
0"
#71895072344
1!
#71895072344
1"
#71895089704
0!
#71895089704
0"
#71895107064
1!
#71895107064
1"
#71895115744
0!
#71895115744
0"
#71895159144
1!
#71895159144
1"
#71895176504
0!
#71895176504
0"
#71895193864
1!
#71895193864
1"
#71895202544
0!
#71895202544
0"
#71895245944
1!
#71895245944
1"
#71895263304
0!
#71895263304
0"
#71895280664
1!
#71895280664
1"
#71895289344
0!
#71895289344
0"
#71895315384
1!
#71895315384
1"
#71895332744
0!
#71895332744
0"
#71895341424
1!
#71895341424
1"
#71895350104
0!
#71895350104
0"
#71895367464
1!
#71895367464
1"
#71895376144
0!
#71895376144
0"
#71895428224
1!
#71895428224
1"
#71895436904
0!
#71895436904
0"
#71895454264
1!
#71895454264
1"
#71895462944
0!
#71895462944
0"
#71895471624
1!
#71895471624
1"
#71895488984
0!
#71895488984
0"
#71895506344
1!
#71895506344
1"
#71895532384
0!
#71895532384
0"
#71895541064
1!
#71895541064
1"
#71895549744
0!
#71895549744
0"
#71895558424
1!
#71895558424
1"
#71895567104
0!
#71895567104
0"
#71895575784
1!
#71895575784
1"
#71895584464
0!
#71895584464
0"
#71895601824
1!
#71895601824
1"
#71895619184
0!
#71895619184
0"
#71895627864
1!
#71895627864
1"
#71895636544
0!
#71895636544
0"
#71895653904
1!
#71895653904
1"
#71895679944
0!
#71895679944
0"
#71895688624
1!
#71895688624
1"
#71895705984
0!
#71895705984
0"
#71895714664
1!
#71895714664
1"
#71895723344
0!
#71895723344
0"
#71895732024
1!
#71895732024
1"
#71895749384
0!
#71895749384
0"
#71895766744
1!
#71895766744
1"
#71895792784
0!
#71895792784
0"
#71895801464
1!
#71895801464
1"
#71895810144
0!
#71895810144
0"
#71895818824
1!
#71895818824
1"
#71895853544
0!
#71895853544
0"
#71895862224
1!
#71895862224
1"
#71895879584
0!
#71895879584
0"
#71895888264
1!
#71895888264
1"
#71895896944
0!
#71895896944
0"
#71895914304
1!
#71895914304
1"
#71895922984
0!
#71895922984
0"
#71895940344
1!
#71895940344
1"
#71895966384
0!
#71895966384
0"
#71895975064
1!
#71895975064
1"
#71895983744
0!
#71895983744
0"
#71896035824
1!
#71896035824
1"
#71896044504
0!
#71896044504
0"
#71896061864
1!
#71896061864
1"
#71896070544
0!
#71896070544
0"
#71896096584
1!
#71896096584
1"
#71896105264
0!
#71896105264
0"
#71896113944
1!
#71896113944
1"
#71896139984
0!
#71896139984
0"
#71896148664
1!
#71896148664
1"
#71896157344
0!
#71896157344
0"
#71896166024
1!
#71896166024
1"
#71896174704
0!
#71896174704
0"
#71896192064
1!
#71896192064
1"
#71896200744
0!
#71896200744
0"
#71896209424
1!
#71896209424
1"
#71896226784
0!
#71896226784
0"
#71896235464
1!
#71896235464
1"
#71896244144
0!
#71896244144
0"
#71896252824
1!
#71896252824
1"
#71896261504
0!
#71896261504
0"
#71896270184
1!
#71896270184
1"
#71896287544
0!
#71896287544
0"
#71896296224
1!
#71896296224
1"
#71896313584
0!
#71896313584
0"
#71896322264
1!
#71896322264
1"
#71896330944
0!
#71896330944
0"
#71896339624
1!
#71896339624
1"
#71896348304
0!
#71896348304
0"
#71896356984
1!
#71896356984
1"
#71896365664
0!
#71896365664
0"
#71896383024
1!
#71896383024
1"
#71896400384
0!
#71896400384
0"
#71896409064
1!
#71896409064
1"
#71896417744
0!
#71896417744
0"
#71896435104
1!
#71896435104
1"
#71896443784
0!
#71896443784
0"
#71896452464
1!
#71896452464
1"
#71896478504
0!
#71896478504
0"
#71896495864
1!
#71896495864
1"
#71896504544
0!
#71896504544
0"
#71896556624
1!
#71896556624
1"
#71896565304
0!
#71896565304
0"
#71896582664
1!
#71896582664
1"
#71896591344
0!
#71896591344
0"
#71896600024
1!
#71896600024
1"
#71896608704
0!
#71896608704
0"
#71896617384
1!
#71896617384
1"
#71896626064
0!
#71896626064
0"
#71896634744
1!
#71896634744
1"
#71896652104
0!
#71896652104
0"
#71896669464
1!
#71896669464
1"
#71896678144
0!
#71896678144
0"
#71896721544
1!
#71896721544
1"
#71896738904
0!
#71896738904
0"
#71896756264
1!
#71896756264
1"
#71896764944
0!
#71896764944
0"
#71896808344
1!
#71896808344
1"
#71896825704
0!
#71896825704
0"
#71896843064
1!
#71896843064
1"
#71896851744
0!
#71896851744
0"
#71896869104
1!
#71896869104
1"
#71896877784
0!
#71896877784
0"
#71896886464
1!
#71896886464
1"
#71896895144
0!
#71896895144
0"
#71896929864
1!
#71896929864
1"
#71896938544
0!
#71896938544
0"
#71897016664
1!
#71897016664
1"
#71897025344
0!
#71897025344
0"
#71897060064
1!
#71897060064
1"
#71897068744
0!
#71897068744
0"
#71897103464
1!
#71897103464
1"
#71897112144
0!
#71897112144
0"
#71897190264
1!
#71897190264
1"
#71897198944
0!
#71897198944
0"
#71897277064
1!
#71897277064
1"
#71897285744
0!
#71897285744
0"
#71897363864
1!
#71897363864
1"
#71897372544
0!
#71897372544
0"
#71897424624
1!
#71897424624
1"
#71897441984
0!
#71897441984
0"
#71897450664
1!
#71897450664
1"
#71897459344
0!
#71897459344
0"
#71897476704
1!
#71897476704
1"
#71897502744
0!
#71897502744
0"
#71897520104
1!
#71897520104
1"
#71897546144
0!
#71897546144
0"
#71897563504
1!
#71897563504
1"
#71897589544
0!
#71897589544
0"
#71897606904
1!
#71897606904
1"
#71897632944
0!
#71897632944
0"
#71897641624
1!
#71897641624
1"
#71897693704
0!
#71897693704
0"
#71897711064
1!
#71897711064
1"
#71897719744
0!
#71897719744
0"
#71897728424
1!
#71897728424
1"
#71897745784
0!
#71897745784
0"
#71897797864
1!
#71897797864
1"
#71897806544
0!
#71897806544
0"
#71897884664
1!
#71897884664
1"
#71897893344
0!
#71897893344
0"
#71897971464
1!
#71897971464
1"
#71897980144
0!
#71897980144
0"
#71898058264
1!
#71898058264
1"
#71898066944
0!
#71898066944
0"
#71898075624
1!
#71898075624
1"
#71898084304
0!
#71898084304
0"
#71898101664
1!
#71898101664
1"
#71898110344
0!
#71898110344
0"
#71898127704
1!
#71898127704
1"
#71898153744
0!
#71898153744
0"
#71898171104
1!
#71898171104
1"
#71898179784
0!
#71898179784
0"
#71898197144
1!
#71898197144
1"
#71898205824
0!
#71898205824
0"
#71898223184
1!
#71898223184
1"
#74409039744
0!
#74409039744
0"
#74409048424
1!
#74409048424
1"
#74409057104
0!
#74409057104
0"
#74409065784
1!
#74409065784
1"
#74409074464
0!
#74409074464
0"
#74409091824
1!
#74409091824
1"
#74409100504
0!
#74409100504
0"
#74409109184
1!
#74409109184
1"
#74409126544
0!
#74409126544
0"
#74409143904
1!
#74409143904
1"
#74409152584
0!
#74409152584
0"
#74409161264
1!
#74409161264
1"
#74409178624
0!
#74409178624
0"
#74409187304
1!
#74409187304
1"
#74409195984
0!
#74409195984
0"
#74409204664
1!
#74409204664
1"
#74409213344
0!
#74409213344
0"
#74409222024
1!
#74409222024
1"
#74409230704
0!
#74409230704
0"
#74409291464
1!
#74409291464
1"
#74409300144
0!
#74409300144
0"
#74409326184
1!
#74409326184
1"
#74409334864
0!
#74409334864
0"
#74409352224
1!
#74409352224
1"
#74409369584
0!
#74409369584
0"
#74409378264
1!
#74409378264
1"
#74409386944
0!
#74409386944
0"
#74409404304
1!
#74409404304
1"
#74409412984
0!
#74409412984
0"
#74409430344
1!
#74409430344
1"
#74409439024
0!
#74409439024
0"
#74409447704
1!
#74409447704
1"
#74409456384
0!
#74409456384
0"
#74409465064
1!
#74409465064
1"
#74409473744
0!
#74409473744
0"
#74409482424
1!
#74409482424
1"
#74409491104
0!
#74409491104
0"
#74409499784
1!
#74409499784
1"
#74409508464
0!
#74409508464
0"
#74409525824
1!
#74409525824
1"
#74409543184
0!
#74409543184
0"
#74409551864
1!
#74409551864
1"
#74409560544
0!
#74409560544
0"
#74409569224
1!
#74409569224
1"
#74409586584
0!
#74409586584
0"
#74409603944
1!
#74409603944
1"
#74409629984
0!
#74409629984
0"
#74409638664
1!
#74409638664
1"
#74409647344
0!
#74409647344
0"
#74409656024
1!
#74409656024
1"
#74409664704
0!
#74409664704
0"
#74409673384
1!
#74409673384
1"
#74409682064
0!
#74409682064
0"
#74409690744
1!
#74409690744
1"
#74409716784
0!
#74409716784
0"
#74409725464
1!
#74409725464
1"
#74409734144
0!
#74409734144
0"
#74409760184
1!
#74409760184
1"
#74409777544
0!
#74409777544
0"
#74409786224
1!
#74409786224
1"
#74409803584
0!
#74409803584
0"
#74409812264
1!
#74409812264
1"
#74409820944
0!
#74409820944
0"
#74409846984
1!
#74409846984
1"
#74409855664
0!
#74409855664
0"
#74409864344
1!
#74409864344
1"
#74409890384
0!
#74409890384
0"
#74409899064
1!
#74409899064
1"
#74409907744
0!
#74409907744
0"
#74409925104
1!
#74409925104
1"
#74409933784
0!
#74409933784
0"
#74409942464
1!
#74409942464
1"
#74409968504
0!
#74409968504
0"
#74409985864
1!
#74409985864
1"
#74409994544
0!
#74409994544
0"
#74410046624
1!
#74410046624
1"
#74410055304
0!
#74410055304
0"
#74410072664
1!
#74410072664
1"
#74410081344
0!
#74410081344
0"
#74410090024
1!
#74410090024
1"
#74410116064
0!
#74410116064
0"
#74410133424
1!
#74410133424
1"
#74410150784
0!
#74410150784
0"
#74410159464
1!
#74410159464
1"
#74410168144
0!
#74410168144
0"
#74410202864
1!
#74410202864
1"
#74410237584
0!
#74410237584
0"
#74410246264
1!
#74410246264
1"
#74410254944
0!
#74410254944
0"
#74410272304
1!
#74410272304
1"
#74410280984
0!
#74410280984
0"
#74410289664
1!
#74410289664
1"
#74410315704
0!
#74410315704
0"
#74410333064
1!
#74410333064
1"
#74410341744
0!
#74410341744
0"
#74410393824
1!
#74410393824
1"
#74410402504
0!
#74410402504
0"
#74410419864
1!
#74410419864
1"
#74410428544
0!
#74410428544
0"
#74410480624
1!
#74410480624
1"
#74410489304
0!
#74410489304
0"
#74410506664
1!
#74410506664
1"
#74410515344
0!
#74410515344
0"
#74410567424
1!
#74410567424
1"
#74410576104
0!
#74410576104
0"
#74410593464
1!
#74410593464
1"
#74410602144
0!
#74410602144
0"
#74410654224
1!
#74410654224
1"
#74410662904
0!
#74410662904
0"
#74410680264
1!
#74410680264
1"
#74410688944
0!
#74410688944
0"
#74410741024
1!
#74410741024
1"
#74410749704
0!
#74410749704
0"
#74410767064
1!
#74410767064
1"
#74410775744
0!
#74410775744
0"
#74410827824
1!
#74410827824
1"
#74410836504
0!
#74410836504
0"
#74410853864
1!
#74410853864
1"
#74410862544
0!
#74410862544
0"
#74410905944
1!
#74410905944
1"
#74410923304
0!
#74410923304
0"
#74410940664
1!
#74410940664
1"
#74410949344
0!
#74410949344
0"
#74410966704
1!
#74410966704
1"
#74410992744
0!
#74410992744
0"
#74411001424
1!
#74411001424
1"
#74411010104
0!
#74411010104
0"
#74411027464
1!
#74411027464
1"
#74411036144
0!
#74411036144
0"
#74411079544
1!
#74411079544
1"
#74411096904
0!
#74411096904
0"
#74411114264
1!
#74411114264
1"
#74411122944
0!
#74411122944
0"
#74411148984
1!
#74411148984
1"
#74411166344
0!
#74411166344
0"
#74411175024
1!
#74411175024
1"
#74411183704
0!
#74411183704
0"
#74411201064
1!
#74411201064
1"
#74411209744
0!
#74411209744
0"
#74411261824
1!
#74411261824
1"
#74411270504
0!
#74411270504
0"
#74411287864
1!
#74411287864
1"
#74411296544
0!
#74411296544
0"
#74411305224
1!
#74411305224
1"
#74411331264
0!
#74411331264
0"
#74411348624
1!
#74411348624
1"
#74411365984
0!
#74411365984
0"
#74411374664
1!
#74411374664
1"
#74411383344
0!
#74411383344
0"
#74411392024
1!
#74411392024
1"
#74411400704
0!
#74411400704
0"
#74411418064
1!
#74411418064
1"
#74411452784
0!
#74411452784
0"
#74411461464
1!
#74411461464
1"
#74411470144
0!
#74411470144
0"
#74411487504
1!
#74411487504
1"
#74411496184
0!
#74411496184
0"
#74411504864
1!
#74411504864
1"
#74411530904
0!
#74411530904
0"
#74411548264
1!
#74411548264
1"
#74411556944
0!
#74411556944
0"
#74411609024
1!
#74411609024
1"
#74411617704
0!
#74411617704
0"
#74411635064
1!
#74411635064
1"
#74411643744
0!
#74411643744
0"
#74411695824
1!
#74411695824
1"
#74411704504
0!
#74411704504
0"
#74411721864
1!
#74411721864
1"
#74411730544
0!
#74411730544
0"
#74411782624
1!
#74411782624
1"
#74411791304
0!
#74411791304
0"
#74411808664
1!
#74411808664
1"
#74411817344
0!
#74411817344
0"
#74411869424
1!
#74411869424
1"
#74411878104
0!
#74411878104
0"
#74411895464
1!
#74411895464
1"
#74411904144
0!
#74411904144
0"
#74411956224
1!
#74411956224
1"
#74411964904
0!
#74411964904
0"
#74411982264
1!
#74411982264
1"
#74411990944
0!
#74411990944
0"
#74412043024
1!
#74412043024
1"
#74412051704
0!
#74412051704
0"
#74412069064
1!
#74412069064
1"
#74412077744
0!
#74412077744
0"
#74412121144
1!
#74412121144
1"
#74412138504
0!
#74412138504
0"
#74412155864
1!
#74412155864
1"
#74412164544
0!
#74412164544
0"
#74412181904
1!
#74412181904
1"
#74412207944
0!
#74412207944
0"
#74412216624
1!
#74412216624
1"
#74412225304
0!
#74412225304
0"
#74412242664
1!
#74412242664
1"
#74412251344
0!
#74412251344
0"
#74412294744
1!
#74412294744
1"
#74412312104
0!
#74412312104
0"
#74412329464
1!
#74412329464
1"
#74412338144
0!
#74412338144
0"
#74412364184
1!
#74412364184
1"
#74412381544
0!
#74412381544
0"
#74412390224
1!
#74412390224
1"
#74412398904
0!
#74412398904
0"
#74412416264
1!
#74412416264
1"
#74412424944
0!
#74412424944
0"
#74412477024
1!
#74412477024
1"
#74412485704
0!
#74412485704
0"
#74412503064
1!
#74412503064
1"
#74412511744
0!
#74412511744
0"
#74412520424
1!
#74412520424
1"
#74412546464
0!
#74412546464
0"
#74412563824
1!
#74412563824
1"
#74412581184
0!
#74412581184
0"
#74412589864
1!
#74412589864
1"
#74412598544
0!
#74412598544
0"
#74412615904
1!
#74412615904
1"
#74412624584
0!
#74412624584
0"
#74412633264
1!
#74412633264
1"
#74412667984
0!
#74412667984
0"
#74412676664
1!
#74412676664
1"
#74412685344
0!
#74412685344
0"
#74412702704
1!
#74412702704
1"
#74412711384
0!
#74412711384
0"
#74412720064
1!
#74412720064
1"
#74412746104
0!
#74412746104
0"
#74412763464
1!
#74412763464
1"
#74412772144
0!
#74412772144
0"
#74412824224
1!
#74412824224
1"
#74412832904
0!
#74412832904
0"
#74412850264
1!
#74412850264
1"
#74412858944
0!
#74412858944
0"
#74412911024
1!
#74412911024
1"
#74412919704
0!
#74412919704
0"
#74412937064
1!
#74412937064
1"
#74412945744
0!
#74412945744
0"
#74412997824
1!
#74412997824
1"
#74413006504
0!
#74413006504
0"
#74413023864
1!
#74413023864
1"
#74413032544
0!
#74413032544
0"
#74413084624
1!
#74413084624
1"
#74413093304
0!
#74413093304
0"
#74413110664
1!
#74413110664
1"
#74413119344
0!
#74413119344
0"
#74413171424
1!
#74413171424
1"
#74413180104
0!
#74413180104
0"
#74413197464
1!
#74413197464
1"
#74413206144
0!
#74413206144
0"
#74413258224
1!
#74413258224
1"
#74413266904
0!
#74413266904
0"
#74413284264
1!
#74413284264
1"
#74413292944
0!
#74413292944
0"
#74413336344
1!
#74413336344
1"
#74413353704
0!
#74413353704
0"
#74413371064
1!
#74413371064
1"
#74413379744
0!
#74413379744
0"
#74413397104
1!
#74413397104
1"
#74413423144
0!
#74413423144
0"
#74413431824
1!
#74413431824
1"
#74413440504
0!
#74413440504
0"
#74413457864
1!
#74413457864
1"
#74413466544
0!
#74413466544
0"
#74413509944
1!
#74413509944
1"
#74413527304
0!
#74413527304
0"
#74413544664
1!
#74413544664
1"
#74413553344
0!
#74413553344
0"
#74413579384
1!
#74413579384
1"
#74413596744
0!
#74413596744
0"
#74413605424
1!
#74413605424
1"
#74413614104
0!
#74413614104
0"
#74413631464
1!
#74413631464
1"
#74413640144
0!
#74413640144
0"
#74413692224
1!
#74413692224
1"
#74413700904
0!
#74413700904
0"
#74413718264
1!
#74413718264
1"
#74413726944
0!
#74413726944
0"
#74413752984
1!
#74413752984
1"
#74413761664
0!
#74413761664
0"
#74413779024
1!
#74413779024
1"
#74413796384
0!
#74413796384
0"
#74413805064
1!
#74413805064
1"
#74413813744
0!
#74413813744
0"
#74413822424
1!
#74413822424
1"
#74413831104
0!
#74413831104
0"
#74413848464
1!
#74413848464
1"
#74413857144
0!
#74413857144
0"
#74413865824
1!
#74413865824
1"
#74413883184
0!
#74413883184
0"
#74413891864
1!
#74413891864
1"
#74413900544
0!
#74413900544
0"
#74413909224
1!
#74413909224
1"
#74413926584
0!
#74413926584
0"
#74413943944
1!
#74413943944
1"
#74413969984
0!
#74413969984
0"
#74413978664
1!
#74413978664
1"
#74413987344
0!
#74413987344
0"
#74414030744
1!
#74414030744
1"
#74414056784
0!
#74414056784
0"
#74414065464
1!
#74414065464
1"
#74414074144
0!
#74414074144
0"
#74414100184
1!
#74414100184
1"
#74414117544
0!
#74414117544
0"
#74414126224
1!
#74414126224
1"
#74414143584
0!
#74414143584
0"
#74414152264
1!
#74414152264
1"
#74414160944
0!
#74414160944
0"
#74414169624
1!
#74414169624
1"
#74414178304
0!
#74414178304
0"
#74414213024
1!
#74414213024
1"
#74414230384
0!
#74414230384
0"
#74414239064
1!
#74414239064
1"
#74414247744
0!
#74414247744
0"
#74414256424
1!
#74414256424
1"
#74414265104
0!
#74414265104
0"
#74414282464
1!
#74414282464
1"
#74414317184
0!
#74414317184
0"
#74414325864
1!
#74414325864
1"
#74414334544
0!
#74414334544
0"
#74414386624
1!
#74414386624
1"
#74414395304
0!
#74414395304
0"
#74414412664
1!
#74414412664
1"
#74414421344
0!
#74414421344
0"
#74414447384
1!
#74414447384
1"
#74414456064
0!
#74414456064
0"
#74414464744
1!
#74414464744
1"
#74414490784
0!
#74414490784
0"
#74414499464
1!
#74414499464
1"
#74414508144
0!
#74414508144
0"
#74414516824
1!
#74414516824
1"
#74414525504
0!
#74414525504
0"
#74414542864
1!
#74414542864
1"
#74414551544
0!
#74414551544
0"
#74414560224
1!
#74414560224
1"
#74414577584
0!
#74414577584
0"
#74414586264
1!
#74414586264
1"
#74414594944
0!
#74414594944
0"
#74414603624
1!
#74414603624
1"
#74414612304
0!
#74414612304
0"
#74414620984
1!
#74414620984
1"
#74414638344
0!
#74414638344
0"
#74414647024
1!
#74414647024
1"
#74414664384
0!
#74414664384
0"
#74414673064
1!
#74414673064
1"
#74414681744
0!
#74414681744
0"
#74414690424
1!
#74414690424
1"
#74414699104
0!
#74414699104
0"
#74414707784
1!
#74414707784
1"
#74414716464
0!
#74414716464
0"
#74414733824
1!
#74414733824
1"
#74414751184
0!
#74414751184
0"
#74414759864
1!
#74414759864
1"
#74414768544
0!
#74414768544
0"
#74414785904
1!
#74414785904
1"
#74414794584
0!
#74414794584
0"
#74414803264
1!
#74414803264
1"
#74414829304
0!
#74414829304
0"
#74414846664
1!
#74414846664
1"
#74414855344
0!
#74414855344
0"
#74414907424
1!
#74414907424
1"
#74414916104
0!
#74414916104
0"
#74414933464
1!
#74414933464
1"
#74414942144
0!
#74414942144
0"
#74414959504
1!
#74414959504
1"
#74414968184
0!
#74414968184
0"
#74414985544
1!
#74414985544
1"
#74415002904
0!
#74415002904
0"
#74415020264
1!
#74415020264
1"
#74415028944
0!
#74415028944
0"
#74415072344
1!
#74415072344
1"
#74415089704
0!
#74415089704
0"
#74415107064
1!
#74415107064
1"
#74415115744
0!
#74415115744
0"
#74415159144
1!
#74415159144
1"
#74415176504
0!
#74415176504
0"
#74415193864
1!
#74415193864
1"
#74415202544
0!
#74415202544
0"
#74415245944
1!
#74415245944
1"
#74415263304
0!
#74415263304
0"
#74415280664
1!
#74415280664
1"
#74415289344
0!
#74415289344
0"
#74415315384
1!
#74415315384
1"
#74415332744
0!
#74415332744
0"
#74415341424
1!
#74415341424
1"
#74415350104
0!
#74415350104
0"
#74415367464
1!
#74415367464
1"
#74415376144
0!
#74415376144
0"
#74415428224
1!
#74415428224
1"
#74415436904
0!
#74415436904
0"
#74415454264
1!
#74415454264
1"
#74415462944
0!
#74415462944
0"
#74415471624
1!
#74415471624
1"
#74415488984
0!
#74415488984
0"
#74415506344
1!
#74415506344
1"
#74415532384
0!
#74415532384
0"
#74415541064
1!
#74415541064
1"
#74415549744
0!
#74415549744
0"
#74415558424
1!
#74415558424
1"
#74415567104
0!
#74415567104
0"
#74415575784
1!
#74415575784
1"
#74415584464
0!
#74415584464
0"
#74415601824
1!
#74415601824
1"
#74415619184
0!
#74415619184
0"
#74415627864
1!
#74415627864
1"
#74415636544
0!
#74415636544
0"
#74415653904
1!
#74415653904
1"
#74415679944
0!
#74415679944
0"
#74415688624
1!
#74415688624
1"
#74415705984
0!
#74415705984
0"
#74415714664
1!
#74415714664
1"
#74415723344
0!
#74415723344
0"
#74415732024
1!
#74415732024
1"
#74415749384
0!
#74415749384
0"
#74415766744
1!
#74415766744
1"
#74415792784
0!
#74415792784
0"
#74415801464
1!
#74415801464
1"
#74415810144
0!
#74415810144
0"
#74415818824
1!
#74415818824
1"
#74415853544
0!
#74415853544
0"
#74415862224
1!
#74415862224
1"
#74415879584
0!
#74415879584
0"
#74415888264
1!
#74415888264
1"
#74415896944
0!
#74415896944
0"
#74415914304
1!
#74415914304
1"
#74415922984
0!
#74415922984
0"
#74415940344
1!
#74415940344
1"
#74415966384
0!
#74415966384
0"
#74415975064
1!
#74415975064
1"
#74415983744
0!
#74415983744
0"
#74416035824
1!
#74416035824
1"
#74416044504
0!
#74416044504
0"
#74416061864
1!
#74416061864
1"
#74416070544
0!
#74416070544
0"
#74416096584
1!
#74416096584
1"
#74416105264
0!
#74416105264
0"
#74416113944
1!
#74416113944
1"
#74416139984
0!
#74416139984
0"
#74416148664
1!
#74416148664
1"
#74416157344
0!
#74416157344
0"
#74416166024
1!
#74416166024
1"
#74416174704
0!
#74416174704
0"
#74416192064
1!
#74416192064
1"
#74416200744
0!
#74416200744
0"
#74416209424
1!
#74416209424
1"
#74416226784
0!
#74416226784
0"
#74416235464
1!
#74416235464
1"
#74416244144
0!
#74416244144
0"
#74416252824
1!
#74416252824
1"
#74416261504
0!
#74416261504
0"
#74416270184
1!
#74416270184
1"
#74416287544
0!
#74416287544
0"
#74416296224
1!
#74416296224
1"
#74416313584
0!
#74416313584
0"
#74416322264
1!
#74416322264
1"
#74416330944
0!
#74416330944
0"
#74416339624
1!
#74416339624
1"
#74416348304
0!
#74416348304
0"
#74416356984
1!
#74416356984
1"
#74416365664
0!
#74416365664
0"
#74416383024
1!
#74416383024
1"
#74416400384
0!
#74416400384
0"
#74416409064
1!
#74416409064
1"
#74416417744
0!
#74416417744
0"
#74416435104
1!
#74416435104
1"
#74416443784
0!
#74416443784
0"
#74416452464
1!
#74416452464
1"
#74416478504
0!
#74416478504
0"
#74416495864
1!
#74416495864
1"
#74416504544
0!
#74416504544
0"
#74416556624
1!
#74416556624
1"
#74416565304
0!
#74416565304
0"
#74416582664
1!
#74416582664
1"
#74416591344
0!
#74416591344
0"
#74416600024
1!
#74416600024
1"
#74416608704
0!
#74416608704
0"
#74416617384
1!
#74416617384
1"
#74416626064
0!
#74416626064
0"
#74416634744
1!
#74416634744
1"
#74416652104
0!
#74416652104
0"
#74416669464
1!
#74416669464
1"
#74416678144
0!
#74416678144
0"
#74416721544
1!
#74416721544
1"
#74416738904
0!
#74416738904
0"
#74416756264
1!
#74416756264
1"
#74416764944
0!
#74416764944
0"
#74416808344
1!
#74416808344
1"
#74416825704
0!
#74416825704
0"
#74416843064
1!
#74416843064
1"
#74416851744
0!
#74416851744
0"
#74416869104
1!
#74416869104
1"
#74416877784
0!
#74416877784
0"
#74416886464
1!
#74416886464
1"
#74416895144
0!
#74416895144
0"
#74416929864
1!
#74416929864
1"
#74416938544
0!
#74416938544
0"
#74417016664
1!
#74417016664
1"
#74417025344
0!
#74417025344
0"
#74417060064
1!
#74417060064
1"
#74417068744
0!
#74417068744
0"
#74417103464
1!
#74417103464
1"
#74417112144
0!
#74417112144
0"
#74417190264
1!
#74417190264
1"
#74417198944
0!
#74417198944
0"
#74417277064
1!
#74417277064
1"
#74417285744
0!
#74417285744
0"
#74417363864
1!
#74417363864
1"
#74417372544
0!
#74417372544
0"
#74417424624
1!
#74417424624
1"
#74417441984
0!
#74417441984
0"
#74417450664
1!
#74417450664
1"
#74417459344
0!
#74417459344
0"
#74417476704
1!
#74417476704
1"
#74417502744
0!
#74417502744
0"
#74417520104
1!
#74417520104
1"
#74417546144
0!
#74417546144
0"
#74417563504
1!
#74417563504
1"
#74417589544
0!
#74417589544
0"
#74417606904
1!
#74417606904
1"
#74417632944
0!
#74417632944
0"
#74417641624
1!
#74417641624
1"
#74417693704
0!
#74417693704
0"
#74417711064
1!
#74417711064
1"
#74417719744
0!
#74417719744
0"
#74417728424
1!
#74417728424
1"
#74417745784
0!
#74417745784
0"
#74417797864
1!
#74417797864
1"
#74417806544
0!
#74417806544
0"
#74417884664
1!
#74417884664
1"
#74417893344
0!
#74417893344
0"
#74417971464
1!
#74417971464
1"
#74417980144
0!
#74417980144
0"
#74418058264
1!
#74418058264
1"
#74418066944
0!
#74418066944
0"
#74418075624
1!
#74418075624
1"
#74418084304
0!
#74418084304
0"
#74418101664
1!
#74418101664
1"
#74418110344
0!
#74418110344
0"
#74418127704
1!
#74418127704
1"
#74418153744
0!
#74418153744
0"
#74418171104
1!
#74418171104
1"
#74418179784
0!
#74418179784
0"
#74418197144
1!
#74418197144
1"
#74418205824
0!
#74418205824
0"
#74418223184
1!
#74418223184
1"
#76929039744
0!
#76929039744
0"
#76929048424
1!
#76929048424
1"
#76929057104
0!
#76929057104
0"
#76929065784
1!
#76929065784
1"
#76929074464
0!
#76929074464
0"
#76929091824
1!
#76929091824
1"
#76929100504
0!
#76929100504
0"
#76929109184
1!
#76929109184
1"
#76929126544
0!
#76929126544
0"
#76929143904
1!
#76929143904
1"
#76929152584
0!
#76929152584
0"
#76929161264
1!
#76929161264
1"
#76929178624
0!
#76929178624
0"
#76929187304
1!
#76929187304
1"
#76929195984
0!
#76929195984
0"
#76929204664
1!
#76929204664
1"
#76929213344
0!
#76929213344
0"
#76929222024
1!
#76929222024
1"
#76929230704
0!
#76929230704
0"
#76929291464
1!
#76929291464
1"
#76929300144
0!
#76929300144
0"
#76929326184
1!
#76929326184
1"
#76929334864
0!
#76929334864
0"
#76929352224
1!
#76929352224
1"
#76929369584
0!
#76929369584
0"
#76929378264
1!
#76929378264
1"
#76929386944
0!
#76929386944
0"
#76929404304
1!
#76929404304
1"
#76929412984
0!
#76929412984
0"
#76929430344
1!
#76929430344
1"
#76929439024
0!
#76929439024
0"
#76929447704
1!
#76929447704
1"
#76929456384
0!
#76929456384
0"
#76929465064
1!
#76929465064
1"
#76929473744
0!
#76929473744
0"
#76929482424
1!
#76929482424
1"
#76929491104
0!
#76929491104
0"
#76929499784
1!
#76929499784
1"
#76929508464
0!
#76929508464
0"
#76929525824
1!
#76929525824
1"
#76929543184
0!
#76929543184
0"
#76929551864
1!
#76929551864
1"
#76929560544
0!
#76929560544
0"
#76929569224
1!
#76929569224
1"
#76929586584
0!
#76929586584
0"
#76929603944
1!
#76929603944
1"
#76929629984
0!
#76929629984
0"
#76929638664
1!
#76929638664
1"
#76929647344
0!
#76929647344
0"
#76929656024
1!
#76929656024
1"
#76929664704
0!
#76929664704
0"
#76929673384
1!
#76929673384
1"
#76929682064
0!
#76929682064
0"
#76929690744
1!
#76929690744
1"
#76929716784
0!
#76929716784
0"
#76929725464
1!
#76929725464
1"
#76929734144
0!
#76929734144
0"
#76929760184
1!
#76929760184
1"
#76929777544
0!
#76929777544
0"
#76929786224
1!
#76929786224
1"
#76929803584
0!
#76929803584
0"
#76929812264
1!
#76929812264
1"
#76929820944
0!
#76929820944
0"
#76929846984
1!
#76929846984
1"
#76929855664
0!
#76929855664
0"
#76929864344
1!
#76929864344
1"
#76929890384
0!
#76929890384
0"
#76929899064
1!
#76929899064
1"
#76929907744
0!
#76929907744
0"
#76929925104
1!
#76929925104
1"
#76929933784
0!
#76929933784
0"
#76929942464
1!
#76929942464
1"
#76929968504
0!
#76929968504
0"
#76929985864
1!
#76929985864
1"
#76929994544
0!
#76929994544
0"
#76930046624
1!
#76930046624
1"
#76930055304
0!
#76930055304
0"
#76930072664
1!
#76930072664
1"
#76930081344
0!
#76930081344
0"
#76930090024
1!
#76930090024
1"
#76930116064
0!
#76930116064
0"
#76930133424
1!
#76930133424
1"
#76930150784
0!
#76930150784
0"
#76930159464
1!
#76930159464
1"
#76930168144
0!
#76930168144
0"
#76930202864
1!
#76930202864
1"
#76930237584
0!
#76930237584
0"
#76930246264
1!
#76930246264
1"
#76930254944
0!
#76930254944
0"
#76930272304
1!
#76930272304
1"
#76930280984
0!
#76930280984
0"
#76930289664
1!
#76930289664
1"
#76930315704
0!
#76930315704
0"
#76930333064
1!
#76930333064
1"
#76930341744
0!
#76930341744
0"
#76930393824
1!
#76930393824
1"
#76930402504
0!
#76930402504
0"
#76930419864
1!
#76930419864
1"
#76930428544
0!
#76930428544
0"
#76930480624
1!
#76930480624
1"
#76930489304
0!
#76930489304
0"
#76930506664
1!
#76930506664
1"
#76930515344
0!
#76930515344
0"
#76930567424
1!
#76930567424
1"
#76930576104
0!
#76930576104
0"
#76930593464
1!
#76930593464
1"
#76930602144
0!
#76930602144
0"
#76930654224
1!
#76930654224
1"
#76930662904
0!
#76930662904
0"
#76930680264
1!
#76930680264
1"
#76930688944
0!
#76930688944
0"
#76930741024
1!
#76930741024
1"
#76930749704
0!
#76930749704
0"
#76930767064
1!
#76930767064
1"
#76930775744
0!
#76930775744
0"
#76930827824
1!
#76930827824
1"
#76930836504
0!
#76930836504
0"
#76930853864
1!
#76930853864
1"
#76930862544
0!
#76930862544
0"
#76930905944
1!
#76930905944
1"
#76930923304
0!
#76930923304
0"
#76930940664
1!
#76930940664
1"
#76930949344
0!
#76930949344
0"
#76930966704
1!
#76930966704
1"
#76930992744
0!
#76930992744
0"
#76931001424
1!
#76931001424
1"
#76931010104
0!
#76931010104
0"
#76931027464
1!
#76931027464
1"
#76931036144
0!
#76931036144
0"
#76931079544
1!
#76931079544
1"
#76931096904
0!
#76931096904
0"
#76931114264
1!
#76931114264
1"
#76931122944
0!
#76931122944
0"
#76931148984
1!
#76931148984
1"
#76931166344
0!
#76931166344
0"
#76931175024
1!
#76931175024
1"
#76931183704
0!
#76931183704
0"
#76931201064
1!
#76931201064
1"
#76931209744
0!
#76931209744
0"
#76931261824
1!
#76931261824
1"
#76931270504
0!
#76931270504
0"
#76931287864
1!
#76931287864
1"
#76931296544
0!
#76931296544
0"
#76931305224
1!
#76931305224
1"
#76931331264
0!
#76931331264
0"
#76931348624
1!
#76931348624
1"
#76931365984
0!
#76931365984
0"
#76931374664
1!
#76931374664
1"
#76931383344
0!
#76931383344
0"
#76931392024
1!
#76931392024
1"
#76931400704
0!
#76931400704
0"
#76931418064
1!
#76931418064
1"
#76931452784
0!
#76931452784
0"
#76931461464
1!
#76931461464
1"
#76931470144
0!
#76931470144
0"
#76931487504
1!
#76931487504
1"
#76931496184
0!
#76931496184
0"
#76931504864
1!
#76931504864
1"
#76931530904
0!
#76931530904
0"
#76931548264
1!
#76931548264
1"
#76931556944
0!
#76931556944
0"
#76931609024
1!
#76931609024
1"
#76931617704
0!
#76931617704
0"
#76931635064
1!
#76931635064
1"
#76931643744
0!
#76931643744
0"
#76931695824
1!
#76931695824
1"
#76931704504
0!
#76931704504
0"
#76931721864
1!
#76931721864
1"
#76931730544
0!
#76931730544
0"
#76931782624
1!
#76931782624
1"
#76931791304
0!
#76931791304
0"
#76931808664
1!
#76931808664
1"
#76931817344
0!
#76931817344
0"
#76931869424
1!
#76931869424
1"
#76931878104
0!
#76931878104
0"
#76931895464
1!
#76931895464
1"
#76931904144
0!
#76931904144
0"
#76931956224
1!
#76931956224
1"
#76931964904
0!
#76931964904
0"
#76931982264
1!
#76931982264
1"
#76931990944
0!
#76931990944
0"
#76932043024
1!
#76932043024
1"
#76932051704
0!
#76932051704
0"
#76932069064
1!
#76932069064
1"
#76932077744
0!
#76932077744
0"
#76932121144
1!
#76932121144
1"
#76932138504
0!
#76932138504
0"
#76932155864
1!
#76932155864
1"
#76932164544
0!
#76932164544
0"
#76932181904
1!
#76932181904
1"
#76932207944
0!
#76932207944
0"
#76932216624
1!
#76932216624
1"
#76932225304
0!
#76932225304
0"
#76932242664
1!
#76932242664
1"
#76932251344
0!
#76932251344
0"
#76932294744
1!
#76932294744
1"
#76932312104
0!
#76932312104
0"
#76932329464
1!
#76932329464
1"
#76932338144
0!
#76932338144
0"
#76932364184
1!
#76932364184
1"
#76932381544
0!
#76932381544
0"
#76932390224
1!
#76932390224
1"
#76932398904
0!
#76932398904
0"
#76932416264
1!
#76932416264
1"
#76932424944
0!
#76932424944
0"
#76932477024
1!
#76932477024
1"
#76932485704
0!
#76932485704
0"
#76932503064
1!
#76932503064
1"
#76932511744
0!
#76932511744
0"
#76932520424
1!
#76932520424
1"
#76932546464
0!
#76932546464
0"
#76932563824
1!
#76932563824
1"
#76932581184
0!
#76932581184
0"
#76932589864
1!
#76932589864
1"
#76932598544
0!
#76932598544
0"
#76932615904
1!
#76932615904
1"
#76932624584
0!
#76932624584
0"
#76932633264
1!
#76932633264
1"
#76932667984
0!
#76932667984
0"
#76932676664
1!
#76932676664
1"
#76932685344
0!
#76932685344
0"
#76932702704
1!
#76932702704
1"
#76932711384
0!
#76932711384
0"
#76932720064
1!
#76932720064
1"
#76932746104
0!
#76932746104
0"
#76932763464
1!
#76932763464
1"
#76932772144
0!
#76932772144
0"
#76932824224
1!
#76932824224
1"
#76932832904
0!
#76932832904
0"
#76932850264
1!
#76932850264
1"
#76932858944
0!
#76932858944
0"
#76932911024
1!
#76932911024
1"
#76932919704
0!
#76932919704
0"
#76932937064
1!
#76932937064
1"
#76932945744
0!
#76932945744
0"
#76932997824
1!
#76932997824
1"
#76933006504
0!
#76933006504
0"
#76933023864
1!
#76933023864
1"
#76933032544
0!
#76933032544
0"
#76933084624
1!
#76933084624
1"
#76933093304
0!
#76933093304
0"
#76933110664
1!
#76933110664
1"
#76933119344
0!
#76933119344
0"
#76933171424
1!
#76933171424
1"
#76933180104
0!
#76933180104
0"
#76933197464
1!
#76933197464
1"
#76933206144
0!
#76933206144
0"
#76933258224
1!
#76933258224
1"
#76933266904
0!
#76933266904
0"
#76933284264
1!
#76933284264
1"
#76933292944
0!
#76933292944
0"
#76933336344
1!
#76933336344
1"
#76933353704
0!
#76933353704
0"
#76933371064
1!
#76933371064
1"
#76933379744
0!
#76933379744
0"
#76933397104
1!
#76933397104
1"
#76933423144
0!
#76933423144
0"
#76933431824
1!
#76933431824
1"
#76933440504
0!
#76933440504
0"
#76933457864
1!
#76933457864
1"
#76933466544
0!
#76933466544
0"
#76933509944
1!
#76933509944
1"
#76933527304
0!
#76933527304
0"
#76933544664
1!
#76933544664
1"
#76933553344
0!
#76933553344
0"
#76933579384
1!
#76933579384
1"
#76933596744
0!
#76933596744
0"
#76933605424
1!
#76933605424
1"
#76933614104
0!
#76933614104
0"
#76933631464
1!
#76933631464
1"
#76933640144
0!
#76933640144
0"
#76933692224
1!
#76933692224
1"
#76933700904
0!
#76933700904
0"
#76933718264
1!
#76933718264
1"
#76933726944
0!
#76933726944
0"
#76933752984
1!
#76933752984
1"
#76933761664
0!
#76933761664
0"
#76933779024
1!
#76933779024
1"
#76933796384
0!
#76933796384
0"
#76933805064
1!
#76933805064
1"
#76933813744
0!
#76933813744
0"
#76933822424
1!
#76933822424
1"
#76933831104
0!
#76933831104
0"
#76933848464
1!
#76933848464
1"
#76933857144
0!
#76933857144
0"
#76933865824
1!
#76933865824
1"
#76933883184
0!
#76933883184
0"
#76933891864
1!
#76933891864
1"
#76933900544
0!
#76933900544
0"
#76933909224
1!
#76933909224
1"
#76933926584
0!
#76933926584
0"
#76933943944
1!
#76933943944
1"
#76933969984
0!
#76933969984
0"
#76933978664
1!
#76933978664
1"
#76933987344
0!
#76933987344
0"
#76934030744
1!
#76934030744
1"
#76934056784
0!
#76934056784
0"
#76934065464
1!
#76934065464
1"
#76934074144
0!
#76934074144
0"
#76934100184
1!
#76934100184
1"
#76934117544
0!
#76934117544
0"
#76934126224
1!
#76934126224
1"
#76934143584
0!
#76934143584
0"
#76934152264
1!
#76934152264
1"
#76934160944
0!
#76934160944
0"
#76934169624
1!
#76934169624
1"
#76934178304
0!
#76934178304
0"
#76934213024
1!
#76934213024
1"
#76934230384
0!
#76934230384
0"
#76934239064
1!
#76934239064
1"
#76934247744
0!
#76934247744
0"
#76934256424
1!
#76934256424
1"
#76934265104
0!
#76934265104
0"
#76934282464
1!
#76934282464
1"
#76934317184
0!
#76934317184
0"
#76934325864
1!
#76934325864
1"
#76934334544
0!
#76934334544
0"
#76934386624
1!
#76934386624
1"
#76934395304
0!
#76934395304
0"
#76934412664
1!
#76934412664
1"
#76934421344
0!
#76934421344
0"
#76934447384
1!
#76934447384
1"
#76934456064
0!
#76934456064
0"
#76934464744
1!
#76934464744
1"
#76934490784
0!
#76934490784
0"
#76934499464
1!
#76934499464
1"
#76934508144
0!
#76934508144
0"
#76934516824
1!
#76934516824
1"
#76934525504
0!
#76934525504
0"
#76934542864
1!
#76934542864
1"
#76934551544
0!
#76934551544
0"
#76934560224
1!
#76934560224
1"
#76934577584
0!
#76934577584
0"
#76934586264
1!
#76934586264
1"
#76934594944
0!
#76934594944
0"
#76934603624
1!
#76934603624
1"
#76934612304
0!
#76934612304
0"
#76934620984
1!
#76934620984
1"
#76934638344
0!
#76934638344
0"
#76934647024
1!
#76934647024
1"
#76934664384
0!
#76934664384
0"
#76934673064
1!
#76934673064
1"
#76934681744
0!
#76934681744
0"
#76934690424
1!
#76934690424
1"
#76934699104
0!
#76934699104
0"
#76934707784
1!
#76934707784
1"
#76934716464
0!
#76934716464
0"
#76934733824
1!
#76934733824
1"
#76934751184
0!
#76934751184
0"
#76934759864
1!
#76934759864
1"
#76934768544
0!
#76934768544
0"
#76934785904
1!
#76934785904
1"
#76934794584
0!
#76934794584
0"
#76934803264
1!
#76934803264
1"
#76934829304
0!
#76934829304
0"
#76934846664
1!
#76934846664
1"
#76934855344
0!
#76934855344
0"
#76934907424
1!
#76934907424
1"
#76934916104
0!
#76934916104
0"
#76934933464
1!
#76934933464
1"
#76934942144
0!
#76934942144
0"
#76934959504
1!
#76934959504
1"
#76934968184
0!
#76934968184
0"
#76934985544
1!
#76934985544
1"
#76935002904
0!
#76935002904
0"
#76935020264
1!
#76935020264
1"
#76935028944
0!
#76935028944
0"
#76935072344
1!
#76935072344
1"
#76935089704
0!
#76935089704
0"
#76935107064
1!
#76935107064
1"
#76935115744
0!
#76935115744
0"
#76935159144
1!
#76935159144
1"
#76935176504
0!
#76935176504
0"
#76935193864
1!
#76935193864
1"
#76935202544
0!
#76935202544
0"
#76935245944
1!
#76935245944
1"
#76935263304
0!
#76935263304
0"
#76935280664
1!
#76935280664
1"
#76935289344
0!
#76935289344
0"
#76935315384
1!
#76935315384
1"
#76935332744
0!
#76935332744
0"
#76935341424
1!
#76935341424
1"
#76935350104
0!
#76935350104
0"
#76935367464
1!
#76935367464
1"
#76935376144
0!
#76935376144
0"
#76935428224
1!
#76935428224
1"
#76935436904
0!
#76935436904
0"
#76935454264
1!
#76935454264
1"
#76935462944
0!
#76935462944
0"
#76935471624
1!
#76935471624
1"
#76935488984
0!
#76935488984
0"
#76935506344
1!
#76935506344
1"
#76935532384
0!
#76935532384
0"
#76935541064
1!
#76935541064
1"
#76935549744
0!
#76935549744
0"
#76935558424
1!
#76935558424
1"
#76935567104
0!
#76935567104
0"
#76935575784
1!
#76935575784
1"
#76935584464
0!
#76935584464
0"
#76935601824
1!
#76935601824
1"
#76935619184
0!
#76935619184
0"
#76935627864
1!
#76935627864
1"
#76935636544
0!
#76935636544
0"
#76935653904
1!
#76935653904
1"
#76935679944
0!
#76935679944
0"
#76935688624
1!
#76935688624
1"
#76935705984
0!
#76935705984
0"
#76935714664
1!
#76935714664
1"
#76935723344
0!
#76935723344
0"
#76935732024
1!
#76935732024
1"
#76935749384
0!
#76935749384
0"
#76935766744
1!
#76935766744
1"
#76935792784
0!
#76935792784
0"
#76935801464
1!
#76935801464
1"
#76935810144
0!
#76935810144
0"
#76935818824
1!
#76935818824
1"
#76935853544
0!
#76935853544
0"
#76935862224
1!
#76935862224
1"
#76935879584
0!
#76935879584
0"
#76935888264
1!
#76935888264
1"
#76935896944
0!
#76935896944
0"
#76935914304
1!
#76935914304
1"
#76935922984
0!
#76935922984
0"
#76935940344
1!
#76935940344
1"
#76935966384
0!
#76935966384
0"
#76935975064
1!
#76935975064
1"
#76935983744
0!
#76935983744
0"
#76936035824
1!
#76936035824
1"
#76936044504
0!
#76936044504
0"
#76936061864
1!
#76936061864
1"
#76936070544
0!
#76936070544
0"
#76936096584
1!
#76936096584
1"
#76936105264
0!
#76936105264
0"
#76936113944
1!
#76936113944
1"
#76936139984
0!
#76936139984
0"
#76936148664
1!
#76936148664
1"
#76936157344
0!
#76936157344
0"
#76936166024
1!
#76936166024
1"
#76936174704
0!
#76936174704
0"
#76936192064
1!
#76936192064
1"
#76936200744
0!
#76936200744
0"
#76936209424
1!
#76936209424
1"
#76936226784
0!
#76936226784
0"
#76936235464
1!
#76936235464
1"
#76936244144
0!
#76936244144
0"
#76936252824
1!
#76936252824
1"
#76936261504
0!
#76936261504
0"
#76936270184
1!
#76936270184
1"
#76936287544
0!
#76936287544
0"
#76936296224
1!
#76936296224
1"
#76936313584
0!
#76936313584
0"
#76936322264
1!
#76936322264
1"
#76936330944
0!
#76936330944
0"
#76936339624
1!
#76936339624
1"
#76936348304
0!
#76936348304
0"
#76936356984
1!
#76936356984
1"
#76936365664
0!
#76936365664
0"
#76936383024
1!
#76936383024
1"
#76936400384
0!
#76936400384
0"
#76936409064
1!
#76936409064
1"
#76936417744
0!
#76936417744
0"
#76936435104
1!
#76936435104
1"
#76936443784
0!
#76936443784
0"
#76936452464
1!
#76936452464
1"
#76936478504
0!
#76936478504
0"
#76936495864
1!
#76936495864
1"
#76936504544
0!
#76936504544
0"
#76936556624
1!
#76936556624
1"
#76936565304
0!
#76936565304
0"
#76936582664
1!
#76936582664
1"
#76936591344
0!
#76936591344
0"
#76936600024
1!
#76936600024
1"
#76936608704
0!
#76936608704
0"
#76936617384
1!
#76936617384
1"
#76936626064
0!
#76936626064
0"
#76936634744
1!
#76936634744
1"
#76936652104
0!
#76936652104
0"
#76936669464
1!
#76936669464
1"
#76936678144
0!
#76936678144
0"
#76936721544
1!
#76936721544
1"
#76936738904
0!
#76936738904
0"
#76936756264
1!
#76936756264
1"
#76936764944
0!
#76936764944
0"
#76936808344
1!
#76936808344
1"
#76936825704
0!
#76936825704
0"
#76936843064
1!
#76936843064
1"
#76936851744
0!
#76936851744
0"
#76936869104
1!
#76936869104
1"
#76936877784
0!
#76936877784
0"
#76936886464
1!
#76936886464
1"
#76936895144
0!
#76936895144
0"
#76936929864
1!
#76936929864
1"
#76936938544
0!
#76936938544
0"
#76937016664
1!
#76937016664
1"
#76937025344
0!
#76937025344
0"
#76937060064
1!
#76937060064
1"
#76937068744
0!
#76937068744
0"
#76937103464
1!
#76937103464
1"
#76937112144
0!
#76937112144
0"
#76937190264
1!
#76937190264
1"
#76937198944
0!
#76937198944
0"
#76937277064
1!
#76937277064
1"
#76937285744
0!
#76937285744
0"
#76937363864
1!
#76937363864
1"
#76937372544
0!
#76937372544
0"
#76937424624
1!
#76937424624
1"
#76937441984
0!
#76937441984
0"
#76937450664
1!
#76937450664
1"
#76937459344
0!
#76937459344
0"
#76937476704
1!
#76937476704
1"
#76937502744
0!
#76937502744
0"
#76937520104
1!
#76937520104
1"
#76937546144
0!
#76937546144
0"
#76937563504
1!
#76937563504
1"
#76937589544
0!
#76937589544
0"
#76937606904
1!
#76937606904
1"
#76937632944
0!
#76937632944
0"
#76937641624
1!
#76937641624
1"
#76937693704
0!
#76937693704
0"
#76937711064
1!
#76937711064
1"
#76937719744
0!
#76937719744
0"
#76937728424
1!
#76937728424
1"
#76937745784
0!
#76937745784
0"
#76937797864
1!
#76937797864
1"
#76937806544
0!
#76937806544
0"
#76937884664
1!
#76937884664
1"
#76937893344
0!
#76937893344
0"
#76937971464
1!
#76937971464
1"
#76937980144
0!
#76937980144
0"
#76938058264
1!
#76938058264
1"
#76938066944
0!
#76938066944
0"
#76938075624
1!
#76938075624
1"
#76938084304
0!
#76938084304
0"
#76938101664
1!
#76938101664
1"
#76938110344
0!
#76938110344
0"
#76938127704
1!
#76938127704
1"
#76938153744
0!
#76938153744
0"
#76938171104
1!
#76938171104
1"
#76938179784
0!
#76938179784
0"
#76938197144
1!
#76938197144
1"
#76938205824
0!
#76938205824
0"
#76938223184
1!
#76938223184
1"
#79449039744
0!
#79449039744
0"
#79449048424
1!
#79449048424
1"
#79449057104
0!
#79449057104
0"
#79449065784
1!
#79449065784
1"
#79449074464
0!
#79449074464
0"
#79449091824
1!
#79449091824
1"
#79449100504
0!
#79449100504
0"
#79449109184
1!
#79449109184
1"
#79449126544
0!
#79449126544
0"
#79449143904
1!
#79449143904
1"
#79449152584
0!
#79449152584
0"
#79449161264
1!
#79449161264
1"
#79449178624
0!
#79449178624
0"
#79449187304
1!
#79449187304
1"
#79449195984
0!
#79449195984
0"
#79449204664
1!
#79449204664
1"
#79449213344
0!
#79449213344
0"
#79449222024
1!
#79449222024
1"
#79449230704
0!
#79449230704
0"
#79449291464
1!
#79449291464
1"
#79449300144
0!
#79449300144
0"
#79449326184
1!
#79449326184
1"
#79449334864
0!
#79449334864
0"
#79449352224
1!
#79449352224
1"
#79449369584
0!
#79449369584
0"
#79449378264
1!
#79449378264
1"
#79449386944
0!
#79449386944
0"
#79449404304
1!
#79449404304
1"
#79449412984
0!
#79449412984
0"
#79449430344
1!
#79449430344
1"
#79449439024
0!
#79449439024
0"
#79449447704
1!
#79449447704
1"
#79449456384
0!
#79449456384
0"
#79449465064
1!
#79449465064
1"
#79449473744
0!
#79449473744
0"
#79449482424
1!
#79449482424
1"
#79449491104
0!
#79449491104
0"
#79449499784
1!
#79449499784
1"
#79449508464
0!
#79449508464
0"
#79449525824
1!
#79449525824
1"
#79449543184
0!
#79449543184
0"
#79449551864
1!
#79449551864
1"
#79449560544
0!
#79449560544
0"
#79449569224
1!
#79449569224
1"
#79449586584
0!
#79449586584
0"
#79449603944
1!
#79449603944
1"
#79449629984
0!
#79449629984
0"
#79449638664
1!
#79449638664
1"
#79449647344
0!
#79449647344
0"
#79449656024
1!
#79449656024
1"
#79449664704
0!
#79449664704
0"
#79449673384
1!
#79449673384
1"
#79449682064
0!
#79449682064
0"
#79449690744
1!
#79449690744
1"
#79449716784
0!
#79449716784
0"
#79449725464
1!
#79449725464
1"
#79449734144
0!
#79449734144
0"
#79449760184
1!
#79449760184
1"
#79449777544
0!
#79449777544
0"
#79449786224
1!
#79449786224
1"
#79449803584
0!
#79449803584
0"
#79449812264
1!
#79449812264
1"
#79449820944
0!
#79449820944
0"
#79449846984
1!
#79449846984
1"
#79449855664
0!
#79449855664
0"
#79449864344
1!
#79449864344
1"
#79449890384
0!
#79449890384
0"
#79449899064
1!
#79449899064
1"
#79449907744
0!
#79449907744
0"
#79449925104
1!
#79449925104
1"
#79449933784
0!
#79449933784
0"
#79449942464
1!
#79449942464
1"
#79449968504
0!
#79449968504
0"
#79449985864
1!
#79449985864
1"
#79449994544
0!
#79449994544
0"
#79450046624
1!
#79450046624
1"
#79450055304
0!
#79450055304
0"
#79450072664
1!
#79450072664
1"
#79450081344
0!
#79450081344
0"
#79450090024
1!
#79450090024
1"
#79450116064
0!
#79450116064
0"
#79450133424
1!
#79450133424
1"
#79450150784
0!
#79450150784
0"
#79450159464
1!
#79450159464
1"
#79450168144
0!
#79450168144
0"
#79450202864
1!
#79450202864
1"
#79450237584
0!
#79450237584
0"
#79450246264
1!
#79450246264
1"
#79450254944
0!
#79450254944
0"
#79450272304
1!
#79450272304
1"
#79450280984
0!
#79450280984
0"
#79450289664
1!
#79450289664
1"
#79450315704
0!
#79450315704
0"
#79450333064
1!
#79450333064
1"
#79450341744
0!
#79450341744
0"
#79450393824
1!
#79450393824
1"
#79450402504
0!
#79450402504
0"
#79450419864
1!
#79450419864
1"
#79450428544
0!
#79450428544
0"
#79450480624
1!
#79450480624
1"
#79450489304
0!
#79450489304
0"
#79450506664
1!
#79450506664
1"
#79450515344
0!
#79450515344
0"
#79450567424
1!
#79450567424
1"
#79450576104
0!
#79450576104
0"
#79450593464
1!
#79450593464
1"
#79450602144
0!
#79450602144
0"
#79450654224
1!
#79450654224
1"
#79450662904
0!
#79450662904
0"
#79450680264
1!
#79450680264
1"
#79450688944
0!
#79450688944
0"
#79450741024
1!
#79450741024
1"
#79450749704
0!
#79450749704
0"
#79450767064
1!
#79450767064
1"
#79450775744
0!
#79450775744
0"
#79450827824
1!
#79450827824
1"
#79450836504
0!
#79450836504
0"
#79450853864
1!
#79450853864
1"
#79450862544
0!
#79450862544
0"
#79450905944
1!
#79450905944
1"
#79450923304
0!
#79450923304
0"
#79450940664
1!
#79450940664
1"
#79450949344
0!
#79450949344
0"
#79450966704
1!
#79450966704
1"
#79450992744
0!
#79450992744
0"
#79451001424
1!
#79451001424
1"
#79451010104
0!
#79451010104
0"
#79451027464
1!
#79451027464
1"
#79451036144
0!
#79451036144
0"
#79451079544
1!
#79451079544
1"
#79451096904
0!
#79451096904
0"
#79451114264
1!
#79451114264
1"
#79451122944
0!
#79451122944
0"
#79451148984
1!
#79451148984
1"
#79451166344
0!
#79451166344
0"
#79451175024
1!
#79451175024
1"
#79451183704
0!
#79451183704
0"
#79451201064
1!
#79451201064
1"
#79451209744
0!
#79451209744
0"
#79451261824
1!
#79451261824
1"
#79451270504
0!
#79451270504
0"
#79451287864
1!
#79451287864
1"
#79451296544
0!
#79451296544
0"
#79451305224
1!
#79451305224
1"
#79451331264
0!
#79451331264
0"
#79451348624
1!
#79451348624
1"
#79451365984
0!
#79451365984
0"
#79451374664
1!
#79451374664
1"
#79451383344
0!
#79451383344
0"
#79451392024
1!
#79451392024
1"
#79451400704
0!
#79451400704
0"
#79451418064
1!
#79451418064
1"
#79451452784
0!
#79451452784
0"
#79451461464
1!
#79451461464
1"
#79451470144
0!
#79451470144
0"
#79451487504
1!
#79451487504
1"
#79451496184
0!
#79451496184
0"
#79451504864
1!
#79451504864
1"
#79451530904
0!
#79451530904
0"
#79451548264
1!
#79451548264
1"
#79451556944
0!
#79451556944
0"
#79451609024
1!
#79451609024
1"
#79451617704
0!
#79451617704
0"
#79451635064
1!
#79451635064
1"
#79451643744
0!
#79451643744
0"
#79451695824
1!
#79451695824
1"
#79451704504
0!
#79451704504
0"
#79451721864
1!
#79451721864
1"
#79451730544
0!
#79451730544
0"
#79451782624
1!
#79451782624
1"
#79451791304
0!
#79451791304
0"
#79451808664
1!
#79451808664
1"
#79451817344
0!
#79451817344
0"
#79451869424
1!
#79451869424
1"
#79451878104
0!
#79451878104
0"
#79451895464
1!
#79451895464
1"
#79451904144
0!
#79451904144
0"
#79451956224
1!
#79451956224
1"
#79451964904
0!
#79451964904
0"
#79451982264
1!
#79451982264
1"
#79451990944
0!
#79451990944
0"
#79452043024
1!
#79452043024
1"
#79452051704
0!
#79452051704
0"
#79452069064
1!
#79452069064
1"
#79452077744
0!
#79452077744
0"
#79452121144
1!
#79452121144
1"
#79452138504
0!
#79452138504
0"
#79452155864
1!
#79452155864
1"
#79452164544
0!
#79452164544
0"
#79452181904
1!
#79452181904
1"
#79452207944
0!
#79452207944
0"
#79452216624
1!
#79452216624
1"
#79452225304
0!
#79452225304
0"
#79452242664
1!
#79452242664
1"
#79452251344
0!
#79452251344
0"
#79452294744
1!
#79452294744
1"
#79452312104
0!
#79452312104
0"
#79452329464
1!
#79452329464
1"
#79452338144
0!
#79452338144
0"
#79452364184
1!
#79452364184
1"
#79452381544
0!
#79452381544
0"
#79452390224
1!
#79452390224
1"
#79452398904
0!
#79452398904
0"
#79452416264
1!
#79452416264
1"
#79452424944
0!
#79452424944
0"
#79452477024
1!
#79452477024
1"
#79452485704
0!
#79452485704
0"
#79452503064
1!
#79452503064
1"
#79452511744
0!
#79452511744
0"
#79452520424
1!
#79452520424
1"
#79452546464
0!
#79452546464
0"
#79452563824
1!
#79452563824
1"
#79452581184
0!
#79452581184
0"
#79452589864
1!
#79452589864
1"
#79452598544
0!
#79452598544
0"
#79452615904
1!
#79452615904
1"
#79452624584
0!
#79452624584
0"
#79452633264
1!
#79452633264
1"
#79452667984
0!
#79452667984
0"
#79452676664
1!
#79452676664
1"
#79452685344
0!
#79452685344
0"
#79452702704
1!
#79452702704
1"
#79452711384
0!
#79452711384
0"
#79452720064
1!
#79452720064
1"
#79452746104
0!
#79452746104
0"
#79452763464
1!
#79452763464
1"
#79452772144
0!
#79452772144
0"
#79452824224
1!
#79452824224
1"
#79452832904
0!
#79452832904
0"
#79452850264
1!
#79452850264
1"
#79452858944
0!
#79452858944
0"
#79452911024
1!
#79452911024
1"
#79452919704
0!
#79452919704
0"
#79452937064
1!
#79452937064
1"
#79452945744
0!
#79452945744
0"
#79452997824
1!
#79452997824
1"
#79453006504
0!
#79453006504
0"
#79453023864
1!
#79453023864
1"
#79453032544
0!
#79453032544
0"
#79453084624
1!
#79453084624
1"
#79453093304
0!
#79453093304
0"
#79453110664
1!
#79453110664
1"
#79453119344
0!
#79453119344
0"
#79453171424
1!
#79453171424
1"
#79453180104
0!
#79453180104
0"
#79453197464
1!
#79453197464
1"
#79453206144
0!
#79453206144
0"
#79453258224
1!
#79453258224
1"
#79453266904
0!
#79453266904
0"
#79453284264
1!
#79453284264
1"
#79453292944
0!
#79453292944
0"
#79453336344
1!
#79453336344
1"
#79453353704
0!
#79453353704
0"
#79453371064
1!
#79453371064
1"
#79453379744
0!
#79453379744
0"
#79453397104
1!
#79453397104
1"
#79453423144
0!
#79453423144
0"
#79453431824
1!
#79453431824
1"
#79453440504
0!
#79453440504
0"
#79453457864
1!
#79453457864
1"
#79453466544
0!
#79453466544
0"
#79453509944
1!
#79453509944
1"
#79453527304
0!
#79453527304
0"
#79453544664
1!
#79453544664
1"
#79453553344
0!
#79453553344
0"
#79453579384
1!
#79453579384
1"
#79453596744
0!
#79453596744
0"
#79453605424
1!
#79453605424
1"
#79453614104
0!
#79453614104
0"
#79453631464
1!
#79453631464
1"
#79453640144
0!
#79453640144
0"
#79453692224
1!
#79453692224
1"
#79453700904
0!
#79453700904
0"
#79453718264
1!
#79453718264
1"
#79453726944
0!
#79453726944
0"
#79453752984
1!
#79453752984
1"
#79453761664
0!
#79453761664
0"
#79453779024
1!
#79453779024
1"
#79453796384
0!
#79453796384
0"
#79453805064
1!
#79453805064
1"
#79453813744
0!
#79453813744
0"
#79453822424
1!
#79453822424
1"
#79453831104
0!
#79453831104
0"
#79453848464
1!
#79453848464
1"
#79453857144
0!
#79453857144
0"
#79453865824
1!
#79453865824
1"
#79453883184
0!
#79453883184
0"
#79453891864
1!
#79453891864
1"
#79453900544
0!
#79453900544
0"
#79453909224
1!
#79453909224
1"
#79453926584
0!
#79453926584
0"
#79453943944
1!
#79453943944
1"
#79453969984
0!
#79453969984
0"
#79453978664
1!
#79453978664
1"
#79453987344
0!
#79453987344
0"
#79454030744
1!
#79454030744
1"
#79454056784
0!
#79454056784
0"
#79454065464
1!
#79454065464
1"
#79454074144
0!
#79454074144
0"
#79454100184
1!
#79454100184
1"
#79454117544
0!
#79454117544
0"
#79454126224
1!
#79454126224
1"
#79454143584
0!
#79454143584
0"
#79454152264
1!
#79454152264
1"
#79454160944
0!
#79454160944
0"
#79454169624
1!
#79454169624
1"
#79454178304
0!
#79454178304
0"
#79454213024
1!
#79454213024
1"
#79454230384
0!
#79454230384
0"
#79454239064
1!
#79454239064
1"
#79454247744
0!
#79454247744
0"
#79454256424
1!
#79454256424
1"
#79454265104
0!
#79454265104
0"
#79454282464
1!
#79454282464
1"
#79454317184
0!
#79454317184
0"
#79454325864
1!
#79454325864
1"
#79454334544
0!
#79454334544
0"
#79454386624
1!
#79454386624
1"
#79454395304
0!
#79454395304
0"
#79454412664
1!
#79454412664
1"
#79454421344
0!
#79454421344
0"
#79454447384
1!
#79454447384
1"
#79454456064
0!
#79454456064
0"
#79454464744
1!
#79454464744
1"
#79454490784
0!
#79454490784
0"
#79454499464
1!
#79454499464
1"
#79454508144
0!
#79454508144
0"
#79454516824
1!
#79454516824
1"
#79454525504
0!
#79454525504
0"
#79454542864
1!
#79454542864
1"
#79454551544
0!
#79454551544
0"
#79454560224
1!
#79454560224
1"
#79454577584
0!
#79454577584
0"
#79454586264
1!
#79454586264
1"
#79454594944
0!
#79454594944
0"
#79454603624
1!
#79454603624
1"
#79454612304
0!
#79454612304
0"
#79454620984
1!
#79454620984
1"
#79454638344
0!
#79454638344
0"
#79454647024
1!
#79454647024
1"
#79454664384
0!
#79454664384
0"
#79454673064
1!
#79454673064
1"
#79454681744
0!
#79454681744
0"
#79454690424
1!
#79454690424
1"
#79454699104
0!
#79454699104
0"
#79454707784
1!
#79454707784
1"
#79454716464
0!
#79454716464
0"
#79454733824
1!
#79454733824
1"
#79454751184
0!
#79454751184
0"
#79454759864
1!
#79454759864
1"
#79454768544
0!
#79454768544
0"
#79454785904
1!
#79454785904
1"
#79454794584
0!
#79454794584
0"
#79454803264
1!
#79454803264
1"
#79454829304
0!
#79454829304
0"
#79454846664
1!
#79454846664
1"
#79454855344
0!
#79454855344
0"
#79454907424
1!
#79454907424
1"
#79454916104
0!
#79454916104
0"
#79454933464
1!
#79454933464
1"
#79454942144
0!
#79454942144
0"
#79454959504
1!
#79454959504
1"
#79454968184
0!
#79454968184
0"
#79454985544
1!
#79454985544
1"
#79455002904
0!
#79455002904
0"
#79455020264
1!
#79455020264
1"
#79455028944
0!
#79455028944
0"
#79455072344
1!
#79455072344
1"
#79455089704
0!
#79455089704
0"
#79455107064
1!
#79455107064
1"
#79455115744
0!
#79455115744
0"
#79455159144
1!
#79455159144
1"
#79455176504
0!
#79455176504
0"
#79455193864
1!
#79455193864
1"
#79455202544
0!
#79455202544
0"
#79455245944
1!
#79455245944
1"
#79455263304
0!
#79455263304
0"
#79455280664
1!
#79455280664
1"
#79455289344
0!
#79455289344
0"
#79455315384
1!
#79455315384
1"
#79455332744
0!
#79455332744
0"
#79455341424
1!
#79455341424
1"
#79455350104
0!
#79455350104
0"
#79455367464
1!
#79455367464
1"
#79455376144
0!
#79455376144
0"
#79455428224
1!
#79455428224
1"
#79455436904
0!
#79455436904
0"
#79455454264
1!
#79455454264
1"
#79455462944
0!
#79455462944
0"
#79455471624
1!
#79455471624
1"
#79455488984
0!
#79455488984
0"
#79455506344
1!
#79455506344
1"
#79455532384
0!
#79455532384
0"
#79455541064
1!
#79455541064
1"
#79455549744
0!
#79455549744
0"
#79455558424
1!
#79455558424
1"
#79455567104
0!
#79455567104
0"
#79455575784
1!
#79455575784
1"
#79455584464
0!
#79455584464
0"
#79455601824
1!
#79455601824
1"
#79455619184
0!
#79455619184
0"
#79455627864
1!
#79455627864
1"
#79455636544
0!
#79455636544
0"
#79455653904
1!
#79455653904
1"
#79455679944
0!
#79455679944
0"
#79455688624
1!
#79455688624
1"
#79455705984
0!
#79455705984
0"
#79455714664
1!
#79455714664
1"
#79455723344
0!
#79455723344
0"
#79455732024
1!
#79455732024
1"
#79455749384
0!
#79455749384
0"
#79455766744
1!
#79455766744
1"
#79455792784
0!
#79455792784
0"
#79455801464
1!
#79455801464
1"
#79455810144
0!
#79455810144
0"
#79455818824
1!
#79455818824
1"
#79455853544
0!
#79455853544
0"
#79455862224
1!
#79455862224
1"
#79455879584
0!
#79455879584
0"
#79455888264
1!
#79455888264
1"
#79455896944
0!
#79455896944
0"
#79455914304
1!
#79455914304
1"
#79455922984
0!
#79455922984
0"
#79455940344
1!
#79455940344
1"
#79455966384
0!
#79455966384
0"
#79455975064
1!
#79455975064
1"
#79455983744
0!
#79455983744
0"
#79456035824
1!
#79456035824
1"
#79456044504
0!
#79456044504
0"
#79456061864
1!
#79456061864
1"
#79456070544
0!
#79456070544
0"
#79456096584
1!
#79456096584
1"
#79456105264
0!
#79456105264
0"
#79456113944
1!
#79456113944
1"
#79456139984
0!
#79456139984
0"
#79456148664
1!
#79456148664
1"
#79456157344
0!
#79456157344
0"
#79456166024
1!
#79456166024
1"
#79456174704
0!
#79456174704
0"
#79456192064
1!
#79456192064
1"
#79456200744
0!
#79456200744
0"
#79456209424
1!
#79456209424
1"
#79456226784
0!
#79456226784
0"
#79456235464
1!
#79456235464
1"
#79456244144
0!
#79456244144
0"
#79456252824
1!
#79456252824
1"
#79456261504
0!
#79456261504
0"
#79456270184
1!
#79456270184
1"
#79456287544
0!
#79456287544
0"
#79456296224
1!
#79456296224
1"
#79456313584
0!
#79456313584
0"
#79456322264
1!
#79456322264
1"
#79456330944
0!
#79456330944
0"
#79456339624
1!
#79456339624
1"
#79456348304
0!
#79456348304
0"
#79456356984
1!
#79456356984
1"
#79456365664
0!
#79456365664
0"
#79456383024
1!
#79456383024
1"
#79456400384
0!
#79456400384
0"
#79456409064
1!
#79456409064
1"
#79456417744
0!
#79456417744
0"
#79456435104
1!
#79456435104
1"
#79456443784
0!
#79456443784
0"
#79456452464
1!
#79456452464
1"
#79456478504
0!
#79456478504
0"
#79456495864
1!
#79456495864
1"
#79456504544
0!
#79456504544
0"
#79456556624
1!
#79456556624
1"
#79456565304
0!
#79456565304
0"
#79456582664
1!
#79456582664
1"
#79456591344
0!
#79456591344
0"
#79456600024
1!
#79456600024
1"
#79456608704
0!
#79456608704
0"
#79456617384
1!
#79456617384
1"
#79456626064
0!
#79456626064
0"
#79456634744
1!
#79456634744
1"
#79456652104
0!
#79456652104
0"
#79456669464
1!
#79456669464
1"
#79456678144
0!
#79456678144
0"
#79456721544
1!
#79456721544
1"
#79456738904
0!
#79456738904
0"
#79456756264
1!
#79456756264
1"
#79456764944
0!
#79456764944
0"
#79456808344
1!
#79456808344
1"
#79456825704
0!
#79456825704
0"
#79456843064
1!
#79456843064
1"
#79456851744
0!
#79456851744
0"
#79456869104
1!
#79456869104
1"
#79456877784
0!
#79456877784
0"
#79456886464
1!
#79456886464
1"
#79456895144
0!
#79456895144
0"
#79456929864
1!
#79456929864
1"
#79456938544
0!
#79456938544
0"
#79457016664
1!
#79457016664
1"
#79457025344
0!
#79457025344
0"
#79457060064
1!
#79457060064
1"
#79457068744
0!
#79457068744
0"
#79457103464
1!
#79457103464
1"
#79457112144
0!
#79457112144
0"
#79457190264
1!
#79457190264
1"
#79457198944
0!
#79457198944
0"
#79457277064
1!
#79457277064
1"
#79457285744
0!
#79457285744
0"
#79457363864
1!
#79457363864
1"
#79457372544
0!
#79457372544
0"
#79457424624
1!
#79457424624
1"
#79457441984
0!
#79457441984
0"
#79457450664
1!
#79457450664
1"
#79457459344
0!
#79457459344
0"
#79457476704
1!
#79457476704
1"
#79457502744
0!
#79457502744
0"
#79457520104
1!
#79457520104
1"
#79457546144
0!
#79457546144
0"
#79457563504
1!
#79457563504
1"
#79457589544
0!
#79457589544
0"
#79457606904
1!
#79457606904
1"
#79457632944
0!
#79457632944
0"
#79457641624
1!
#79457641624
1"
#79457693704
0!
#79457693704
0"
#79457711064
1!
#79457711064
1"
#79457719744
0!
#79457719744
0"
#79457728424
1!
#79457728424
1"
#79457745784
0!
#79457745784
0"
#79457797864
1!
#79457797864
1"
#79457806544
0!
#79457806544
0"
#79457884664
1!
#79457884664
1"
#79457893344
0!
#79457893344
0"
#79457971464
1!
#79457971464
1"
#79457980144
0!
#79457980144
0"
#79458058264
1!
#79458058264
1"
#79458066944
0!
#79458066944
0"
#79458075624
1!
#79458075624
1"
#79458084304
0!
#79458084304
0"
#79458101664
1!
#79458101664
1"
#79458110344
0!
#79458110344
0"
#79458127704
1!
#79458127704
1"
#79458153744
0!
#79458153744
0"
#79458171104
1!
#79458171104
1"
#79458179784
0!
#79458179784
0"
#79458197144
1!
#79458197144
1"
#79458205824
0!
#79458205824
0"
#79458223184
1!
#79458223184
1"
#81969039744
0!
#81969039744
0"
#81969048424
1!
#81969048424
1"
#81969057104
0!
#81969057104
0"
#81969065784
1!
#81969065784
1"
#81969074464
0!
#81969074464
0"
#81969091824
1!
#81969091824
1"
#81969100504
0!
#81969100504
0"
#81969109184
1!
#81969109184
1"
#81969126544
0!
#81969126544
0"
#81969143904
1!
#81969143904
1"
#81969152584
0!
#81969152584
0"
#81969161264
1!
#81969161264
1"
#81969178624
0!
#81969178624
0"
#81969187304
1!
#81969187304
1"
#81969195984
0!
#81969195984
0"
#81969204664
1!
#81969204664
1"
#81969213344
0!
#81969213344
0"
#81969222024
1!
#81969222024
1"
#81969230704
0!
#81969230704
0"
#81969291464
1!
#81969291464
1"
#81969300144
0!
#81969300144
0"
#81969326184
1!
#81969326184
1"
#81969334864
0!
#81969334864
0"
#81969352224
1!
#81969352224
1"
#81969369584
0!
#81969369584
0"
#81969378264
1!
#81969378264
1"
#81969386944
0!
#81969386944
0"
#81969404304
1!
#81969404304
1"
#81969412984
0!
#81969412984
0"
#81969430344
1!
#81969430344
1"
#81969439024
0!
#81969439024
0"
#81969447704
1!
#81969447704
1"
#81969456384
0!
#81969456384
0"
#81969465064
1!
#81969465064
1"
#81969473744
0!
#81969473744
0"
#81969482424
1!
#81969482424
1"
#81969491104
0!
#81969491104
0"
#81969499784
1!
#81969499784
1"
#81969508464
0!
#81969508464
0"
#81969525824
1!
#81969525824
1"
#81969543184
0!
#81969543184
0"
#81969551864
1!
#81969551864
1"
#81969560544
0!
#81969560544
0"
#81969569224
1!
#81969569224
1"
#81969586584
0!
#81969586584
0"
#81969603944
1!
#81969603944
1"
#81969629984
0!
#81969629984
0"
#81969638664
1!
#81969638664
1"
#81969647344
0!
#81969647344
0"
#81969656024
1!
#81969656024
1"
#81969664704
0!
#81969664704
0"
#81969673384
1!
#81969673384
1"
#81969682064
0!
#81969682064
0"
#81969690744
1!
#81969690744
1"
#81969716784
0!
#81969716784
0"
#81969725464
1!
#81969725464
1"
#81969734144
0!
#81969734144
0"
#81969760184
1!
#81969760184
1"
#81969777544
0!
#81969777544
0"
#81969786224
1!
#81969786224
1"
#81969803584
0!
#81969803584
0"
#81969812264
1!
#81969812264
1"
#81969820944
0!
#81969820944
0"
#81969846984
1!
#81969846984
1"
#81969855664
0!
#81969855664
0"
#81969864344
1!
#81969864344
1"
#81969890384
0!
#81969890384
0"
#81969899064
1!
#81969899064
1"
#81969907744
0!
#81969907744
0"
#81969925104
1!
#81969925104
1"
#81969933784
0!
#81969933784
0"
#81969942464
1!
#81969942464
1"
#81969968504
0!
#81969968504
0"
#81969985864
1!
#81969985864
1"
#81969994544
0!
#81969994544
0"
#81970046624
1!
#81970046624
1"
#81970055304
0!
#81970055304
0"
#81970072664
1!
#81970072664
1"
#81970081344
0!
#81970081344
0"
#81970090024
1!
#81970090024
1"
#81970116064
0!
#81970116064
0"
#81970133424
1!
#81970133424
1"
#81970150784
0!
#81970150784
0"
#81970159464
1!
#81970159464
1"
#81970168144
0!
#81970168144
0"
#81970202864
1!
#81970202864
1"
#81970237584
0!
#81970237584
0"
#81970246264
1!
#81970246264
1"
#81970254944
0!
#81970254944
0"
#81970272304
1!
#81970272304
1"
#81970280984
0!
#81970280984
0"
#81970289664
1!
#81970289664
1"
#81970315704
0!
#81970315704
0"
#81970333064
1!
#81970333064
1"
#81970341744
0!
#81970341744
0"
#81970393824
1!
#81970393824
1"
#81970402504
0!
#81970402504
0"
#81970419864
1!
#81970419864
1"
#81970428544
0!
#81970428544
0"
#81970480624
1!
#81970480624
1"
#81970489304
0!
#81970489304
0"
#81970506664
1!
#81970506664
1"
#81970515344
0!
#81970515344
0"
#81970567424
1!
#81970567424
1"
#81970576104
0!
#81970576104
0"
#81970593464
1!
#81970593464
1"
#81970602144
0!
#81970602144
0"
#81970654224
1!
#81970654224
1"
#81970662904
0!
#81970662904
0"
#81970680264
1!
#81970680264
1"
#81970688944
0!
#81970688944
0"
#81970741024
1!
#81970741024
1"
#81970749704
0!
#81970749704
0"
#81970767064
1!
#81970767064
1"
#81970775744
0!
#81970775744
0"
#81970827824
1!
#81970827824
1"
#81970836504
0!
#81970836504
0"
#81970853864
1!
#81970853864
1"
#81970862544
0!
#81970862544
0"
#81970905944
1!
#81970905944
1"
#81970923304
0!
#81970923304
0"
#81970940664
1!
#81970940664
1"
#81970949344
0!
#81970949344
0"
#81970966704
1!
#81970966704
1"
#81970992744
0!
#81970992744
0"
#81971001424
1!
#81971001424
1"
#81971010104
0!
#81971010104
0"
#81971027464
1!
#81971027464
1"
#81971036144
0!
#81971036144
0"
#81971079544
1!
#81971079544
1"
#81971096904
0!
#81971096904
0"
#81971114264
1!
#81971114264
1"
#81971122944
0!
#81971122944
0"
#81971148984
1!
#81971148984
1"
#81971166344
0!
#81971166344
0"
#81971175024
1!
#81971175024
1"
#81971183704
0!
#81971183704
0"
#81971201064
1!
#81971201064
1"
#81971209744
0!
#81971209744
0"
#81971261824
1!
#81971261824
1"
#81971270504
0!
#81971270504
0"
#81971287864
1!
#81971287864
1"
#81971296544
0!
#81971296544
0"
#81971305224
1!
#81971305224
1"
#81971331264
0!
#81971331264
0"
#81971348624
1!
#81971348624
1"
#81971365984
0!
#81971365984
0"
#81971374664
1!
#81971374664
1"
#81971383344
0!
#81971383344
0"
#81971392024
1!
#81971392024
1"
#81971400704
0!
#81971400704
0"
#81971418064
1!
#81971418064
1"
#81971452784
0!
#81971452784
0"
#81971461464
1!
#81971461464
1"
#81971470144
0!
#81971470144
0"
#81971487504
1!
#81971487504
1"
#81971496184
0!
#81971496184
0"
#81971504864
1!
#81971504864
1"
#81971530904
0!
#81971530904
0"
#81971548264
1!
#81971548264
1"
#81971556944
0!
#81971556944
0"
#81971609024
1!
#81971609024
1"
#81971617704
0!
#81971617704
0"
#81971635064
1!
#81971635064
1"
#81971643744
0!
#81971643744
0"
#81971695824
1!
#81971695824
1"
#81971704504
0!
#81971704504
0"
#81971721864
1!
#81971721864
1"
#81971730544
0!
#81971730544
0"
#81971782624
1!
#81971782624
1"
#81971791304
0!
#81971791304
0"
#81971808664
1!
#81971808664
1"
#81971817344
0!
#81971817344
0"
#81971869424
1!
#81971869424
1"
#81971878104
0!
#81971878104
0"
#81971895464
1!
#81971895464
1"
#81971904144
0!
#81971904144
0"
#81971956224
1!
#81971956224
1"
#81971964904
0!
#81971964904
0"
#81971982264
1!
#81971982264
1"
#81971990944
0!
#81971990944
0"
#81972043024
1!
#81972043024
1"
#81972051704
0!
#81972051704
0"
#81972069064
1!
#81972069064
1"
#81972077744
0!
#81972077744
0"
#81972121144
1!
#81972121144
1"
#81972138504
0!
#81972138504
0"
#81972155864
1!
#81972155864
1"
#81972164544
0!
#81972164544
0"
#81972181904
1!
#81972181904
1"
#81972207944
0!
#81972207944
0"
#81972216624
1!
#81972216624
1"
#81972225304
0!
#81972225304
0"
#81972242664
1!
#81972242664
1"
#81972251344
0!
#81972251344
0"
#81972294744
1!
#81972294744
1"
#81972312104
0!
#81972312104
0"
#81972329464
1!
#81972329464
1"
#81972338144
0!
#81972338144
0"
#81972364184
1!
#81972364184
1"
#81972381544
0!
#81972381544
0"
#81972390224
1!
#81972390224
1"
#81972398904
0!
#81972398904
0"
#81972416264
1!
#81972416264
1"
#81972424944
0!
#81972424944
0"
#81972477024
1!
#81972477024
1"
#81972485704
0!
#81972485704
0"
#81972503064
1!
#81972503064
1"
#81972511744
0!
#81972511744
0"
#81972520424
1!
#81972520424
1"
#81972546464
0!
#81972546464
0"
#81972563824
1!
#81972563824
1"
#81972581184
0!
#81972581184
0"
#81972589864
1!
#81972589864
1"
#81972598544
0!
#81972598544
0"
#81972615904
1!
#81972615904
1"
#81972624584
0!
#81972624584
0"
#81972633264
1!
#81972633264
1"
#81972667984
0!
#81972667984
0"
#81972676664
1!
#81972676664
1"
#81972685344
0!
#81972685344
0"
#81972702704
1!
#81972702704
1"
#81972711384
0!
#81972711384
0"
#81972720064
1!
#81972720064
1"
#81972746104
0!
#81972746104
0"
#81972763464
1!
#81972763464
1"
#81972772144
0!
#81972772144
0"
#81972824224
1!
#81972824224
1"
#81972832904
0!
#81972832904
0"
#81972850264
1!
#81972850264
1"
#81972858944
0!
#81972858944
0"
#81972911024
1!
#81972911024
1"
#81972919704
0!
#81972919704
0"
#81972937064
1!
#81972937064
1"
#81972945744
0!
#81972945744
0"
#81972997824
1!
#81972997824
1"
#81973006504
0!
#81973006504
0"
#81973023864
1!
#81973023864
1"
#81973032544
0!
#81973032544
0"
#81973084624
1!
#81973084624
1"
#81973093304
0!
#81973093304
0"
#81973110664
1!
#81973110664
1"
#81973119344
0!
#81973119344
0"
#81973171424
1!
#81973171424
1"
#81973180104
0!
#81973180104
0"
#81973197464
1!
#81973197464
1"
#81973206144
0!
#81973206144
0"
#81973258224
1!
#81973258224
1"
#81973266904
0!
#81973266904
0"
#81973284264
1!
#81973284264
1"
#81973292944
0!
#81973292944
0"
#81973336344
1!
#81973336344
1"
#81973353704
0!
#81973353704
0"
#81973371064
1!
#81973371064
1"
#81973379744
0!
#81973379744
0"
#81973397104
1!
#81973397104
1"
#81973423144
0!
#81973423144
0"
#81973431824
1!
#81973431824
1"
#81973440504
0!
#81973440504
0"
#81973457864
1!
#81973457864
1"
#81973466544
0!
#81973466544
0"
#81973509944
1!
#81973509944
1"
#81973527304
0!
#81973527304
0"
#81973544664
1!
#81973544664
1"
#81973553344
0!
#81973553344
0"
#81973579384
1!
#81973579384
1"
#81973596744
0!
#81973596744
0"
#81973605424
1!
#81973605424
1"
#81973614104
0!
#81973614104
0"
#81973631464
1!
#81973631464
1"
#81973640144
0!
#81973640144
0"
#81973692224
1!
#81973692224
1"
#81973700904
0!
#81973700904
0"
#81973718264
1!
#81973718264
1"
#81973726944
0!
#81973726944
0"
#81973752984
1!
#81973752984
1"
#81973761664
0!
#81973761664
0"
#81973779024
1!
#81973779024
1"
#81973796384
0!
#81973796384
0"
#81973805064
1!
#81973805064
1"
#81973813744
0!
#81973813744
0"
#81973822424
1!
#81973822424
1"
#81973831104
0!
#81973831104
0"
#81973848464
1!
#81973848464
1"
#81973857144
0!
#81973857144
0"
#81973865824
1!
#81973865824
1"
#81973883184
0!
#81973883184
0"
#81973891864
1!
#81973891864
1"
#81973900544
0!
#81973900544
0"
#81973909224
1!
#81973909224
1"
#81973926584
0!
#81973926584
0"
#81973943944
1!
#81973943944
1"
#81973969984
0!
#81973969984
0"
#81973978664
1!
#81973978664
1"
#81973987344
0!
#81973987344
0"
#81974030744
1!
#81974030744
1"
#81974056784
0!
#81974056784
0"
#81974065464
1!
#81974065464
1"
#81974074144
0!
#81974074144
0"
#81974100184
1!
#81974100184
1"
#81974117544
0!
#81974117544
0"
#81974126224
1!
#81974126224
1"
#81974143584
0!
#81974143584
0"
#81974152264
1!
#81974152264
1"
#81974160944
0!
#81974160944
0"
#81974169624
1!
#81974169624
1"
#81974178304
0!
#81974178304
0"
#81974213024
1!
#81974213024
1"
#81974230384
0!
#81974230384
0"
#81974239064
1!
#81974239064
1"
#81974247744
0!
#81974247744
0"
#81974256424
1!
#81974256424
1"
#81974265104
0!
#81974265104
0"
#81974282464
1!
#81974282464
1"
#81974317184
0!
#81974317184
0"
#81974325864
1!
#81974325864
1"
#81974334544
0!
#81974334544
0"
#81974386624
1!
#81974386624
1"
#81974395304
0!
#81974395304
0"
#81974412664
1!
#81974412664
1"
#81974421344
0!
#81974421344
0"
#81974447384
1!
#81974447384
1"
#81974456064
0!
#81974456064
0"
#81974464744
1!
#81974464744
1"
#81974490784
0!
#81974490784
0"
#81974499464
1!
#81974499464
1"
#81974508144
0!
#81974508144
0"
#81974516824
1!
#81974516824
1"
#81974525504
0!
#81974525504
0"
#81974542864
1!
#81974542864
1"
#81974551544
0!
#81974551544
0"
#81974560224
1!
#81974560224
1"
#81974577584
0!
#81974577584
0"
#81974586264
1!
#81974586264
1"
#81974594944
0!
#81974594944
0"
#81974603624
1!
#81974603624
1"
#81974612304
0!
#81974612304
0"
#81974620984
1!
#81974620984
1"
#81974638344
0!
#81974638344
0"
#81974647024
1!
#81974647024
1"
#81974664384
0!
#81974664384
0"
#81974673064
1!
#81974673064
1"
#81974681744
0!
#81974681744
0"
#81974690424
1!
#81974690424
1"
#81974699104
0!
#81974699104
0"
#81974707784
1!
#81974707784
1"
#81974716464
0!
#81974716464
0"
#81974733824
1!
#81974733824
1"
#81974751184
0!
#81974751184
0"
#81974759864
1!
#81974759864
1"
#81974768544
0!
#81974768544
0"
#81974785904
1!
#81974785904
1"
#81974794584
0!
#81974794584
0"
#81974803264
1!
#81974803264
1"
#81974829304
0!
#81974829304
0"
#81974846664
1!
#81974846664
1"
#81974855344
0!
#81974855344
0"
#81974907424
1!
#81974907424
1"
#81974916104
0!
#81974916104
0"
#81974933464
1!
#81974933464
1"
#81974942144
0!
#81974942144
0"
#81974959504
1!
#81974959504
1"
#81974968184
0!
#81974968184
0"
#81974985544
1!
#81974985544
1"
#81975002904
0!
#81975002904
0"
#81975020264
1!
#81975020264
1"
#81975028944
0!
#81975028944
0"
#81975072344
1!
#81975072344
1"
#81975089704
0!
#81975089704
0"
#81975107064
1!
#81975107064
1"
#81975115744
0!
#81975115744
0"
#81975159144
1!
#81975159144
1"
#81975176504
0!
#81975176504
0"
#81975193864
1!
#81975193864
1"
#81975202544
0!
#81975202544
0"
#81975245944
1!
#81975245944
1"
#81975263304
0!
#81975263304
0"
#81975280664
1!
#81975280664
1"
#81975289344
0!
#81975289344
0"
#81975315384
1!
#81975315384
1"
#81975332744
0!
#81975332744
0"
#81975341424
1!
#81975341424
1"
#81975350104
0!
#81975350104
0"
#81975367464
1!
#81975367464
1"
#81975376144
0!
#81975376144
0"
#81975428224
1!
#81975428224
1"
#81975436904
0!
#81975436904
0"
#81975454264
1!
#81975454264
1"
#81975462944
0!
#81975462944
0"
#81975471624
1!
#81975471624
1"
#81975488984
0!
#81975488984
0"
#81975506344
1!
#81975506344
1"
#81975532384
0!
#81975532384
0"
#81975541064
1!
#81975541064
1"
#81975549744
0!
#81975549744
0"
#81975558424
1!
#81975558424
1"
#81975567104
0!
#81975567104
0"
#81975575784
1!
#81975575784
1"
#81975584464
0!
#81975584464
0"
#81975601824
1!
#81975601824
1"
#81975619184
0!
#81975619184
0"
#81975627864
1!
#81975627864
1"
#81975636544
0!
#81975636544
0"
#81975653904
1!
#81975653904
1"
#81975679944
0!
#81975679944
0"
#81975688624
1!
#81975688624
1"
#81975705984
0!
#81975705984
0"
#81975714664
1!
#81975714664
1"
#81975723344
0!
#81975723344
0"
#81975732024
1!
#81975732024
1"
#81975749384
0!
#81975749384
0"
#81975766744
1!
#81975766744
1"
#81975792784
0!
#81975792784
0"
#81975801464
1!
#81975801464
1"
#81975810144
0!
#81975810144
0"
#81975818824
1!
#81975818824
1"
#81975853544
0!
#81975853544
0"
#81975862224
1!
#81975862224
1"
#81975879584
0!
#81975879584
0"
#81975888264
1!
#81975888264
1"
#81975896944
0!
#81975896944
0"
#81975914304
1!
#81975914304
1"
#81975922984
0!
#81975922984
0"
#81975940344
1!
#81975940344
1"
#81975966384
0!
#81975966384
0"
#81975975064
1!
#81975975064
1"
#81975983744
0!
#81975983744
0"
#81976035824
1!
#81976035824
1"
#81976044504
0!
#81976044504
0"
#81976061864
1!
#81976061864
1"
#81976070544
0!
#81976070544
0"
#81976096584
1!
#81976096584
1"
#81976105264
0!
#81976105264
0"
#81976113944
1!
#81976113944
1"
#81976139984
0!
#81976139984
0"
#81976148664
1!
#81976148664
1"
#81976157344
0!
#81976157344
0"
#81976166024
1!
#81976166024
1"
#81976174704
0!
#81976174704
0"
#81976192064
1!
#81976192064
1"
#81976200744
0!
#81976200744
0"
#81976209424
1!
#81976209424
1"
#81976226784
0!
#81976226784
0"
#81976235464
1!
#81976235464
1"
#81976244144
0!
#81976244144
0"
#81976252824
1!
#81976252824
1"
#81976261504
0!
#81976261504
0"
#81976270184
1!
#81976270184
1"
#81976287544
0!
#81976287544
0"
#81976296224
1!
#81976296224
1"
#81976313584
0!
#81976313584
0"
#81976322264
1!
#81976322264
1"
#81976330944
0!
#81976330944
0"
#81976339624
1!
#81976339624
1"
#81976348304
0!
#81976348304
0"
#81976356984
1!
#81976356984
1"
#81976365664
0!
#81976365664
0"
#81976383024
1!
#81976383024
1"
#81976400384
0!
#81976400384
0"
#81976409064
1!
#81976409064
1"
#81976417744
0!
#81976417744
0"
#81976435104
1!
#81976435104
1"
#81976443784
0!
#81976443784
0"
#81976452464
1!
#81976452464
1"
#81976478504
0!
#81976478504
0"
#81976495864
1!
#81976495864
1"
#81976504544
0!
#81976504544
0"
#81976556624
1!
#81976556624
1"
#81976565304
0!
#81976565304
0"
#81976582664
1!
#81976582664
1"
#81976591344
0!
#81976591344
0"
#81976600024
1!
#81976600024
1"
#81976608704
0!
#81976608704
0"
#81976617384
1!
#81976617384
1"
#81976626064
0!
#81976626064
0"
#81976634744
1!
#81976634744
1"
#81976652104
0!
#81976652104
0"
#81976669464
1!
#81976669464
1"
#81976678144
0!
#81976678144
0"
#81976721544
1!
#81976721544
1"
#81976738904
0!
#81976738904
0"
#81976756264
1!
#81976756264
1"
#81976764944
0!
#81976764944
0"
#81976808344
1!
#81976808344
1"
#81976825704
0!
#81976825704
0"
#81976843064
1!
#81976843064
1"
#81976851744
0!
#81976851744
0"
#81976869104
1!
#81976869104
1"
#81976877784
0!
#81976877784
0"
#81976886464
1!
#81976886464
1"
#81976895144
0!
#81976895144
0"
#81976929864
1!
#81976929864
1"
#81976938544
0!
#81976938544
0"
#81977016664
1!
#81977016664
1"
#81977025344
0!
#81977025344
0"
#81977060064
1!
#81977060064
1"
#81977068744
0!
#81977068744
0"
#81977103464
1!
#81977103464
1"
#81977112144
0!
#81977112144
0"
#81977190264
1!
#81977190264
1"
#81977198944
0!
#81977198944
0"
#81977277064
1!
#81977277064
1"
#81977285744
0!
#81977285744
0"
#81977363864
1!
#81977363864
1"
#81977372544
0!
#81977372544
0"
#81977424624
1!
#81977424624
1"
#81977441984
0!
#81977441984
0"
#81977450664
1!
#81977450664
1"
#81977459344
0!
#81977459344
0"
#81977476704
1!
#81977476704
1"
#81977502744
0!
#81977502744
0"
#81977520104
1!
#81977520104
1"
#81977546144
0!
#81977546144
0"
#81977563504
1!
#81977563504
1"
#81977589544
0!
#81977589544
0"
#81977606904
1!
#81977606904
1"
#81977632944
0!
#81977632944
0"
#81977641624
1!
#81977641624
1"
#81977693704
0!
#81977693704
0"
#81977711064
1!
#81977711064
1"
#81977719744
0!
#81977719744
0"
#81977728424
1!
#81977728424
1"
#81977745784
0!
#81977745784
0"
#81977797864
1!
#81977797864
1"
#81977806544
0!
#81977806544
0"
#81977884664
1!
#81977884664
1"
#81977893344
0!
#81977893344
0"
#81977971464
1!
#81977971464
1"
#81977980144
0!
#81977980144
0"
#81978058264
1!
#81978058264
1"
#81978066944
0!
#81978066944
0"
#81978075624
1!
#81978075624
1"
#81978084304
0!
#81978084304
0"
#81978101664
1!
#81978101664
1"
#81978110344
0!
#81978110344
0"
#81978127704
1!
#81978127704
1"
#81978153744
0!
#81978153744
0"
#81978171104
1!
#81978171104
1"
#81978179784
0!
#81978179784
0"
#81978197144
1!
#81978197144
1"
#81978205824
0!
#81978205824
0"
#81978223184
1!
#81978223184
1"
#84489039744
0!
#84489039744
0"
#84489048424
1!
#84489048424
1"
#84489057104
0!
#84489057104
0"
#84489065784
1!
#84489065784
1"
#84489074464
0!
#84489074464
0"
#84489091824
1!
#84489091824
1"
#84489100504
0!
#84489100504
0"
#84489109184
1!
#84489109184
1"
#84489126544
0!
#84489126544
0"
#84489143904
1!
#84489143904
1"
#84489152584
0!
#84489152584
0"
#84489161264
1!
#84489161264
1"
#84489178624
0!
#84489178624
0"
#84489187304
1!
#84489187304
1"
#84489195984
0!
#84489195984
0"
#84489204664
1!
#84489204664
1"
#84489213344
0!
#84489213344
0"
#84489222024
1!
#84489222024
1"
#84489230704
0!
#84489230704
0"
#84489291464
1!
#84489291464
1"
#84489300144
0!
#84489300144
0"
#84489326184
1!
#84489326184
1"
#84489334864
0!
#84489334864
0"
#84489352224
1!
#84489352224
1"
#84489369584
0!
#84489369584
0"
#84489378264
1!
#84489378264
1"
#84489386944
0!
#84489386944
0"
#84489404304
1!
#84489404304
1"
#84489412984
0!
#84489412984
0"
#84489430344
1!
#84489430344
1"
#84489439024
0!
#84489439024
0"
#84489447704
1!
#84489447704
1"
#84489456384
0!
#84489456384
0"
#84489465064
1!
#84489465064
1"
#84489473744
0!
#84489473744
0"
#84489482424
1!
#84489482424
1"
#84489491104
0!
#84489491104
0"
#84489499784
1!
#84489499784
1"
#84489508464
0!
#84489508464
0"
#84489525824
1!
#84489525824
1"
#84489543184
0!
#84489543184
0"
#84489551864
1!
#84489551864
1"
#84489560544
0!
#84489560544
0"
#84489569224
1!
#84489569224
1"
#84489586584
0!
#84489586584
0"
#84489603944
1!
#84489603944
1"
#84489629984
0!
#84489629984
0"
#84489638664
1!
#84489638664
1"
#84489647344
0!
#84489647344
0"
#84489656024
1!
#84489656024
1"
#84489664704
0!
#84489664704
0"
#84489673384
1!
#84489673384
1"
#84489682064
0!
#84489682064
0"
#84489690744
1!
#84489690744
1"
#84489716784
0!
#84489716784
0"
#84489725464
1!
#84489725464
1"
#84489734144
0!
#84489734144
0"
#84489760184
1!
#84489760184
1"
#84489777544
0!
#84489777544
0"
#84489786224
1!
#84489786224
1"
#84489803584
0!
#84489803584
0"
#84489812264
1!
#84489812264
1"
#84489820944
0!
#84489820944
0"
#84489846984
1!
#84489846984
1"
#84489855664
0!
#84489855664
0"
#84489864344
1!
#84489864344
1"
#84489890384
0!
#84489890384
0"
#84489899064
1!
#84489899064
1"
#84489907744
0!
#84489907744
0"
#84489925104
1!
#84489925104
1"
#84489933784
0!
#84489933784
0"
#84489942464
1!
#84489942464
1"
#84489968504
0!
#84489968504
0"
#84489985864
1!
#84489985864
1"
#84489994544
0!
#84489994544
0"
#84490046624
1!
#84490046624
1"
#84490055304
0!
#84490055304
0"
#84490072664
1!
#84490072664
1"
#84490081344
0!
#84490081344
0"
#84490090024
1!
#84490090024
1"
#84490116064
0!
#84490116064
0"
#84490133424
1!
#84490133424
1"
#84490150784
0!
#84490150784
0"
#84490159464
1!
#84490159464
1"
#84490168144
0!
#84490168144
0"
#84490202864
1!
#84490202864
1"
#84490237584
0!
#84490237584
0"
#84490246264
1!
#84490246264
1"
#84490254944
0!
#84490254944
0"
#84490272304
1!
#84490272304
1"
#84490280984
0!
#84490280984
0"
#84490289664
1!
#84490289664
1"
#84490315704
0!
#84490315704
0"
#84490333064
1!
#84490333064
1"
#84490341744
0!
#84490341744
0"
#84490393824
1!
#84490393824
1"
#84490402504
0!
#84490402504
0"
#84490419864
1!
#84490419864
1"
#84490428544
0!
#84490428544
0"
#84490480624
1!
#84490480624
1"
#84490489304
0!
#84490489304
0"
#84490506664
1!
#84490506664
1"
#84490515344
0!
#84490515344
0"
#84490567424
1!
#84490567424
1"
#84490576104
0!
#84490576104
0"
#84490593464
1!
#84490593464
1"
#84490602144
0!
#84490602144
0"
#84490654224
1!
#84490654224
1"
#84490662904
0!
#84490662904
0"
#84490680264
1!
#84490680264
1"
#84490688944
0!
#84490688944
0"
#84490741024
1!
#84490741024
1"
#84490749704
0!
#84490749704
0"
#84490767064
1!
#84490767064
1"
#84490775744
0!
#84490775744
0"
#84490827824
1!
#84490827824
1"
#84490836504
0!
#84490836504
0"
#84490853864
1!
#84490853864
1"
#84490862544
0!
#84490862544
0"
#84490905944
1!
#84490905944
1"
#84490923304
0!
#84490923304
0"
#84490940664
1!
#84490940664
1"
#84490949344
0!
#84490949344
0"
#84490966704
1!
#84490966704
1"
#84490992744
0!
#84490992744
0"
#84491001424
1!
#84491001424
1"
#84491010104
0!
#84491010104
0"
#84491027464
1!
#84491027464
1"
#84491036144
0!
#84491036144
0"
#84491079544
1!
#84491079544
1"
#84491096904
0!
#84491096904
0"
#84491114264
1!
#84491114264
1"
#84491122944
0!
#84491122944
0"
#84491148984
1!
#84491148984
1"
#84491166344
0!
#84491166344
0"
#84491175024
1!
#84491175024
1"
#84491183704
0!
#84491183704
0"
#84491201064
1!
#84491201064
1"
#84491209744
0!
#84491209744
0"
#84491261824
1!
#84491261824
1"
#84491270504
0!
#84491270504
0"
#84491287864
1!
#84491287864
1"
#84491296544
0!
#84491296544
0"
#84491305224
1!
#84491305224
1"
#84491331264
0!
#84491331264
0"
#84491348624
1!
#84491348624
1"
#84491365984
0!
#84491365984
0"
#84491374664
1!
#84491374664
1"
#84491383344
0!
#84491383344
0"
#84491392024
1!
#84491392024
1"
#84491400704
0!
#84491400704
0"
#84491418064
1!
#84491418064
1"
#84491452784
0!
#84491452784
0"
#84491461464
1!
#84491461464
1"
#84491470144
0!
#84491470144
0"
#84491487504
1!
#84491487504
1"
#84491496184
0!
#84491496184
0"
#84491504864
1!
#84491504864
1"
#84491530904
0!
#84491530904
0"
#84491548264
1!
#84491548264
1"
#84491556944
0!
#84491556944
0"
#84491609024
1!
#84491609024
1"
#84491617704
0!
#84491617704
0"
#84491635064
1!
#84491635064
1"
#84491643744
0!
#84491643744
0"
#84491695824
1!
#84491695824
1"
#84491704504
0!
#84491704504
0"
#84491721864
1!
#84491721864
1"
#84491730544
0!
#84491730544
0"
#84491782624
1!
#84491782624
1"
#84491791304
0!
#84491791304
0"
#84491808664
1!
#84491808664
1"
#84491817344
0!
#84491817344
0"
#84491869424
1!
#84491869424
1"
#84491878104
0!
#84491878104
0"
#84491895464
1!
#84491895464
1"
#84491904144
0!
#84491904144
0"
#84491956224
1!
#84491956224
1"
#84491964904
0!
#84491964904
0"
#84491982264
1!
#84491982264
1"
#84491990944
0!
#84491990944
0"
#84492043024
1!
#84492043024
1"
#84492051704
0!
#84492051704
0"
#84492069064
1!
#84492069064
1"
#84492077744
0!
#84492077744
0"
#84492121144
1!
#84492121144
1"
#84492138504
0!
#84492138504
0"
#84492155864
1!
#84492155864
1"
#84492164544
0!
#84492164544
0"
#84492181904
1!
#84492181904
1"
#84492207944
0!
#84492207944
0"
#84492216624
1!
#84492216624
1"
#84492225304
0!
#84492225304
0"
#84492242664
1!
#84492242664
1"
#84492251344
0!
#84492251344
0"
#84492294744
1!
#84492294744
1"
#84492312104
0!
#84492312104
0"
#84492329464
1!
#84492329464
1"
#84492338144
0!
#84492338144
0"
#84492364184
1!
#84492364184
1"
#84492381544
0!
#84492381544
0"
#84492390224
1!
#84492390224
1"
#84492398904
0!
#84492398904
0"
#84492416264
1!
#84492416264
1"
#84492424944
0!
#84492424944
0"
#84492477024
1!
#84492477024
1"
#84492485704
0!
#84492485704
0"
#84492503064
1!
#84492503064
1"
#84492511744
0!
#84492511744
0"
#84492520424
1!
#84492520424
1"
#84492546464
0!
#84492546464
0"
#84492563824
1!
#84492563824
1"
#84492581184
0!
#84492581184
0"
#84492589864
1!
#84492589864
1"
#84492598544
0!
#84492598544
0"
#84492615904
1!
#84492615904
1"
#84492624584
0!
#84492624584
0"
#84492633264
1!
#84492633264
1"
#84492667984
0!
#84492667984
0"
#84492676664
1!
#84492676664
1"
#84492685344
0!
#84492685344
0"
#84492702704
1!
#84492702704
1"
#84492711384
0!
#84492711384
0"
#84492720064
1!
#84492720064
1"
#84492746104
0!
#84492746104
0"
#84492763464
1!
#84492763464
1"
#84492772144
0!
#84492772144
0"
#84492824224
1!
#84492824224
1"
#84492832904
0!
#84492832904
0"
#84492850264
1!
#84492850264
1"
#84492858944
0!
#84492858944
0"
#84492911024
1!
#84492911024
1"
#84492919704
0!
#84492919704
0"
#84492937064
1!
#84492937064
1"
#84492945744
0!
#84492945744
0"
#84492997824
1!
#84492997824
1"
#84493006504
0!
#84493006504
0"
#84493023864
1!
#84493023864
1"
#84493032544
0!
#84493032544
0"
#84493084624
1!
#84493084624
1"
#84493093304
0!
#84493093304
0"
#84493110664
1!
#84493110664
1"
#84493119344
0!
#84493119344
0"
#84493171424
1!
#84493171424
1"
#84493180104
0!
#84493180104
0"
#84493197464
1!
#84493197464
1"
#84493206144
0!
#84493206144
0"
#84493258224
1!
#84493258224
1"
#84493266904
0!
#84493266904
0"
#84493284264
1!
#84493284264
1"
#84493292944
0!
#84493292944
0"
#84493336344
1!
#84493336344
1"
#84493353704
0!
#84493353704
0"
#84493371064
1!
#84493371064
1"
#84493379744
0!
#84493379744
0"
#84493397104
1!
#84493397104
1"
#84493423144
0!
#84493423144
0"
#84493431824
1!
#84493431824
1"
#84493440504
0!
#84493440504
0"
#84493457864
1!
#84493457864
1"
#84493466544
0!
#84493466544
0"
#84493509944
1!
#84493509944
1"
#84493527304
0!
#84493527304
0"
#84493544664
1!
#84493544664
1"
#84493553344
0!
#84493553344
0"
#84493579384
1!
#84493579384
1"
#84493596744
0!
#84493596744
0"
#84493605424
1!
#84493605424
1"
#84493614104
0!
#84493614104
0"
#84493631464
1!
#84493631464
1"
#84493640144
0!
#84493640144
0"
#84493692224
1!
#84493692224
1"
#84493700904
0!
#84493700904
0"
#84493718264
1!
#84493718264
1"
#84493726944
0!
#84493726944
0"
#84493752984
1!
#84493752984
1"
#84493761664
0!
#84493761664
0"
#84493779024
1!
#84493779024
1"
#84493796384
0!
#84493796384
0"
#84493805064
1!
#84493805064
1"
#84493813744
0!
#84493813744
0"
#84493822424
1!
#84493822424
1"
#84493831104
0!
#84493831104
0"
#84493848464
1!
#84493848464
1"
#84493857144
0!
#84493857144
0"
#84493865824
1!
#84493865824
1"
#84493883184
0!
#84493883184
0"
#84493891864
1!
#84493891864
1"
#84493900544
0!
#84493900544
0"
#84493909224
1!
#84493909224
1"
#84493926584
0!
#84493926584
0"
#84493943944
1!
#84493943944
1"
#84493969984
0!
#84493969984
0"
#84493978664
1!
#84493978664
1"
#84493987344
0!
#84493987344
0"
#84494030744
1!
#84494030744
1"
#84494056784
0!
#84494056784
0"
#84494065464
1!
#84494065464
1"
#84494074144
0!
#84494074144
0"
#84494100184
1!
#84494100184
1"
#84494117544
0!
#84494117544
0"
#84494126224
1!
#84494126224
1"
#84494143584
0!
#84494143584
0"
#84494152264
1!
#84494152264
1"
#84494160944
0!
#84494160944
0"
#84494169624
1!
#84494169624
1"
#84494178304
0!
#84494178304
0"
#84494213024
1!
#84494213024
1"
#84494230384
0!
#84494230384
0"
#84494239064
1!
#84494239064
1"
#84494247744
0!
#84494247744
0"
#84494256424
1!
#84494256424
1"
#84494265104
0!
#84494265104
0"
#84494282464
1!
#84494282464
1"
#84494317184
0!
#84494317184
0"
#84494325864
1!
#84494325864
1"
#84494334544
0!
#84494334544
0"
#84494386624
1!
#84494386624
1"
#84494395304
0!
#84494395304
0"
#84494412664
1!
#84494412664
1"
#84494421344
0!
#84494421344
0"
#84494447384
1!
#84494447384
1"
#84494456064
0!
#84494456064
0"
#84494464744
1!
#84494464744
1"
#84494490784
0!
#84494490784
0"
#84494499464
1!
#84494499464
1"
#84494508144
0!
#84494508144
0"
#84494516824
1!
#84494516824
1"
#84494525504
0!
#84494525504
0"
#84494542864
1!
#84494542864
1"
#84494551544
0!
#84494551544
0"
#84494560224
1!
#84494560224
1"
#84494577584
0!
#84494577584
0"
#84494586264
1!
#84494586264
1"
#84494594944
0!
#84494594944
0"
#84494603624
1!
#84494603624
1"
#84494612304
0!
#84494612304
0"
#84494620984
1!
#84494620984
1"
#84494638344
0!
#84494638344
0"
#84494647024
1!
#84494647024
1"
#84494664384
0!
#84494664384
0"
#84494673064
1!
#84494673064
1"
#84494681744
0!
#84494681744
0"
#84494690424
1!
#84494690424
1"
#84494699104
0!
#84494699104
0"
#84494707784
1!
#84494707784
1"
#84494716464
0!
#84494716464
0"
#84494733824
1!
#84494733824
1"
#84494751184
0!
#84494751184
0"
#84494759864
1!
#84494759864
1"
#84494768544
0!
#84494768544
0"
#84494785904
1!
#84494785904
1"
#84494794584
0!
#84494794584
0"
#84494803264
1!
#84494803264
1"
#84494829304
0!
#84494829304
0"
#84494846664
1!
#84494846664
1"
#84494855344
0!
#84494855344
0"
#84494907424
1!
#84494907424
1"
#84494916104
0!
#84494916104
0"
#84494933464
1!
#84494933464
1"
#84494942144
0!
#84494942144
0"
#84494959504
1!
#84494959504
1"
#84494968184
0!
#84494968184
0"
#84494985544
1!
#84494985544
1"
#84495002904
0!
#84495002904
0"
#84495020264
1!
#84495020264
1"
#84495028944
0!
#84495028944
0"
#84495072344
1!
#84495072344
1"
#84495089704
0!
#84495089704
0"
#84495107064
1!
#84495107064
1"
#84495115744
0!
#84495115744
0"
#84495159144
1!
#84495159144
1"
#84495176504
0!
#84495176504
0"
#84495193864
1!
#84495193864
1"
#84495202544
0!
#84495202544
0"
#84495245944
1!
#84495245944
1"
#84495263304
0!
#84495263304
0"
#84495280664
1!
#84495280664
1"
#84495289344
0!
#84495289344
0"
#84495315384
1!
#84495315384
1"
#84495332744
0!
#84495332744
0"
#84495341424
1!
#84495341424
1"
#84495350104
0!
#84495350104
0"
#84495367464
1!
#84495367464
1"
#84495376144
0!
#84495376144
0"
#84495428224
1!
#84495428224
1"
#84495436904
0!
#84495436904
0"
#84495454264
1!
#84495454264
1"
#84495462944
0!
#84495462944
0"
#84495471624
1!
#84495471624
1"
#84495488984
0!
#84495488984
0"
#84495506344
1!
#84495506344
1"
#84495532384
0!
#84495532384
0"
#84495541064
1!
#84495541064
1"
#84495549744
0!
#84495549744
0"
#84495558424
1!
#84495558424
1"
#84495567104
0!
#84495567104
0"
#84495575784
1!
#84495575784
1"
#84495584464
0!
#84495584464
0"
#84495601824
1!
#84495601824
1"
#84495619184
0!
#84495619184
0"
#84495627864
1!
#84495627864
1"
#84495636544
0!
#84495636544
0"
#84495653904
1!
#84495653904
1"
#84495679944
0!
#84495679944
0"
#84495688624
1!
#84495688624
1"
#84495705984
0!
#84495705984
0"
#84495714664
1!
#84495714664
1"
#84495723344
0!
#84495723344
0"
#84495732024
1!
#84495732024
1"
#84495749384
0!
#84495749384
0"
#84495766744
1!
#84495766744
1"
#84495792784
0!
#84495792784
0"
#84495801464
1!
#84495801464
1"
#84495810144
0!
#84495810144
0"
#84495818824
1!
#84495818824
1"
#84495853544
0!
#84495853544
0"
#84495862224
1!
#84495862224
1"
#84495879584
0!
#84495879584
0"
#84495888264
1!
#84495888264
1"
#84495896944
0!
#84495896944
0"
#84495914304
1!
#84495914304
1"
#84495922984
0!
#84495922984
0"
#84495940344
1!
#84495940344
1"
#84495966384
0!
#84495966384
0"
#84495975064
1!
#84495975064
1"
#84495983744
0!
#84495983744
0"
#84496035824
1!
#84496035824
1"
#84496044504
0!
#84496044504
0"
#84496061864
1!
#84496061864
1"
#84496070544
0!
#84496070544
0"
#84496096584
1!
#84496096584
1"
#84496105264
0!
#84496105264
0"
#84496113944
1!
#84496113944
1"
#84496139984
0!
#84496139984
0"
#84496148664
1!
#84496148664
1"
#84496157344
0!
#84496157344
0"
#84496166024
1!
#84496166024
1"
#84496174704
0!
#84496174704
0"
#84496192064
1!
#84496192064
1"
#84496200744
0!
#84496200744
0"
#84496209424
1!
#84496209424
1"
#84496226784
0!
#84496226784
0"
#84496235464
1!
#84496235464
1"
#84496244144
0!
#84496244144
0"
#84496252824
1!
#84496252824
1"
#84496261504
0!
#84496261504
0"
#84496270184
1!
#84496270184
1"
#84496287544
0!
#84496287544
0"
#84496296224
1!
#84496296224
1"
#84496313584
0!
#84496313584
0"
#84496322264
1!
#84496322264
1"
#84496330944
0!
#84496330944
0"
#84496339624
1!
#84496339624
1"
#84496348304
0!
#84496348304
0"
#84496356984
1!
#84496356984
1"
#84496365664
0!
#84496365664
0"
#84496383024
1!
#84496383024
1"
#84496400384
0!
#84496400384
0"
#84496409064
1!
#84496409064
1"
#84496417744
0!
#84496417744
0"
#84496435104
1!
#84496435104
1"
#84496443784
0!
#84496443784
0"
#84496452464
1!
#84496452464
1"
#84496478504
0!
#84496478504
0"
#84496495864
1!
#84496495864
1"
#84496504544
0!
#84496504544
0"
#84496556624
1!
#84496556624
1"
#84496565304
0!
#84496565304
0"
#84496582664
1!
#84496582664
1"
#84496591344
0!
#84496591344
0"
#84496600024
1!
#84496600024
1"
#84496608704
0!
#84496608704
0"
#84496617384
1!
#84496617384
1"
#84496626064
0!
#84496626064
0"
#84496634744
1!
#84496634744
1"
#84496652104
0!
#84496652104
0"
#84496669464
1!
#84496669464
1"
#84496678144
0!
#84496678144
0"
#84496721544
1!
#84496721544
1"
#84496738904
0!
#84496738904
0"
#84496756264
1!
#84496756264
1"
#84496764944
0!
#84496764944
0"
#84496808344
1!
#84496808344
1"
#84496825704
0!
#84496825704
0"
#84496843064
1!
#84496843064
1"
#84496851744
0!
#84496851744
0"
#84496869104
1!
#84496869104
1"
#84496877784
0!
#84496877784
0"
#84496886464
1!
#84496886464
1"
#84496895144
0!
#84496895144
0"
#84496929864
1!
#84496929864
1"
#84496938544
0!
#84496938544
0"
#84497016664
1!
#84497016664
1"
#84497025344
0!
#84497025344
0"
#84497060064
1!
#84497060064
1"
#84497068744
0!
#84497068744
0"
#84497103464
1!
#84497103464
1"
#84497112144
0!
#84497112144
0"
#84497190264
1!
#84497190264
1"
#84497198944
0!
#84497198944
0"
#84497277064
1!
#84497277064
1"
#84497285744
0!
#84497285744
0"
#84497363864
1!
#84497363864
1"
#84497372544
0!
#84497372544
0"
#84497424624
1!
#84497424624
1"
#84497441984
0!
#84497441984
0"
#84497450664
1!
#84497450664
1"
#84497459344
0!
#84497459344
0"
#84497476704
1!
#84497476704
1"
#84497502744
0!
#84497502744
0"
#84497520104
1!
#84497520104
1"
#84497546144
0!
#84497546144
0"
#84497563504
1!
#84497563504
1"
#84497589544
0!
#84497589544
0"
#84497606904
1!
#84497606904
1"
#84497632944
0!
#84497632944
0"
#84497641624
1!
#84497641624
1"
#84497693704
0!
#84497693704
0"
#84497711064
1!
#84497711064
1"
#84497719744
0!
#84497719744
0"
#84497728424
1!
#84497728424
1"
#84497745784
0!
#84497745784
0"
#84497797864
1!
#84497797864
1"
#84497806544
0!
#84497806544
0"
#84497884664
1!
#84497884664
1"
#84497893344
0!
#84497893344
0"
#84497971464
1!
#84497971464
1"
#84497980144
0!
#84497980144
0"
#84498058264
1!
#84498058264
1"
#84498066944
0!
#84498066944
0"
#84498075624
1!
#84498075624
1"
#84498084304
0!
#84498084304
0"
#84498101664
1!
#84498101664
1"
#84498110344
0!
#84498110344
0"
#84498127704
1!
#84498127704
1"
#84498153744
0!
#84498153744
0"
#84498171104
1!
#84498171104
1"
#84498179784
0!
#84498179784
0"
#84498197144
1!
#84498197144
1"
#84498205824
0!
#84498205824
0"
#84498223184
1!
#84498223184
1"
#87009039744
0!
#87009039744
0"
#87009048424
1!
#87009048424
1"
#87009057104
0!
#87009057104
0"
#87009065784
1!
#87009065784
1"
#87009074464
0!
#87009074464
0"
#87009091824
1!
#87009091824
1"
#87009100504
0!
#87009100504
0"
#87009109184
1!
#87009109184
1"
#87009126544
0!
#87009126544
0"
#87009143904
1!
#87009143904
1"
#87009152584
0!
#87009152584
0"
#87009161264
1!
#87009161264
1"
#87009178624
0!
#87009178624
0"
#87009187304
1!
#87009187304
1"
#87009195984
0!
#87009195984
0"
#87009204664
1!
#87009204664
1"
#87009213344
0!
#87009213344
0"
#87009222024
1!
#87009222024
1"
#87009230704
0!
#87009230704
0"
#87009291464
1!
#87009291464
1"
#87009300144
0!
#87009300144
0"
#87009326184
1!
#87009326184
1"
#87009334864
0!
#87009334864
0"
#87009352224
1!
#87009352224
1"
#87009369584
0!
#87009369584
0"
#87009378264
1!
#87009378264
1"
#87009386944
0!
#87009386944
0"
#87009404304
1!
#87009404304
1"
#87009412984
0!
#87009412984
0"
#87009430344
1!
#87009430344
1"
#87009439024
0!
#87009439024
0"
#87009447704
1!
#87009447704
1"
#87009456384
0!
#87009456384
0"
#87009465064
1!
#87009465064
1"
#87009473744
0!
#87009473744
0"
#87009482424
1!
#87009482424
1"
#87009491104
0!
#87009491104
0"
#87009499784
1!
#87009499784
1"
#87009508464
0!
#87009508464
0"
#87009525824
1!
#87009525824
1"
#87009543184
0!
#87009543184
0"
#87009551864
1!
#87009551864
1"
#87009560544
0!
#87009560544
0"
#87009569224
1!
#87009569224
1"
#87009586584
0!
#87009586584
0"
#87009603944
1!
#87009603944
1"
#87009629984
0!
#87009629984
0"
#87009638664
1!
#87009638664
1"
#87009647344
0!
#87009647344
0"
#87009656024
1!
#87009656024
1"
#87009664704
0!
#87009664704
0"
#87009673384
1!
#87009673384
1"
#87009682064
0!
#87009682064
0"
#87009690744
1!
#87009690744
1"
#87009716784
0!
#87009716784
0"
#87009725464
1!
#87009725464
1"
#87009734144
0!
#87009734144
0"
#87009760184
1!
#87009760184
1"
#87009777544
0!
#87009777544
0"
#87009786224
1!
#87009786224
1"
#87009803584
0!
#87009803584
0"
#87009812264
1!
#87009812264
1"
#87009820944
0!
#87009820944
0"
#87009846984
1!
#87009846984
1"
#87009855664
0!
#87009855664
0"
#87009864344
1!
#87009864344
1"
#87009890384
0!
#87009890384
0"
#87009899064
1!
#87009899064
1"
#87009907744
0!
#87009907744
0"
#87009925104
1!
#87009925104
1"
#87009933784
0!
#87009933784
0"
#87009942464
1!
#87009942464
1"
#87009968504
0!
#87009968504
0"
#87009985864
1!
#87009985864
1"
#87009994544
0!
#87009994544
0"
#87010046624
1!
#87010046624
1"
#87010055304
0!
#87010055304
0"
#87010072664
1!
#87010072664
1"
#87010081344
0!
#87010081344
0"
#87010090024
1!
#87010090024
1"
#87010116064
0!
#87010116064
0"
#87010133424
1!
#87010133424
1"
#87010150784
0!
#87010150784
0"
#87010159464
1!
#87010159464
1"
#87010168144
0!
#87010168144
0"
#87010202864
1!
#87010202864
1"
#87010237584
0!
#87010237584
0"
#87010246264
1!
#87010246264
1"
#87010254944
0!
#87010254944
0"
#87010272304
1!
#87010272304
1"
#87010280984
0!
#87010280984
0"
#87010289664
1!
#87010289664
1"
#87010315704
0!
#87010315704
0"
#87010333064
1!
#87010333064
1"
#87010341744
0!
#87010341744
0"
#87010393824
1!
#87010393824
1"
#87010402504
0!
#87010402504
0"
#87010419864
1!
#87010419864
1"
#87010428544
0!
#87010428544
0"
#87010480624
1!
#87010480624
1"
#87010489304
0!
#87010489304
0"
#87010506664
1!
#87010506664
1"
#87010515344
0!
#87010515344
0"
#87010567424
1!
#87010567424
1"
#87010576104
0!
#87010576104
0"
#87010593464
1!
#87010593464
1"
#87010602144
0!
#87010602144
0"
#87010654224
1!
#87010654224
1"
#87010662904
0!
#87010662904
0"
#87010680264
1!
#87010680264
1"
#87010688944
0!
#87010688944
0"
#87010741024
1!
#87010741024
1"
#87010749704
0!
#87010749704
0"
#87010767064
1!
#87010767064
1"
#87010775744
0!
#87010775744
0"
#87010827824
1!
#87010827824
1"
#87010836504
0!
#87010836504
0"
#87010853864
1!
#87010853864
1"
#87010862544
0!
#87010862544
0"
#87010905944
1!
#87010905944
1"
#87010923304
0!
#87010923304
0"
#87010940664
1!
#87010940664
1"
#87010949344
0!
#87010949344
0"
#87010966704
1!
#87010966704
1"
#87010992744
0!
#87010992744
0"
#87011001424
1!
#87011001424
1"
#87011010104
0!
#87011010104
0"
#87011027464
1!
#87011027464
1"
#87011036144
0!
#87011036144
0"
#87011079544
1!
#87011079544
1"
#87011096904
0!
#87011096904
0"
#87011114264
1!
#87011114264
1"
#87011122944
0!
#87011122944
0"
#87011148984
1!
#87011148984
1"
#87011166344
0!
#87011166344
0"
#87011175024
1!
#87011175024
1"
#87011183704
0!
#87011183704
0"
#87011201064
1!
#87011201064
1"
#87011209744
0!
#87011209744
0"
#87011261824
1!
#87011261824
1"
#87011270504
0!
#87011270504
0"
#87011287864
1!
#87011287864
1"
#87011296544
0!
#87011296544
0"
#87011305224
1!
#87011305224
1"
#87011331264
0!
#87011331264
0"
#87011348624
1!
#87011348624
1"
#87011365984
0!
#87011365984
0"
#87011374664
1!
#87011374664
1"
#87011383344
0!
#87011383344
0"
#87011392024
1!
#87011392024
1"
#87011400704
0!
#87011400704
0"
#87011418064
1!
#87011418064
1"
#87011452784
0!
#87011452784
0"
#87011461464
1!
#87011461464
1"
#87011470144
0!
#87011470144
0"
#87011487504
1!
#87011487504
1"
#87011496184
0!
#87011496184
0"
#87011504864
1!
#87011504864
1"
#87011530904
0!
#87011530904
0"
#87011548264
1!
#87011548264
1"
#87011556944
0!
#87011556944
0"
#87011609024
1!
#87011609024
1"
#87011617704
0!
#87011617704
0"
#87011635064
1!
#87011635064
1"
#87011643744
0!
#87011643744
0"
#87011695824
1!
#87011695824
1"
#87011704504
0!
#87011704504
0"
#87011721864
1!
#87011721864
1"
#87011730544
0!
#87011730544
0"
#87011782624
1!
#87011782624
1"
#87011791304
0!
#87011791304
0"
#87011808664
1!
#87011808664
1"
#87011817344
0!
#87011817344
0"
#87011869424
1!
#87011869424
1"
#87011878104
0!
#87011878104
0"
#87011895464
1!
#87011895464
1"
#87011904144
0!
#87011904144
0"
#87011956224
1!
#87011956224
1"
#87011964904
0!
#87011964904
0"
#87011982264
1!
#87011982264
1"
#87011990944
0!
#87011990944
0"
#87012043024
1!
#87012043024
1"
#87012051704
0!
#87012051704
0"
#87012069064
1!
#87012069064
1"
#87012077744
0!
#87012077744
0"
#87012121144
1!
#87012121144
1"
#87012138504
0!
#87012138504
0"
#87012155864
1!
#87012155864
1"
#87012164544
0!
#87012164544
0"
#87012181904
1!
#87012181904
1"
#87012207944
0!
#87012207944
0"
#87012216624
1!
#87012216624
1"
#87012225304
0!
#87012225304
0"
#87012242664
1!
#87012242664
1"
#87012251344
0!
#87012251344
0"
#87012294744
1!
#87012294744
1"
#87012312104
0!
#87012312104
0"
#87012329464
1!
#87012329464
1"
#87012338144
0!
#87012338144
0"
#87012364184
1!
#87012364184
1"
#87012381544
0!
#87012381544
0"
#87012390224
1!
#87012390224
1"
#87012398904
0!
#87012398904
0"
#87012416264
1!
#87012416264
1"
#87012424944
0!
#87012424944
0"
#87012477024
1!
#87012477024
1"
#87012485704
0!
#87012485704
0"
#87012503064
1!
#87012503064
1"
#87012511744
0!
#87012511744
0"
#87012520424
1!
#87012520424
1"
#87012546464
0!
#87012546464
0"
#87012563824
1!
#87012563824
1"
#87012581184
0!
#87012581184
0"
#87012589864
1!
#87012589864
1"
#87012598544
0!
#87012598544
0"
#87012615904
1!
#87012615904
1"
#87012624584
0!
#87012624584
0"
#87012633264
1!
#87012633264
1"
#87012667984
0!
#87012667984
0"
#87012676664
1!
#87012676664
1"
#87012685344
0!
#87012685344
0"
#87012702704
1!
#87012702704
1"
#87012711384
0!
#87012711384
0"
#87012720064
1!
#87012720064
1"
#87012746104
0!
#87012746104
0"
#87012763464
1!
#87012763464
1"
#87012772144
0!
#87012772144
0"
#87012824224
1!
#87012824224
1"
#87012832904
0!
#87012832904
0"
#87012850264
1!
#87012850264
1"
#87012858944
0!
#87012858944
0"
#87012911024
1!
#87012911024
1"
#87012919704
0!
#87012919704
0"
#87012937064
1!
#87012937064
1"
#87012945744
0!
#87012945744
0"
#87012997824
1!
#87012997824
1"
#87013006504
0!
#87013006504
0"
#87013023864
1!
#87013023864
1"
#87013032544
0!
#87013032544
0"
#87013084624
1!
#87013084624
1"
#87013093304
0!
#87013093304
0"
#87013110664
1!
#87013110664
1"
#87013119344
0!
#87013119344
0"
#87013171424
1!
#87013171424
1"
#87013180104
0!
#87013180104
0"
#87013197464
1!
#87013197464
1"
#87013206144
0!
#87013206144
0"
#87013258224
1!
#87013258224
1"
#87013266904
0!
#87013266904
0"
#87013284264
1!
#87013284264
1"
#87013292944
0!
#87013292944
0"
#87013336344
1!
#87013336344
1"
#87013353704
0!
#87013353704
0"
#87013371064
1!
#87013371064
1"
#87013379744
0!
#87013379744
0"
#87013397104
1!
#87013397104
1"
#87013423144
0!
#87013423144
0"
#87013431824
1!
#87013431824
1"
#87013440504
0!
#87013440504
0"
#87013457864
1!
#87013457864
1"
#87013466544
0!
#87013466544
0"
#87013509944
1!
#87013509944
1"
#87013527304
0!
#87013527304
0"
#87013544664
1!
#87013544664
1"
#87013553344
0!
#87013553344
0"
#87013579384
1!
#87013579384
1"
#87013596744
0!
#87013596744
0"
#87013605424
1!
#87013605424
1"
#87013614104
0!
#87013614104
0"
#87013631464
1!
#87013631464
1"
#87013640144
0!
#87013640144
0"
#87013692224
1!
#87013692224
1"
#87013700904
0!
#87013700904
0"
#87013718264
1!
#87013718264
1"
#87013726944
0!
#87013726944
0"
#87013752984
1!
#87013752984
1"
#87013761664
0!
#87013761664
0"
#87013779024
1!
#87013779024
1"
#87013796384
0!
#87013796384
0"
#87013805064
1!
#87013805064
1"
#87013813744
0!
#87013813744
0"
#87013822424
1!
#87013822424
1"
#87013831104
0!
#87013831104
0"
#87013848464
1!
#87013848464
1"
#87013857144
0!
#87013857144
0"
#87013865824
1!
#87013865824
1"
#87013883184
0!
#87013883184
0"
#87013891864
1!
#87013891864
1"
#87013900544
0!
#87013900544
0"
#87013909224
1!
#87013909224
1"
#87013926584
0!
#87013926584
0"
#87013943944
1!
#87013943944
1"
#87013969984
0!
#87013969984
0"
#87013978664
1!
#87013978664
1"
#87013987344
0!
#87013987344
0"
#87014030744
1!
#87014030744
1"
#87014056784
0!
#87014056784
0"
#87014065464
1!
#87014065464
1"
#87014074144
0!
#87014074144
0"
#87014100184
1!
#87014100184
1"
#87014117544
0!
#87014117544
0"
#87014126224
1!
#87014126224
1"
#87014143584
0!
#87014143584
0"
#87014152264
1!
#87014152264
1"
#87014160944
0!
#87014160944
0"
#87014169624
1!
#87014169624
1"
#87014178304
0!
#87014178304
0"
#87014213024
1!
#87014213024
1"
#87014230384
0!
#87014230384
0"
#87014239064
1!
#87014239064
1"
#87014247744
0!
#87014247744
0"
#87014256424
1!
#87014256424
1"
#87014265104
0!
#87014265104
0"
#87014282464
1!
#87014282464
1"
#87014317184
0!
#87014317184
0"
#87014325864
1!
#87014325864
1"
#87014334544
0!
#87014334544
0"
#87014386624
1!
#87014386624
1"
#87014395304
0!
#87014395304
0"
#87014412664
1!
#87014412664
1"
#87014421344
0!
#87014421344
0"
#87014447384
1!
#87014447384
1"
#87014456064
0!
#87014456064
0"
#87014464744
1!
#87014464744
1"
#87014490784
0!
#87014490784
0"
#87014499464
1!
#87014499464
1"
#87014508144
0!
#87014508144
0"
#87014516824
1!
#87014516824
1"
#87014525504
0!
#87014525504
0"
#87014542864
1!
#87014542864
1"
#87014551544
0!
#87014551544
0"
#87014560224
1!
#87014560224
1"
#87014577584
0!
#87014577584
0"
#87014586264
1!
#87014586264
1"
#87014594944
0!
#87014594944
0"
#87014603624
1!
#87014603624
1"
#87014612304
0!
#87014612304
0"
#87014620984
1!
#87014620984
1"
#87014638344
0!
#87014638344
0"
#87014647024
1!
#87014647024
1"
#87014664384
0!
#87014664384
0"
#87014673064
1!
#87014673064
1"
#87014681744
0!
#87014681744
0"
#87014690424
1!
#87014690424
1"
#87014699104
0!
#87014699104
0"
#87014707784
1!
#87014707784
1"
#87014716464
0!
#87014716464
0"
#87014733824
1!
#87014733824
1"
#87014751184
0!
#87014751184
0"
#87014759864
1!
#87014759864
1"
#87014768544
0!
#87014768544
0"
#87014785904
1!
#87014785904
1"
#87014794584
0!
#87014794584
0"
#87014803264
1!
#87014803264
1"
#87014829304
0!
#87014829304
0"
#87014846664
1!
#87014846664
1"
#87014855344
0!
#87014855344
0"
#87014907424
1!
#87014907424
1"
#87014916104
0!
#87014916104
0"
#87014933464
1!
#87014933464
1"
#87014942144
0!
#87014942144
0"
#87014959504
1!
#87014959504
1"
#87014968184
0!
#87014968184
0"
#87014985544
1!
#87014985544
1"
#87015002904
0!
#87015002904
0"
#87015020264
1!
#87015020264
1"
#87015028944
0!
#87015028944
0"
#87015072344
1!
#87015072344
1"
#87015089704
0!
#87015089704
0"
#87015107064
1!
#87015107064
1"
#87015115744
0!
#87015115744
0"
#87015159144
1!
#87015159144
1"
#87015176504
0!
#87015176504
0"
#87015193864
1!
#87015193864
1"
#87015202544
0!
#87015202544
0"
#87015245944
1!
#87015245944
1"
#87015263304
0!
#87015263304
0"
#87015280664
1!
#87015280664
1"
#87015289344
0!
#87015289344
0"
#87015315384
1!
#87015315384
1"
#87015332744
0!
#87015332744
0"
#87015341424
1!
#87015341424
1"
#87015350104
0!
#87015350104
0"
#87015367464
1!
#87015367464
1"
#87015376144
0!
#87015376144
0"
#87015428224
1!
#87015428224
1"
#87015436904
0!
#87015436904
0"
#87015454264
1!
#87015454264
1"
#87015462944
0!
#87015462944
0"
#87015471624
1!
#87015471624
1"
#87015488984
0!
#87015488984
0"
#87015506344
1!
#87015506344
1"
#87015532384
0!
#87015532384
0"
#87015541064
1!
#87015541064
1"
#87015549744
0!
#87015549744
0"
#87015558424
1!
#87015558424
1"
#87015567104
0!
#87015567104
0"
#87015575784
1!
#87015575784
1"
#87015584464
0!
#87015584464
0"
#87015601824
1!
#87015601824
1"
#87015619184
0!
#87015619184
0"
#87015627864
1!
#87015627864
1"
#87015636544
0!
#87015636544
0"
#87015653904
1!
#87015653904
1"
#87015679944
0!
#87015679944
0"
#87015688624
1!
#87015688624
1"
#87015705984
0!
#87015705984
0"
#87015714664
1!
#87015714664
1"
#87015723344
0!
#87015723344
0"
#87015732024
1!
#87015732024
1"
#87015749384
0!
#87015749384
0"
#87015766744
1!
#87015766744
1"
#87015792784
0!
#87015792784
0"
#87015801464
1!
#87015801464
1"
#87015810144
0!
#87015810144
0"
#87015818824
1!
#87015818824
1"
#87015853544
0!
#87015853544
0"
#87015862224
1!
#87015862224
1"
#87015879584
0!
#87015879584
0"
#87015888264
1!
#87015888264
1"
#87015896944
0!
#87015896944
0"
#87015914304
1!
#87015914304
1"
#87015922984
0!
#87015922984
0"
#87015940344
1!
#87015940344
1"
#87015966384
0!
#87015966384
0"
#87015975064
1!
#87015975064
1"
#87015983744
0!
#87015983744
0"
#87016035824
1!
#87016035824
1"
#87016044504
0!
#87016044504
0"
#87016061864
1!
#87016061864
1"
#87016070544
0!
#87016070544
0"
#87016096584
1!
#87016096584
1"
#87016105264
0!
#87016105264
0"
#87016113944
1!
#87016113944
1"
#87016139984
0!
#87016139984
0"
#87016148664
1!
#87016148664
1"
#87016157344
0!
#87016157344
0"
#87016166024
1!
#87016166024
1"
#87016174704
0!
#87016174704
0"
#87016192064
1!
#87016192064
1"
#87016200744
0!
#87016200744
0"
#87016209424
1!
#87016209424
1"
#87016226784
0!
#87016226784
0"
#87016235464
1!
#87016235464
1"
#87016244144
0!
#87016244144
0"
#87016252824
1!
#87016252824
1"
#87016261504
0!
#87016261504
0"
#87016270184
1!
#87016270184
1"
#87016287544
0!
#87016287544
0"
#87016296224
1!
#87016296224
1"
#87016313584
0!
#87016313584
0"
#87016322264
1!
#87016322264
1"
#87016330944
0!
#87016330944
0"
#87016339624
1!
#87016339624
1"
#87016348304
0!
#87016348304
0"
#87016356984
1!
#87016356984
1"
#87016365664
0!
#87016365664
0"
#87016383024
1!
#87016383024
1"
#87016400384
0!
#87016400384
0"
#87016409064
1!
#87016409064
1"
#87016417744
0!
#87016417744
0"
#87016435104
1!
#87016435104
1"
#87016443784
0!
#87016443784
0"
#87016452464
1!
#87016452464
1"
#87016478504
0!
#87016478504
0"
#87016495864
1!
#87016495864
1"
#87016504544
0!
#87016504544
0"
#87016556624
1!
#87016556624
1"
#87016565304
0!
#87016565304
0"
#87016582664
1!
#87016582664
1"
#87016591344
0!
#87016591344
0"
#87016600024
1!
#87016600024
1"
#87016608704
0!
#87016608704
0"
#87016617384
1!
#87016617384
1"
#87016626064
0!
#87016626064
0"
#87016634744
1!
#87016634744
1"
#87016652104
0!
#87016652104
0"
#87016669464
1!
#87016669464
1"
#87016678144
0!
#87016678144
0"
#87016721544
1!
#87016721544
1"
#87016738904
0!
#87016738904
0"
#87016756264
1!
#87016756264
1"
#87016764944
0!
#87016764944
0"
#87016808344
1!
#87016808344
1"
#87016825704
0!
#87016825704
0"
#87016843064
1!
#87016843064
1"
#87016851744
0!
#87016851744
0"
#87016869104
1!
#87016869104
1"
#87016877784
0!
#87016877784
0"
#87016886464
1!
#87016886464
1"
#87016895144
0!
#87016895144
0"
#87016929864
1!
#87016929864
1"
#87016938544
0!
#87016938544
0"
#87017016664
1!
#87017016664
1"
#87017025344
0!
#87017025344
0"
#87017060064
1!
#87017060064
1"
#87017068744
0!
#87017068744
0"
#87017103464
1!
#87017103464
1"
#87017112144
0!
#87017112144
0"
#87017190264
1!
#87017190264
1"
#87017198944
0!
#87017198944
0"
#87017277064
1!
#87017277064
1"
#87017285744
0!
#87017285744
0"
#87017363864
1!
#87017363864
1"
#87017372544
0!
#87017372544
0"
#87017424624
1!
#87017424624
1"
#87017441984
0!
#87017441984
0"
#87017450664
1!
#87017450664
1"
#87017459344
0!
#87017459344
0"
#87017476704
1!
#87017476704
1"
#87017502744
0!
#87017502744
0"
#87017520104
1!
#87017520104
1"
#87017546144
0!
#87017546144
0"
#87017563504
1!
#87017563504
1"
#87017589544
0!
#87017589544
0"
#87017606904
1!
#87017606904
1"
#87017632944
0!
#87017632944
0"
#87017641624
1!
#87017641624
1"
#87017693704
0!
#87017693704
0"
#87017711064
1!
#87017711064
1"
#87017719744
0!
#87017719744
0"
#87017728424
1!
#87017728424
1"
#87017745784
0!
#87017745784
0"
#87017797864
1!
#87017797864
1"
#87017806544
0!
#87017806544
0"
#87017884664
1!
#87017884664
1"
#87017893344
0!
#87017893344
0"
#87017971464
1!
#87017971464
1"
#87017980144
0!
#87017980144
0"
#87018058264
1!
#87018058264
1"
#87018066944
0!
#87018066944
0"
#87018075624
1!
#87018075624
1"
#87018084304
0!
#87018084304
0"
#87018101664
1!
#87018101664
1"
#87018110344
0!
#87018110344
0"
#87018127704
1!
#87018127704
1"
#87018153744
0!
#87018153744
0"
#87018171104
1!
#87018171104
1"
#87018179784
0!
#87018179784
0"
#87018197144
1!
#87018197144
1"
#87018205824
0!
#87018205824
0"
#87018223184
1!
#87018223184
1"
#89529039744
0!
#89529039744
0"
#89529048424
1!
#89529048424
1"
#89529057104
0!
#89529057104
0"
#89529065784
1!
#89529065784
1"
#89529074464
0!
#89529074464
0"
#89529091824
1!
#89529091824
1"
#89529100504
0!
#89529100504
0"
#89529109184
1!
#89529109184
1"
#89529126544
0!
#89529126544
0"
#89529143904
1!
#89529143904
1"
#89529152584
0!
#89529152584
0"
#89529161264
1!
#89529161264
1"
#89529178624
0!
#89529178624
0"
#89529187304
1!
#89529187304
1"
#89529195984
0!
#89529195984
0"
#89529204664
1!
#89529204664
1"
#89529213344
0!
#89529213344
0"
#89529222024
1!
#89529222024
1"
#89529230704
0!
#89529230704
0"
#89529291464
1!
#89529291464
1"
#89529300144
0!
#89529300144
0"
#89529326184
1!
#89529326184
1"
#89529334864
0!
#89529334864
0"
#89529352224
1!
#89529352224
1"
#89529369584
0!
#89529369584
0"
#89529378264
1!
#89529378264
1"
#89529386944
0!
#89529386944
0"
#89529404304
1!
#89529404304
1"
#89529412984
0!
#89529412984
0"
#89529430344
1!
#89529430344
1"
#89529439024
0!
#89529439024
0"
#89529447704
1!
#89529447704
1"
#89529456384
0!
#89529456384
0"
#89529465064
1!
#89529465064
1"
#89529473744
0!
#89529473744
0"
#89529482424
1!
#89529482424
1"
#89529491104
0!
#89529491104
0"
#89529499784
1!
#89529499784
1"
#89529508464
0!
#89529508464
0"
#89529525824
1!
#89529525824
1"
#89529543184
0!
#89529543184
0"
#89529551864
1!
#89529551864
1"
#89529560544
0!
#89529560544
0"
#89529569224
1!
#89529569224
1"
#89529586584
0!
#89529586584
0"
#89529603944
1!
#89529603944
1"
#89529629984
0!
#89529629984
0"
#89529638664
1!
#89529638664
1"
#89529647344
0!
#89529647344
0"
#89529656024
1!
#89529656024
1"
#89529664704
0!
#89529664704
0"
#89529673384
1!
#89529673384
1"
#89529682064
0!
#89529682064
0"
#89529690744
1!
#89529690744
1"
#89529716784
0!
#89529716784
0"
#89529725464
1!
#89529725464
1"
#89529734144
0!
#89529734144
0"
#89529760184
1!
#89529760184
1"
#89529777544
0!
#89529777544
0"
#89529786224
1!
#89529786224
1"
#89529803584
0!
#89529803584
0"
#89529812264
1!
#89529812264
1"
#89529820944
0!
#89529820944
0"
#89529846984
1!
#89529846984
1"
#89529855664
0!
#89529855664
0"
#89529864344
1!
#89529864344
1"
#89529890384
0!
#89529890384
0"
#89529899064
1!
#89529899064
1"
#89529907744
0!
#89529907744
0"
#89529925104
1!
#89529925104
1"
#89529933784
0!
#89529933784
0"
#89529942464
1!
#89529942464
1"
#89529968504
0!
#89529968504
0"
#89529985864
1!
#89529985864
1"
#89529994544
0!
#89529994544
0"
#89530046624
1!
#89530046624
1"
#89530055304
0!
#89530055304
0"
#89530072664
1!
#89530072664
1"
#89530081344
0!
#89530081344
0"
#89530090024
1!
#89530090024
1"
#89530116064
0!
#89530116064
0"
#89530133424
1!
#89530133424
1"
#89530150784
0!
#89530150784
0"
#89530159464
1!
#89530159464
1"
#89530168144
0!
#89530168144
0"
#89530202864
1!
#89530202864
1"
#89530237584
0!
#89530237584
0"
#89530246264
1!
#89530246264
1"
#89530254944
0!
#89530254944
0"
#89530272304
1!
#89530272304
1"
#89530280984
0!
#89530280984
0"
#89530289664
1!
#89530289664
1"
#89530315704
0!
#89530315704
0"
#89530333064
1!
#89530333064
1"
#89530341744
0!
#89530341744
0"
#89530393824
1!
#89530393824
1"
#89530402504
0!
#89530402504
0"
#89530419864
1!
#89530419864
1"
#89530428544
0!
#89530428544
0"
#89530480624
1!
#89530480624
1"
#89530489304
0!
#89530489304
0"
#89530506664
1!
#89530506664
1"
#89530515344
0!
#89530515344
0"
#89530567424
1!
#89530567424
1"
#89530576104
0!
#89530576104
0"
#89530593464
1!
#89530593464
1"
#89530602144
0!
#89530602144
0"
#89530654224
1!
#89530654224
1"
#89530662904
0!
#89530662904
0"
#89530680264
1!
#89530680264
1"
#89530688944
0!
#89530688944
0"
#89530741024
1!
#89530741024
1"
#89530749704
0!
#89530749704
0"
#89530767064
1!
#89530767064
1"
#89530775744
0!
#89530775744
0"
#89530827824
1!
#89530827824
1"
#89530836504
0!
#89530836504
0"
#89530853864
1!
#89530853864
1"
#89530862544
0!
#89530862544
0"
#89530905944
1!
#89530905944
1"
#89530923304
0!
#89530923304
0"
#89530940664
1!
#89530940664
1"
#89530949344
0!
#89530949344
0"
#89530966704
1!
#89530966704
1"
#89530992744
0!
#89530992744
0"
#89531001424
1!
#89531001424
1"
#89531010104
0!
#89531010104
0"
#89531027464
1!
#89531027464
1"
#89531036144
0!
#89531036144
0"
#89531079544
1!
#89531079544
1"
#89531096904
0!
#89531096904
0"
#89531114264
1!
#89531114264
1"
#89531122944
0!
#89531122944
0"
#89531148984
1!
#89531148984
1"
#89531166344
0!
#89531166344
0"
#89531175024
1!
#89531175024
1"
#89531183704
0!
#89531183704
0"
#89531201064
1!
#89531201064
1"
#89531209744
0!
#89531209744
0"
#89531261824
1!
#89531261824
1"
#89531270504
0!
#89531270504
0"
#89531287864
1!
#89531287864
1"
#89531296544
0!
#89531296544
0"
#89531305224
1!
#89531305224
1"
#89531331264
0!
#89531331264
0"
#89531348624
1!
#89531348624
1"
#89531365984
0!
#89531365984
0"
#89531374664
1!
#89531374664
1"
#89531383344
0!
#89531383344
0"
#89531392024
1!
#89531392024
1"
#89531400704
0!
#89531400704
0"
#89531418064
1!
#89531418064
1"
#89531452784
0!
#89531452784
0"
#89531461464
1!
#89531461464
1"
#89531470144
0!
#89531470144
0"
#89531487504
1!
#89531487504
1"
#89531496184
0!
#89531496184
0"
#89531504864
1!
#89531504864
1"
#89531530904
0!
#89531530904
0"
#89531548264
1!
#89531548264
1"
#89531556944
0!
#89531556944
0"
#89531609024
1!
#89531609024
1"
#89531617704
0!
#89531617704
0"
#89531635064
1!
#89531635064
1"
#89531643744
0!
#89531643744
0"
#89531695824
1!
#89531695824
1"
#89531704504
0!
#89531704504
0"
#89531721864
1!
#89531721864
1"
#89531730544
0!
#89531730544
0"
#89531782624
1!
#89531782624
1"
#89531791304
0!
#89531791304
0"
#89531808664
1!
#89531808664
1"
#89531817344
0!
#89531817344
0"
#89531869424
1!
#89531869424
1"
#89531878104
0!
#89531878104
0"
#89531895464
1!
#89531895464
1"
#89531904144
0!
#89531904144
0"
#89531956224
1!
#89531956224
1"
#89531964904
0!
#89531964904
0"
#89531982264
1!
#89531982264
1"
#89531990944
0!
#89531990944
0"
#89532043024
1!
#89532043024
1"
#89532051704
0!
#89532051704
0"
#89532069064
1!
#89532069064
1"
#89532077744
0!
#89532077744
0"
#89532121144
1!
#89532121144
1"
#89532138504
0!
#89532138504
0"
#89532155864
1!
#89532155864
1"
#89532164544
0!
#89532164544
0"
#89532181904
1!
#89532181904
1"
#89532207944
0!
#89532207944
0"
#89532216624
1!
#89532216624
1"
#89532225304
0!
#89532225304
0"
#89532242664
1!
#89532242664
1"
#89532251344
0!
#89532251344
0"
#89532294744
1!
#89532294744
1"
#89532312104
0!
#89532312104
0"
#89532329464
1!
#89532329464
1"
#89532338144
0!
#89532338144
0"
#89532364184
1!
#89532364184
1"
#89532381544
0!
#89532381544
0"
#89532390224
1!
#89532390224
1"
#89532398904
0!
#89532398904
0"
#89532416264
1!
#89532416264
1"
#89532424944
0!
#89532424944
0"
#89532477024
1!
#89532477024
1"
#89532485704
0!
#89532485704
0"
#89532503064
1!
#89532503064
1"
#89532511744
0!
#89532511744
0"
#89532520424
1!
#89532520424
1"
#89532546464
0!
#89532546464
0"
#89532563824
1!
#89532563824
1"
#89532581184
0!
#89532581184
0"
#89532589864
1!
#89532589864
1"
#89532598544
0!
#89532598544
0"
#89532615904
1!
#89532615904
1"
#89532624584
0!
#89532624584
0"
#89532633264
1!
#89532633264
1"
#89532667984
0!
#89532667984
0"
#89532676664
1!
#89532676664
1"
#89532685344
0!
#89532685344
0"
#89532702704
1!
#89532702704
1"
#89532711384
0!
#89532711384
0"
#89532720064
1!
#89532720064
1"
#89532746104
0!
#89532746104
0"
#89532763464
1!
#89532763464
1"
#89532772144
0!
#89532772144
0"
#89532824224
1!
#89532824224
1"
#89532832904
0!
#89532832904
0"
#89532850264
1!
#89532850264
1"
#89532858944
0!
#89532858944
0"
#89532911024
1!
#89532911024
1"
#89532919704
0!
#89532919704
0"
#89532937064
1!
#89532937064
1"
#89532945744
0!
#89532945744
0"
#89532997824
1!
#89532997824
1"
#89533006504
0!
#89533006504
0"
#89533023864
1!
#89533023864
1"
#89533032544
0!
#89533032544
0"
#89533084624
1!
#89533084624
1"
#89533093304
0!
#89533093304
0"
#89533110664
1!
#89533110664
1"
#89533119344
0!
#89533119344
0"
#89533171424
1!
#89533171424
1"
#89533180104
0!
#89533180104
0"
#89533197464
1!
#89533197464
1"
#89533206144
0!
#89533206144
0"
#89533258224
1!
#89533258224
1"
#89533266904
0!
#89533266904
0"
#89533284264
1!
#89533284264
1"
#89533292944
0!
#89533292944
0"
#89533336344
1!
#89533336344
1"
#89533353704
0!
#89533353704
0"
#89533371064
1!
#89533371064
1"
#89533379744
0!
#89533379744
0"
#89533397104
1!
#89533397104
1"
#89533423144
0!
#89533423144
0"
#89533431824
1!
#89533431824
1"
#89533440504
0!
#89533440504
0"
#89533457864
1!
#89533457864
1"
#89533466544
0!
#89533466544
0"
#89533509944
1!
#89533509944
1"
#89533527304
0!
#89533527304
0"
#89533544664
1!
#89533544664
1"
#89533553344
0!
#89533553344
0"
#89533579384
1!
#89533579384
1"
#89533596744
0!
#89533596744
0"
#89533605424
1!
#89533605424
1"
#89533614104
0!
#89533614104
0"
#89533631464
1!
#89533631464
1"
#89533640144
0!
#89533640144
0"
#89533692224
1!
#89533692224
1"
#89533700904
0!
#89533700904
0"
#89533718264
1!
#89533718264
1"
#89533726944
0!
#89533726944
0"
#89533752984
1!
#89533752984
1"
#89533761664
0!
#89533761664
0"
#89533779024
1!
#89533779024
1"
#89533796384
0!
#89533796384
0"
#89533805064
1!
#89533805064
1"
#89533813744
0!
#89533813744
0"
#89533822424
1!
#89533822424
1"
#89533831104
0!
#89533831104
0"
#89533848464
1!
#89533848464
1"
#89533857144
0!
#89533857144
0"
#89533865824
1!
#89533865824
1"
#89533883184
0!
#89533883184
0"
#89533891864
1!
#89533891864
1"
#89533900544
0!
#89533900544
0"
#89533909224
1!
#89533909224
1"
#89533926584
0!
#89533926584
0"
#89533943944
1!
#89533943944
1"
#89533969984
0!
#89533969984
0"
#89533978664
1!
#89533978664
1"
#89533987344
0!
#89533987344
0"
#89534030744
1!
#89534030744
1"
#89534056784
0!
#89534056784
0"
#89534065464
1!
#89534065464
1"
#89534074144
0!
#89534074144
0"
#89534100184
1!
#89534100184
1"
#89534117544
0!
#89534117544
0"
#89534126224
1!
#89534126224
1"
#89534143584
0!
#89534143584
0"
#89534152264
1!
#89534152264
1"
#89534160944
0!
#89534160944
0"
#89534169624
1!
#89534169624
1"
#89534178304
0!
#89534178304
0"
#89534213024
1!
#89534213024
1"
#89534230384
0!
#89534230384
0"
#89534239064
1!
#89534239064
1"
#89534247744
0!
#89534247744
0"
#89534256424
1!
#89534256424
1"
#89534265104
0!
#89534265104
0"
#89534282464
1!
#89534282464
1"
#89534317184
0!
#89534317184
0"
#89534325864
1!
#89534325864
1"
#89534334544
0!
#89534334544
0"
#89534386624
1!
#89534386624
1"
#89534395304
0!
#89534395304
0"
#89534412664
1!
#89534412664
1"
#89534421344
0!
#89534421344
0"
#89534447384
1!
#89534447384
1"
#89534456064
0!
#89534456064
0"
#89534464744
1!
#89534464744
1"
#89534490784
0!
#89534490784
0"
#89534499464
1!
#89534499464
1"
#89534508144
0!
#89534508144
0"
#89534516824
1!
#89534516824
1"
#89534525504
0!
#89534525504
0"
#89534542864
1!
#89534542864
1"
#89534551544
0!
#89534551544
0"
#89534560224
1!
#89534560224
1"
#89534577584
0!
#89534577584
0"
#89534586264
1!
#89534586264
1"
#89534594944
0!
#89534594944
0"
#89534603624
1!
#89534603624
1"
#89534612304
0!
#89534612304
0"
#89534620984
1!
#89534620984
1"
#89534638344
0!
#89534638344
0"
#89534647024
1!
#89534647024
1"
#89534664384
0!
#89534664384
0"
#89534673064
1!
#89534673064
1"
#89534681744
0!
#89534681744
0"
#89534690424
1!
#89534690424
1"
#89534699104
0!
#89534699104
0"
#89534707784
1!
#89534707784
1"
#89534716464
0!
#89534716464
0"
#89534733824
1!
#89534733824
1"
#89534751184
0!
#89534751184
0"
#89534759864
1!
#89534759864
1"
#89534768544
0!
#89534768544
0"
#89534785904
1!
#89534785904
1"
#89534794584
0!
#89534794584
0"
#89534803264
1!
#89534803264
1"
#89534829304
0!
#89534829304
0"
#89534846664
1!
#89534846664
1"
#89534855344
0!
#89534855344
0"
#89534907424
1!
#89534907424
1"
#89534916104
0!
#89534916104
0"
#89534933464
1!
#89534933464
1"
#89534942144
0!
#89534942144
0"
#89534959504
1!
#89534959504
1"
#89534968184
0!
#89534968184
0"
#89534985544
1!
#89534985544
1"
#89535002904
0!
#89535002904
0"
#89535020264
1!
#89535020264
1"
#89535028944
0!
#89535028944
0"
#89535072344
1!
#89535072344
1"
#89535089704
0!
#89535089704
0"
#89535107064
1!
#89535107064
1"
#89535115744
0!
#89535115744
0"
#89535159144
1!
#89535159144
1"
#89535176504
0!
#89535176504
0"
#89535193864
1!
#89535193864
1"
#89535202544
0!
#89535202544
0"
#89535245944
1!
#89535245944
1"
#89535263304
0!
#89535263304
0"
#89535280664
1!
#89535280664
1"
#89535289344
0!
#89535289344
0"
#89535315384
1!
#89535315384
1"
#89535332744
0!
#89535332744
0"
#89535341424
1!
#89535341424
1"
#89535350104
0!
#89535350104
0"
#89535367464
1!
#89535367464
1"
#89535376144
0!
#89535376144
0"
#89535428224
1!
#89535428224
1"
#89535436904
0!
#89535436904
0"
#89535454264
1!
#89535454264
1"
#89535462944
0!
#89535462944
0"
#89535471624
1!
#89535471624
1"
#89535488984
0!
#89535488984
0"
#89535506344
1!
#89535506344
1"
#89535532384
0!
#89535532384
0"
#89535541064
1!
#89535541064
1"
#89535549744
0!
#89535549744
0"
#89535558424
1!
#89535558424
1"
#89535567104
0!
#89535567104
0"
#89535575784
1!
#89535575784
1"
#89535584464
0!
#89535584464
0"
#89535601824
1!
#89535601824
1"
#89535619184
0!
#89535619184
0"
#89535627864
1!
#89535627864
1"
#89535636544
0!
#89535636544
0"
#89535653904
1!
#89535653904
1"
#89535679944
0!
#89535679944
0"
#89535688624
1!
#89535688624
1"
#89535705984
0!
#89535705984
0"
#89535714664
1!
#89535714664
1"
#89535723344
0!
#89535723344
0"
#89535732024
1!
#89535732024
1"
#89535749384
0!
#89535749384
0"
#89535766744
1!
#89535766744
1"
#89535792784
0!
#89535792784
0"
#89535801464
1!
#89535801464
1"
#89535810144
0!
#89535810144
0"
#89535818824
1!
#89535818824
1"
#89535853544
0!
#89535853544
0"
#89535862224
1!
#89535862224
1"
#89535879584
0!
#89535879584
0"
#89535888264
1!
#89535888264
1"
#89535896944
0!
#89535896944
0"
#89535914304
1!
#89535914304
1"
#89535922984
0!
#89535922984
0"
#89535940344
1!
#89535940344
1"
#89535966384
0!
#89535966384
0"
#89535975064
1!
#89535975064
1"
#89535983744
0!
#89535983744
0"
#89536035824
1!
#89536035824
1"
#89536044504
0!
#89536044504
0"
#89536061864
1!
#89536061864
1"
#89536070544
0!
#89536070544
0"
#89536096584
1!
#89536096584
1"
#89536105264
0!
#89536105264
0"
#89536113944
1!
#89536113944
1"
#89536139984
0!
#89536139984
0"
#89536148664
1!
#89536148664
1"
#89536157344
0!
#89536157344
0"
#89536166024
1!
#89536166024
1"
#89536174704
0!
#89536174704
0"
#89536192064
1!
#89536192064
1"
#89536200744
0!
#89536200744
0"
#89536209424
1!
#89536209424
1"
#89536226784
0!
#89536226784
0"
#89536235464
1!
#89536235464
1"
#89536244144
0!
#89536244144
0"
#89536252824
1!
#89536252824
1"
#89536261504
0!
#89536261504
0"
#89536270184
1!
#89536270184
1"
#89536287544
0!
#89536287544
0"
#89536296224
1!
#89536296224
1"
#89536313584
0!
#89536313584
0"
#89536322264
1!
#89536322264
1"
#89536330944
0!
#89536330944
0"
#89536339624
1!
#89536339624
1"
#89536348304
0!
#89536348304
0"
#89536356984
1!
#89536356984
1"
#89536365664
0!
#89536365664
0"
#89536383024
1!
#89536383024
1"
#89536400384
0!
#89536400384
0"
#89536409064
1!
#89536409064
1"
#89536417744
0!
#89536417744
0"
#89536435104
1!
#89536435104
1"
#89536443784
0!
#89536443784
0"
#89536452464
1!
#89536452464
1"
#89536478504
0!
#89536478504
0"
#89536495864
1!
#89536495864
1"
#89536504544
0!
#89536504544
0"
#89536556624
1!
#89536556624
1"
#89536565304
0!
#89536565304
0"
#89536582664
1!
#89536582664
1"
#89536591344
0!
#89536591344
0"
#89536600024
1!
#89536600024
1"
#89536608704
0!
#89536608704
0"
#89536617384
1!
#89536617384
1"
#89536626064
0!
#89536626064
0"
#89536634744
1!
#89536634744
1"
#89536652104
0!
#89536652104
0"
#89536669464
1!
#89536669464
1"
#89536678144
0!
#89536678144
0"
#89536721544
1!
#89536721544
1"
#89536738904
0!
#89536738904
0"
#89536756264
1!
#89536756264
1"
#89536764944
0!
#89536764944
0"
#89536808344
1!
#89536808344
1"
#89536825704
0!
#89536825704
0"
#89536843064
1!
#89536843064
1"
#89536851744
0!
#89536851744
0"
#89536869104
1!
#89536869104
1"
#89536877784
0!
#89536877784
0"
#89536886464
1!
#89536886464
1"
#89536895144
0!
#89536895144
0"
#89536929864
1!
#89536929864
1"
#89536938544
0!
#89536938544
0"
#89537016664
1!
#89537016664
1"
#89537025344
0!
#89537025344
0"
#89537060064
1!
#89537060064
1"
#89537068744
0!
#89537068744
0"
#89537103464
1!
#89537103464
1"
#89537112144
0!
#89537112144
0"
#89537190264
1!
#89537190264
1"
#89537198944
0!
#89537198944
0"
#89537277064
1!
#89537277064
1"
#89537285744
0!
#89537285744
0"
#89537363864
1!
#89537363864
1"
#89537372544
0!
#89537372544
0"
#89537424624
1!
#89537424624
1"
#89537441984
0!
#89537441984
0"
#89537450664
1!
#89537450664
1"
#89537459344
0!
#89537459344
0"
#89537476704
1!
#89537476704
1"
#89537502744
0!
#89537502744
0"
#89537520104
1!
#89537520104
1"
#89537546144
0!
#89537546144
0"
#89537563504
1!
#89537563504
1"
#89537589544
0!
#89537589544
0"
#89537606904
1!
#89537606904
1"
#89537632944
0!
#89537632944
0"
#89537641624
1!
#89537641624
1"
#89537693704
0!
#89537693704
0"
#89537711064
1!
#89537711064
1"
#89537719744
0!
#89537719744
0"
#89537728424
1!
#89537728424
1"
#89537745784
0!
#89537745784
0"
#89537797864
1!
#89537797864
1"
#89537806544
0!
#89537806544
0"
#89537884664
1!
#89537884664
1"
#89537893344
0!
#89537893344
0"
#89537971464
1!
#89537971464
1"
#89537980144
0!
#89537980144
0"
#89538058264
1!
#89538058264
1"
#89538066944
0!
#89538066944
0"
#89538075624
1!
#89538075624
1"
#89538084304
0!
#89538084304
0"
#89538101664
1!
#89538101664
1"
#89538110344
0!
#89538110344
0"
#89538127704
1!
#89538127704
1"
#89538153744
0!
#89538153744
0"
#89538171104
1!
#89538171104
1"
#89538179784
0!
#89538179784
0"
#89538197144
1!
#89538197144
1"
#89538205824
0!
#89538205824
0"
#89538223184
1!
#89538223184
1"
#92049485425
0!
#92049485425
0"
#92049494105
1!
#92049494105
1"
#92049502785
0!
#92049502785
0"
#92049511465
1!
#92049511465
1"
#92049520145
0!
#92049520145
0"
#92049537505
1!
#92049537505
1"
#92049546185
0!
#92049546185
0"
#92049554865
1!
#92049554865
1"
#92049572225
0!
#92049572225
0"
#92049589585
1!
#92049589585
1"
#92049598265
0!
#92049598265
0"
#92049606945
1!
#92049606945
1"
#92049624305
0!
#92049624305
0"
#92049632985
1!
#92049632985
1"
#92049641665
0!
#92049641665
0"
#92049650345
1!
#92049650345
1"
#92049659025
0!
#92049659025
0"
#92049667705
1!
#92049667705
1"
#92049676385
0!
#92049676385
0"
#92049737145
1!
#92049737145
1"
#92049745825
0!
#92049745825
0"
#92049771865
1!
#92049771865
1"
#92049780545
0!
#92049780545
0"
#92049797905
1!
#92049797905
1"
#92049815265
0!
#92049815265
0"
#92049823945
1!
#92049823945
1"
#92049832625
0!
#92049832625
0"
#92049849985
1!
#92049849985
1"
#92049858665
0!
#92049858665
0"
#92049876025
1!
#92049876025
1"
#92049884705
0!
#92049884705
0"
#92049893385
1!
#92049893385
1"
#92049902065
0!
#92049902065
0"
#92049910745
1!
#92049910745
1"
#92049919425
0!
#92049919425
0"
#92049928105
1!
#92049928105
1"
#92049936785
0!
#92049936785
0"
#92049945465
1!
#92049945465
1"
#92049954145
0!
#92049954145
0"
#92049971505
1!
#92049971505
1"
#92049988865
0!
#92049988865
0"
#92049997545
1!
#92049997545
1"
#92050006225
0!
#92050006225
0"
#92050014905
1!
#92050014905
1"
#92050032265
0!
#92050032265
0"
#92050049625
1!
#92050049625
1"
#92050075665
0!
#92050075665
0"
#92050084345
1!
#92050084345
1"
#92050093025
0!
#92050093025
0"
#92050101705
1!
#92050101705
1"
#92050110385
0!
#92050110385
0"
#92050119065
1!
#92050119065
1"
#92050127745
0!
#92050127745
0"
#92050136425
1!
#92050136425
1"
#92050162465
0!
#92050162465
0"
#92050171145
1!
#92050171145
1"
#92050179825
0!
#92050179825
0"
#92050205865
1!
#92050205865
1"
#92050223225
0!
#92050223225
0"
#92050231905
1!
#92050231905
1"
#92050249265
0!
#92050249265
0"
#92050257945
1!
#92050257945
1"
#92050266625
0!
#92050266625
0"
#92050292665
1!
#92050292665
1"
#92050301345
0!
#92050301345
0"
#92050310025
1!
#92050310025
1"
#92050336065
0!
#92050336065
0"
#92050344745
1!
#92050344745
1"
#92050353425
0!
#92050353425
0"
#92050370785
1!
#92050370785
1"
#92050379465
0!
#92050379465
0"
#92050388145
1!
#92050388145
1"
#92050414185
0!
#92050414185
0"
#92050431545
1!
#92050431545
1"
#92050440225
0!
#92050440225
0"
#92050492305
1!
#92050492305
1"
#92050500985
0!
#92050500985
0"
#92050518345
1!
#92050518345
1"
#92050527025
0!
#92050527025
0"
#92050535705
1!
#92050535705
1"
#92050561745
0!
#92050561745
0"
#92050579105
1!
#92050579105
1"
#92050596465
0!
#92050596465
0"
#92050605145
1!
#92050605145
1"
#92050613825
0!
#92050613825
0"
#92050648545
1!
#92050648545
1"
#92050683265
0!
#92050683265
0"
#92050691945
1!
#92050691945
1"
#92050700625
0!
#92050700625
0"
#92050717985
1!
#92050717985
1"
#92050726665
0!
#92050726665
0"
#92050735345
1!
#92050735345
1"
#92050761385
0!
#92050761385
0"
#92050778745
1!
#92050778745
1"
#92050787425
0!
#92050787425
0"
#92050839505
1!
#92050839505
1"
#92050848185
0!
#92050848185
0"
#92050865545
1!
#92050865545
1"
#92050874225
0!
#92050874225
0"
#92050926305
1!
#92050926305
1"
#92050934985
0!
#92050934985
0"
#92050952345
1!
#92050952345
1"
#92050961025
0!
#92050961025
0"
#92051013105
1!
#92051013105
1"
#92051021785
0!
#92051021785
0"
#92051039145
1!
#92051039145
1"
#92051047825
0!
#92051047825
0"
#92051099905
1!
#92051099905
1"
#92051108585
0!
#92051108585
0"
#92051125945
1!
#92051125945
1"
#92051134625
0!
#92051134625
0"
#92051186705
1!
#92051186705
1"
#92051195385
0!
#92051195385
0"
#92051212745
1!
#92051212745
1"
#92051221425
0!
#92051221425
0"
#92051273505
1!
#92051273505
1"
#92051282185
0!
#92051282185
0"
#92051299545
1!
#92051299545
1"
#92051308225
0!
#92051308225
0"
#92051351625
1!
#92051351625
1"
#92051368985
0!
#92051368985
0"
#92051386345
1!
#92051386345
1"
#92051395025
0!
#92051395025
0"
#92051412385
1!
#92051412385
1"
#92051438425
0!
#92051438425
0"
#92051447105
1!
#92051447105
1"
#92051455785
0!
#92051455785
0"
#92051473145
1!
#92051473145
1"
#92051481825
0!
#92051481825
0"
#92051525225
1!
#92051525225
1"
#92051542585
0!
#92051542585
0"
#92051559945
1!
#92051559945
1"
#92051568625
0!
#92051568625
0"
#92051594665
1!
#92051594665
1"
#92051612025
0!
#92051612025
0"
#92051620705
1!
#92051620705
1"
#92051629385
0!
#92051629385
0"
#92051646745
1!
#92051646745
1"
#92051655425
0!
#92051655425
0"
#92051707505
1!
#92051707505
1"
#92051716185
0!
#92051716185
0"
#92051733545
1!
#92051733545
1"
#92051742225
0!
#92051742225
0"
#92051750905
1!
#92051750905
1"
#92051776945
0!
#92051776945
0"
#92051794305
1!
#92051794305
1"
#92051811665
0!
#92051811665
0"
#92051820345
1!
#92051820345
1"
#92051829025
0!
#92051829025
0"
#92051837705
1!
#92051837705
1"
#92051846385
0!
#92051846385
0"
#92051863745
1!
#92051863745
1"
#92051898465
0!
#92051898465
0"
#92051907145
1!
#92051907145
1"
#92051915825
0!
#92051915825
0"
#92051933185
1!
#92051933185
1"
#92051941865
0!
#92051941865
0"
#92051950545
1!
#92051950545
1"
#92051976585
0!
#92051976585
0"
#92051993945
1!
#92051993945
1"
#92052002625
0!
#92052002625
0"
#92052054705
1!
#92052054705
1"
#92052063385
0!
#92052063385
0"
#92052080745
1!
#92052080745
1"
#92052089425
0!
#92052089425
0"
#92052141505
1!
#92052141505
1"
#92052150185
0!
#92052150185
0"
#92052167545
1!
#92052167545
1"
#92052176225
0!
#92052176225
0"
#92052228305
1!
#92052228305
1"
#92052236985
0!
#92052236985
0"
#92052254345
1!
#92052254345
1"
#92052263025
0!
#92052263025
0"
#92052315105
1!
#92052315105
1"
#92052323785
0!
#92052323785
0"
#92052341145
1!
#92052341145
1"
#92052349825
0!
#92052349825
0"
#92052401905
1!
#92052401905
1"
#92052410585
0!
#92052410585
0"
#92052427945
1!
#92052427945
1"
#92052436625
0!
#92052436625
0"
#92052488705
1!
#92052488705
1"
#92052497385
0!
#92052497385
0"
#92052514745
1!
#92052514745
1"
#92052523425
0!
#92052523425
0"
#92052566825
1!
#92052566825
1"
#92052584185
0!
#92052584185
0"
#92052601545
1!
#92052601545
1"
#92052610225
0!
#92052610225
0"
#92052627585
1!
#92052627585
1"
#92052653625
0!
#92052653625
0"
#92052662305
1!
#92052662305
1"
#92052670985
0!
#92052670985
0"
#92052688345
1!
#92052688345
1"
#92052697025
0!
#92052697025
0"
#92052740425
1!
#92052740425
1"
#92052757785
0!
#92052757785
0"
#92052775145
1!
#92052775145
1"
#92052783825
0!
#92052783825
0"
#92052809865
1!
#92052809865
1"
#92052827225
0!
#92052827225
0"
#92052835905
1!
#92052835905
1"
#92052844585
0!
#92052844585
0"
#92052861945
1!
#92052861945
1"
#92052870625
0!
#92052870625
0"
#92052922705
1!
#92052922705
1"
#92052931385
0!
#92052931385
0"
#92052948745
1!
#92052948745
1"
#92052957425
0!
#92052957425
0"
#92052966105
1!
#92052966105
1"
#92052992145
0!
#92052992145
0"
#92053009505
1!
#92053009505
1"
#92053026865
0!
#92053026865
0"
#92053035545
1!
#92053035545
1"
#92053044225
0!
#92053044225
0"
#92053061585
1!
#92053061585
1"
#92053070265
0!
#92053070265
0"
#92053078945
1!
#92053078945
1"
#92053113665
0!
#92053113665
0"
#92053122345
1!
#92053122345
1"
#92053131025
0!
#92053131025
0"
#92053148385
1!
#92053148385
1"
#92053157065
0!
#92053157065
0"
#92053165745
1!
#92053165745
1"
#92053191785
0!
#92053191785
0"
#92053209145
1!
#92053209145
1"
#92053217825
0!
#92053217825
0"
#92053269905
1!
#92053269905
1"
#92053278585
0!
#92053278585
0"
#92053295945
1!
#92053295945
1"
#92053304625
0!
#92053304625
0"
#92053356705
1!
#92053356705
1"
#92053365385
0!
#92053365385
0"
#92053382745
1!
#92053382745
1"
#92053391425
0!
#92053391425
0"
#92053443505
1!
#92053443505
1"
#92053452185
0!
#92053452185
0"
#92053469545
1!
#92053469545
1"
#92053478225
0!
#92053478225
0"
#92053530305
1!
#92053530305
1"
#92053538985
0!
#92053538985
0"
#92053556345
1!
#92053556345
1"
#92053565025
0!
#92053565025
0"
#92053617105
1!
#92053617105
1"
#92053625785
0!
#92053625785
0"
#92053643145
1!
#92053643145
1"
#92053651825
0!
#92053651825
0"
#92053703905
1!
#92053703905
1"
#92053712585
0!
#92053712585
0"
#92053729945
1!
#92053729945
1"
#92053738625
0!
#92053738625
0"
#92053782025
1!
#92053782025
1"
#92053799385
0!
#92053799385
0"
#92053816745
1!
#92053816745
1"
#92053825425
0!
#92053825425
0"
#92053842785
1!
#92053842785
1"
#92053868825
0!
#92053868825
0"
#92053877505
1!
#92053877505
1"
#92053886185
0!
#92053886185
0"
#92053903545
1!
#92053903545
1"
#92053912225
0!
#92053912225
0"
#92053955625
1!
#92053955625
1"
#92053972985
0!
#92053972985
0"
#92053990345
1!
#92053990345
1"
#92053999025
0!
#92053999025
0"
#92054025065
1!
#92054025065
1"
#92054042425
0!
#92054042425
0"
#92054051105
1!
#92054051105
1"
#92054059785
0!
#92054059785
0"
#92054077145
1!
#92054077145
1"
#92054085825
0!
#92054085825
0"
#92054137905
1!
#92054137905
1"
#92054146585
0!
#92054146585
0"
#92054163945
1!
#92054163945
1"
#92054172625
0!
#92054172625
0"
#92054198665
1!
#92054198665
1"
#92054207345
0!
#92054207345
0"
#92054224705
1!
#92054224705
1"
#92054242065
0!
#92054242065
0"
#92054250745
1!
#92054250745
1"
#92054259425
0!
#92054259425
0"
#92054268105
1!
#92054268105
1"
#92054276785
0!
#92054276785
0"
#92054294145
1!
#92054294145
1"
#92054302825
0!
#92054302825
0"
#92054311505
1!
#92054311505
1"
#92054328865
0!
#92054328865
0"
#92054337545
1!
#92054337545
1"
#92054346225
0!
#92054346225
0"
#92054354905
1!
#92054354905
1"
#92054372265
0!
#92054372265
0"
#92054389625
1!
#92054389625
1"
#92054415665
0!
#92054415665
0"
#92054424345
1!
#92054424345
1"
#92054433025
0!
#92054433025
0"
#92054476425
1!
#92054476425
1"
#92054502465
0!
#92054502465
0"
#92054511145
1!
#92054511145
1"
#92054519825
0!
#92054519825
0"
#92054545865
1!
#92054545865
1"
#92054563225
0!
#92054563225
0"
#92054571905
1!
#92054571905
1"
#92054589265
0!
#92054589265
0"
#92054597945
1!
#92054597945
1"
#92054606625
0!
#92054606625
0"
#92054615305
1!
#92054615305
1"
#92054623985
0!
#92054623985
0"
#92054658705
1!
#92054658705
1"
#92054676065
0!
#92054676065
0"
#92054684745
1!
#92054684745
1"
#92054693425
0!
#92054693425
0"
#92054702105
1!
#92054702105
1"
#92054710785
0!
#92054710785
0"
#92054728145
1!
#92054728145
1"
#92054762865
0!
#92054762865
0"
#92054771545
1!
#92054771545
1"
#92054780225
0!
#92054780225
0"
#92054832305
1!
#92054832305
1"
#92054840985
0!
#92054840985
0"
#92054858345
1!
#92054858345
1"
#92054867025
0!
#92054867025
0"
#92054893065
1!
#92054893065
1"
#92054901745
0!
#92054901745
0"
#92054910425
1!
#92054910425
1"
#92054936465
0!
#92054936465
0"
#92054945145
1!
#92054945145
1"
#92054953825
0!
#92054953825
0"
#92054962505
1!
#92054962505
1"
#92054971185
0!
#92054971185
0"
#92054988545
1!
#92054988545
1"
#92054997225
0!
#92054997225
0"
#92055005905
1!
#92055005905
1"
#92055023265
0!
#92055023265
0"
#92055031945
1!
#92055031945
1"
#92055040625
0!
#92055040625
0"
#92055049305
1!
#92055049305
1"
#92055057985
0!
#92055057985
0"
#92055066665
1!
#92055066665
1"
#92055084025
0!
#92055084025
0"
#92055092705
1!
#92055092705
1"
#92055110065
0!
#92055110065
0"
#92055118745
1!
#92055118745
1"
#92055127425
0!
#92055127425
0"
#92055136105
1!
#92055136105
1"
#92055144785
0!
#92055144785
0"
#92055153465
1!
#92055153465
1"
#92055162145
0!
#92055162145
0"
#92055179505
1!
#92055179505
1"
#92055196865
0!
#92055196865
0"
#92055205545
1!
#92055205545
1"
#92055214225
0!
#92055214225
0"
#92055231585
1!
#92055231585
1"
#92055240265
0!
#92055240265
0"
#92055248945
1!
#92055248945
1"
#92055274985
0!
#92055274985
0"
#92055292345
1!
#92055292345
1"
#92055301025
0!
#92055301025
0"
#92055353105
1!
#92055353105
1"
#92055361785
0!
#92055361785
0"
#92055379145
1!
#92055379145
1"
#92055387825
0!
#92055387825
0"
#92055405185
1!
#92055405185
1"
#92055413865
0!
#92055413865
0"
#92055431225
1!
#92055431225
1"
#92055448585
0!
#92055448585
0"
#92055465945
1!
#92055465945
1"
#92055474625
0!
#92055474625
0"
#92055518025
1!
#92055518025
1"
#92055535385
0!
#92055535385
0"
#92055552745
1!
#92055552745
1"
#92055561425
0!
#92055561425
0"
#92055604825
1!
#92055604825
1"
#92055622185
0!
#92055622185
0"
#92055639545
1!
#92055639545
1"
#92055648225
0!
#92055648225
0"
#92055691625
1!
#92055691625
1"
#92055708985
0!
#92055708985
0"
#92055726345
1!
#92055726345
1"
#92055735025
0!
#92055735025
0"
#92055761065
1!
#92055761065
1"
#92055778425
0!
#92055778425
0"
#92055787105
1!
#92055787105
1"
#92055795785
0!
#92055795785
0"
#92055813145
1!
#92055813145
1"
#92055821825
0!
#92055821825
0"
#92055873905
1!
#92055873905
1"
#92055882585
0!
#92055882585
0"
#92055899945
1!
#92055899945
1"
#92055908625
0!
#92055908625
0"
#92055917305
1!
#92055917305
1"
#92055934665
0!
#92055934665
0"
#92055952025
1!
#92055952025
1"
#92055978065
0!
#92055978065
0"
#92055986745
1!
#92055986745
1"
#92055995425
0!
#92055995425
0"
#92056004105
1!
#92056004105
1"
#92056012785
0!
#92056012785
0"
#92056021465
1!
#92056021465
1"
#92056030145
0!
#92056030145
0"
#92056047505
1!
#92056047505
1"
#92056064865
0!
#92056064865
0"
#92056073545
1!
#92056073545
1"
#92056082225
0!
#92056082225
0"
#92056099585
1!
#92056099585
1"
#92056125625
0!
#92056125625
0"
#92056134305
1!
#92056134305
1"
#92056151665
0!
#92056151665
0"
#92056160345
1!
#92056160345
1"
#92056169025
0!
#92056169025
0"
#92056177705
1!
#92056177705
1"
#92056195065
0!
#92056195065
0"
#92056212425
1!
#92056212425
1"
#92056238465
0!
#92056238465
0"
#92056247145
1!
#92056247145
1"
#92056255825
0!
#92056255825
0"
#92056264505
1!
#92056264505
1"
#92056299225
0!
#92056299225
0"
#92056307905
1!
#92056307905
1"
#92056325265
0!
#92056325265
0"
#92056333945
1!
#92056333945
1"
#92056342625
0!
#92056342625
0"
#92056359985
1!
#92056359985
1"
#92056368665
0!
#92056368665
0"
#92056386025
1!
#92056386025
1"
#92056412065
0!
#92056412065
0"
#92056420745
1!
#92056420745
1"
#92056429425
0!
#92056429425
0"
#92056481505
1!
#92056481505
1"
#92056490185
0!
#92056490185
0"
#92056507545
1!
#92056507545
1"
#92056516225
0!
#92056516225
0"
#92056542265
1!
#92056542265
1"
#92056550945
0!
#92056550945
0"
#92056559625
1!
#92056559625
1"
#92056585665
0!
#92056585665
0"
#92056594345
1!
#92056594345
1"
#92056603025
0!
#92056603025
0"
#92056611705
1!
#92056611705
1"
#92056620385
0!
#92056620385
0"
#92056637745
1!
#92056637745
1"
#92056646425
0!
#92056646425
0"
#92056655105
1!
#92056655105
1"
#92056672465
0!
#92056672465
0"
#92056681145
1!
#92056681145
1"
#92056689825
0!
#92056689825
0"
#92056698505
1!
#92056698505
1"
#92056707185
0!
#92056707185
0"
#92056715865
1!
#92056715865
1"
#92056733225
0!
#92056733225
0"
#92056741905
1!
#92056741905
1"
#92056759265
0!
#92056759265
0"
#92056767945
1!
#92056767945
1"
#92056776625
0!
#92056776625
0"
#92056785305
1!
#92056785305
1"
#92056793985
0!
#92056793985
0"
#92056802665
1!
#92056802665
1"
#92056811345
0!
#92056811345
0"
#92056828705
1!
#92056828705
1"
#92056846065
0!
#92056846065
0"
#92056854745
1!
#92056854745
1"
#92056863425
0!
#92056863425
0"
#92056880785
1!
#92056880785
1"
#92056889465
0!
#92056889465
0"
#92056898145
1!
#92056898145
1"
#92056924185
0!
#92056924185
0"
#92056941545
1!
#92056941545
1"
#92056950225
0!
#92056950225
0"
#92057002305
1!
#92057002305
1"
#92057010985
0!
#92057010985
0"
#92057028345
1!
#92057028345
1"
#92057037025
0!
#92057037025
0"
#92057045705
1!
#92057045705
1"
#92057054385
0!
#92057054385
0"
#92057063065
1!
#92057063065
1"
#92057071745
0!
#92057071745
0"
#92057080425
1!
#92057080425
1"
#92057097785
0!
#92057097785
0"
#92057115145
1!
#92057115145
1"
#92057123825
0!
#92057123825
0"
#92057167225
1!
#92057167225
1"
#92057184585
0!
#92057184585
0"
#92057201945
1!
#92057201945
1"
#92057210625
0!
#92057210625
0"
#92057254025
1!
#92057254025
1"
#92057271385
0!
#92057271385
0"
#92057288745
1!
#92057288745
1"
#92057297425
0!
#92057297425
0"
#92057314785
1!
#92057314785
1"
#92057323465
0!
#92057323465
0"
#92057332145
1!
#92057332145
1"
#92057340825
0!
#92057340825
0"
#92057375545
1!
#92057375545
1"
#92057384225
0!
#92057384225
0"
#92057462345
1!
#92057462345
1"
#92057471025
0!
#92057471025
0"
#92057505745
1!
#92057505745
1"
#92057514425
0!
#92057514425
0"
#92057549145
1!
#92057549145
1"
#92057557825
0!
#92057557825
0"
#92057635945
1!
#92057635945
1"
#92057644625
0!
#92057644625
0"
#92057722745
1!
#92057722745
1"
#92057731425
0!
#92057731425
0"
#92057809545
1!
#92057809545
1"
#92057818225
0!
#92057818225
0"
#92057870305
1!
#92057870305
1"
#92057887665
0!
#92057887665
0"
#92057896345
1!
#92057896345
1"
#92057905025
0!
#92057905025
0"
#92057922385
1!
#92057922385
1"
#92057948425
0!
#92057948425
0"
#92057965785
1!
#92057965785
1"
#92057991825
0!
#92057991825
0"
#92058009185
1!
#92058009185
1"
#92058035225
0!
#92058035225
0"
#92058052585
1!
#92058052585
1"
#92058078625
0!
#92058078625
0"
#92058087305
1!
#92058087305
1"
#92058139385
0!
#92058139385
0"
#92058156745
1!
#92058156745
1"
#92058165425
0!
#92058165425
0"
#92058174105
1!
#92058174105
1"
#92058191465
0!
#92058191465
0"
#92058243545
1!
#92058243545
1"
#92058252225
0!
#92058252225
0"
#92058330345
1!
#92058330345
1"
#92058339025
0!
#92058339025
0"
#92058417145
1!
#92058417145
1"
#92058425825
0!
#92058425825
0"
#92058503945
1!
#92058503945
1"
#92058512625
0!
#92058512625
0"
#92058521305
1!
#92058521305
1"
#92058529985
0!
#92058529985
0"
#92058547345
1!
#92058547345
1"
#92058556025
0!
#92058556025
0"
#92058573385
1!
#92058573385
1"
#92058599425
0!
#92058599425
0"
#92058616785
1!
#92058616785
1"
#92058625465
0!
#92058625465
0"
#92058642825
1!
#92058642825
1"
#92058651505
0!
#92058651505
0"
#92058668865
1!
#92058668865
1"
#94569039744
0!
#94569039744
0"
#94569048424
1!
#94569048424
1"
#94569057104
0!
#94569057104
0"
#94569065784
1!
#94569065784
1"
#94569074464
0!
#94569074464
0"
#94569091824
1!
#94569091824
1"
#94569100504
0!
#94569100504
0"
#94569109184
1!
#94569109184
1"
#94569126544
0!
#94569126544
0"
#94569143904
1!
#94569143904
1"
#94569152584
0!
#94569152584
0"
#94569161264
1!
#94569161264
1"
#94569178624
0!
#94569178624
0"
#94569187304
1!
#94569187304
1"
#94569195984
0!
#94569195984
0"
#94569204664
1!
#94569204664
1"
#94569213344
0!
#94569213344
0"
#94569222024
1!
#94569222024
1"
#94569230704
0!
#94569230704
0"
#94569291464
1!
#94569291464
1"
#94569300144
0!
#94569300144
0"
#94569326184
1!
#94569326184
1"
#94569334864
0!
#94569334864
0"
#94569352224
1!
#94569352224
1"
#94569369584
0!
#94569369584
0"
#94569378264
1!
#94569378264
1"
#94569386944
0!
#94569386944
0"
#94569404304
1!
#94569404304
1"
#94569412984
0!
#94569412984
0"
#94569430344
1!
#94569430344
1"
#94569439024
0!
#94569439024
0"
#94569447704
1!
#94569447704
1"
#94569456384
0!
#94569456384
0"
#94569465064
1!
#94569465064
1"
#94569473744
0!
#94569473744
0"
#94569482424
1!
#94569482424
1"
#94569491104
0!
#94569491104
0"
#94569499784
1!
#94569499784
1"
#94569508464
0!
#94569508464
0"
#94569525824
1!
#94569525824
1"
#94569543184
0!
#94569543184
0"
#94569551864
1!
#94569551864
1"
#94569560544
0!
#94569560544
0"
#94569569224
1!
#94569569224
1"
#94569586584
0!
#94569586584
0"
#94569603944
1!
#94569603944
1"
#94569629984
0!
#94569629984
0"
#94569638664
1!
#94569638664
1"
#94569647344
0!
#94569647344
0"
#94569656024
1!
#94569656024
1"
#94569664704
0!
#94569664704
0"
#94569673384
1!
#94569673384
1"
#94569682064
0!
#94569682064
0"
#94569690744
1!
#94569690744
1"
#94569716784
0!
#94569716784
0"
#94569725464
1!
#94569725464
1"
#94569734144
0!
#94569734144
0"
#94569760184
1!
#94569760184
1"
#94569777544
0!
#94569777544
0"
#94569786224
1!
#94569786224
1"
#94569803584
0!
#94569803584
0"
#94569812264
1!
#94569812264
1"
#94569820944
0!
#94569820944
0"
#94569846984
1!
#94569846984
1"
#94569855664
0!
#94569855664
0"
#94569864344
1!
#94569864344
1"
#94569890384
0!
#94569890384
0"
#94569899064
1!
#94569899064
1"
#94569907744
0!
#94569907744
0"
#94569925104
1!
#94569925104
1"
#94569933784
0!
#94569933784
0"
#94569942464
1!
#94569942464
1"
#94569968504
0!
#94569968504
0"
#94569985864
1!
#94569985864
1"
#94569994544
0!
#94569994544
0"
#94570046624
1!
#94570046624
1"
#94570055304
0!
#94570055304
0"
#94570072664
1!
#94570072664
1"
#94570081344
0!
#94570081344
0"
#94570090024
1!
#94570090024
1"
#94570116064
0!
#94570116064
0"
#94570133424
1!
#94570133424
1"
#94570150784
0!
#94570150784
0"
#94570159464
1!
#94570159464
1"
#94570168144
0!
#94570168144
0"
#94570202864
1!
#94570202864
1"
#94570237584
0!
#94570237584
0"
#94570246264
1!
#94570246264
1"
#94570254944
0!
#94570254944
0"
#94570272304
1!
#94570272304
1"
#94570280984
0!
#94570280984
0"
#94570289664
1!
#94570289664
1"
#94570315704
0!
#94570315704
0"
#94570333064
1!
#94570333064
1"
#94570341744
0!
#94570341744
0"
#94570393824
1!
#94570393824
1"
#94570402504
0!
#94570402504
0"
#94570419864
1!
#94570419864
1"
#94570428544
0!
#94570428544
0"
#94570480624
1!
#94570480624
1"
#94570489304
0!
#94570489304
0"
#94570506664
1!
#94570506664
1"
#94570515344
0!
#94570515344
0"
#94570567424
1!
#94570567424
1"
#94570576104
0!
#94570576104
0"
#94570593464
1!
#94570593464
1"
#94570602144
0!
#94570602144
0"
#94570654224
1!
#94570654224
1"
#94570662904
0!
#94570662904
0"
#94570680264
1!
#94570680264
1"
#94570688944
0!
#94570688944
0"
#94570741024
1!
#94570741024
1"
#94570749704
0!
#94570749704
0"
#94570767064
1!
#94570767064
1"
#94570775744
0!
#94570775744
0"
#94570827824
1!
#94570827824
1"
#94570836504
0!
#94570836504
0"
#94570853864
1!
#94570853864
1"
#94570862544
0!
#94570862544
0"
#94570905944
1!
#94570905944
1"
#94570923304
0!
#94570923304
0"
#94570940664
1!
#94570940664
1"
#94570949344
0!
#94570949344
0"
#94570966704
1!
#94570966704
1"
#94570992744
0!
#94570992744
0"
#94571001424
1!
#94571001424
1"
#94571010104
0!
#94571010104
0"
#94571027464
1!
#94571027464
1"
#94571036144
0!
#94571036144
0"
#94571079544
1!
#94571079544
1"
#94571096904
0!
#94571096904
0"
#94571114264
1!
#94571114264
1"
#94571122944
0!
#94571122944
0"
#94571148984
1!
#94571148984
1"
#94571166344
0!
#94571166344
0"
#94571175024
1!
#94571175024
1"
#94571183704
0!
#94571183704
0"
#94571201064
1!
#94571201064
1"
#94571209744
0!
#94571209744
0"
#94571261824
1!
#94571261824
1"
#94571270504
0!
#94571270504
0"
#94571287864
1!
#94571287864
1"
#94571296544
0!
#94571296544
0"
#94571305224
1!
#94571305224
1"
#94571331264
0!
#94571331264
0"
#94571348624
1!
#94571348624
1"
#94571365984
0!
#94571365984
0"
#94571374664
1!
#94571374664
1"
#94571383344
0!
#94571383344
0"
#94571392024
1!
#94571392024
1"
#94571400704
0!
#94571400704
0"
#94571418064
1!
#94571418064
1"
#94571452784
0!
#94571452784
0"
#94571461464
1!
#94571461464
1"
#94571470144
0!
#94571470144
0"
#94571487504
1!
#94571487504
1"
#94571496184
0!
#94571496184
0"
#94571504864
1!
#94571504864
1"
#94571530904
0!
#94571530904
0"
#94571548264
1!
#94571548264
1"
#94571556944
0!
#94571556944
0"
#94571609024
1!
#94571609024
1"
#94571617704
0!
#94571617704
0"
#94571635064
1!
#94571635064
1"
#94571643744
0!
#94571643744
0"
#94571695824
1!
#94571695824
1"
#94571704504
0!
#94571704504
0"
#94571721864
1!
#94571721864
1"
#94571730544
0!
#94571730544
0"
#94571782624
1!
#94571782624
1"
#94571791304
0!
#94571791304
0"
#94571808664
1!
#94571808664
1"
#94571817344
0!
#94571817344
0"
#94571869424
1!
#94571869424
1"
#94571878104
0!
#94571878104
0"
#94571895464
1!
#94571895464
1"
#94571904144
0!
#94571904144
0"
#94571956224
1!
#94571956224
1"
#94571964904
0!
#94571964904
0"
#94571982264
1!
#94571982264
1"
#94571990944
0!
#94571990944
0"
#94572043024
1!
#94572043024
1"
#94572051704
0!
#94572051704
0"
#94572069064
1!
#94572069064
1"
#94572077744
0!
#94572077744
0"
#94572121144
1!
#94572121144
1"
#94572138504
0!
#94572138504
0"
#94572155864
1!
#94572155864
1"
#94572164544
0!
#94572164544
0"
#94572181904
1!
#94572181904
1"
#94572207944
0!
#94572207944
0"
#94572216624
1!
#94572216624
1"
#94572225304
0!
#94572225304
0"
#94572242664
1!
#94572242664
1"
#94572251344
0!
#94572251344
0"
#94572294744
1!
#94572294744
1"
#94572312104
0!
#94572312104
0"
#94572329464
1!
#94572329464
1"
#94572338144
0!
#94572338144
0"
#94572364184
1!
#94572364184
1"
#94572381544
0!
#94572381544
0"
#94572390224
1!
#94572390224
1"
#94572398904
0!
#94572398904
0"
#94572416264
1!
#94572416264
1"
#94572424944
0!
#94572424944
0"
#94572477024
1!
#94572477024
1"
#94572485704
0!
#94572485704
0"
#94572503064
1!
#94572503064
1"
#94572511744
0!
#94572511744
0"
#94572520424
1!
#94572520424
1"
#94572546464
0!
#94572546464
0"
#94572563824
1!
#94572563824
1"
#94572581184
0!
#94572581184
0"
#94572589864
1!
#94572589864
1"
#94572598544
0!
#94572598544
0"
#94572615904
1!
#94572615904
1"
#94572624584
0!
#94572624584
0"
#94572633264
1!
#94572633264
1"
#94572667984
0!
#94572667984
0"
#94572676664
1!
#94572676664
1"
#94572685344
0!
#94572685344
0"
#94572702704
1!
#94572702704
1"
#94572711384
0!
#94572711384
0"
#94572720064
1!
#94572720064
1"
#94572746104
0!
#94572746104
0"
#94572763464
1!
#94572763464
1"
#94572772144
0!
#94572772144
0"
#94572824224
1!
#94572824224
1"
#94572832904
0!
#94572832904
0"
#94572850264
1!
#94572850264
1"
#94572858944
0!
#94572858944
0"
#94572911024
1!
#94572911024
1"
#94572919704
0!
#94572919704
0"
#94572937064
1!
#94572937064
1"
#94572945744
0!
#94572945744
0"
#94572997824
1!
#94572997824
1"
#94573006504
0!
#94573006504
0"
#94573023864
1!
#94573023864
1"
#94573032544
0!
#94573032544
0"
#94573084624
1!
#94573084624
1"
#94573093304
0!
#94573093304
0"
#94573110664
1!
#94573110664
1"
#94573119344
0!
#94573119344
0"
#94573171424
1!
#94573171424
1"
#94573180104
0!
#94573180104
0"
#94573197464
1!
#94573197464
1"
#94573206144
0!
#94573206144
0"
#94573258224
1!
#94573258224
1"
#94573266904
0!
#94573266904
0"
#94573284264
1!
#94573284264
1"
#94573292944
0!
#94573292944
0"
#94573336344
1!
#94573336344
1"
#94573353704
0!
#94573353704
0"
#94573371064
1!
#94573371064
1"
#94573379744
0!
#94573379744
0"
#94573397104
1!
#94573397104
1"
#94573423144
0!
#94573423144
0"
#94573431824
1!
#94573431824
1"
#94573440504
0!
#94573440504
0"
#94573457864
1!
#94573457864
1"
#94573466544
0!
#94573466544
0"
#94573509944
1!
#94573509944
1"
#94573527304
0!
#94573527304
0"
#94573544664
1!
#94573544664
1"
#94573553344
0!
#94573553344
0"
#94573579384
1!
#94573579384
1"
#94573596744
0!
#94573596744
0"
#94573605424
1!
#94573605424
1"
#94573614104
0!
#94573614104
0"
#94573631464
1!
#94573631464
1"
#94573640144
0!
#94573640144
0"
#94573692224
1!
#94573692224
1"
#94573700904
0!
#94573700904
0"
#94573718264
1!
#94573718264
1"
#94573726944
0!
#94573726944
0"
#94573752984
1!
#94573752984
1"
#94573761664
0!
#94573761664
0"
#94573779024
1!
#94573779024
1"
#94573796384
0!
#94573796384
0"
#94573805064
1!
#94573805064
1"
#94573813744
0!
#94573813744
0"
#94573822424
1!
#94573822424
1"
#94573831104
0!
#94573831104
0"
#94573848464
1!
#94573848464
1"
#94573857144
0!
#94573857144
0"
#94573865824
1!
#94573865824
1"
#94573883184
0!
#94573883184
0"
#94573891864
1!
#94573891864
1"
#94573900544
0!
#94573900544
0"
#94573909224
1!
#94573909224
1"
#94573926584
0!
#94573926584
0"
#94573943944
1!
#94573943944
1"
#94573969984
0!
#94573969984
0"
#94573978664
1!
#94573978664
1"
#94573987344
0!
#94573987344
0"
#94574030744
1!
#94574030744
1"
#94574056784
0!
#94574056784
0"
#94574065464
1!
#94574065464
1"
#94574074144
0!
#94574074144
0"
#94574100184
1!
#94574100184
1"
#94574117544
0!
#94574117544
0"
#94574126224
1!
#94574126224
1"
#94574143584
0!
#94574143584
0"
#94574152264
1!
#94574152264
1"
#94574160944
0!
#94574160944
0"
#94574169624
1!
#94574169624
1"
#94574178304
0!
#94574178304
0"
#94574213024
1!
#94574213024
1"
#94574230384
0!
#94574230384
0"
#94574239064
1!
#94574239064
1"
#94574247744
0!
#94574247744
0"
#94574256424
1!
#94574256424
1"
#94574265104
0!
#94574265104
0"
#94574282464
1!
#94574282464
1"
#94574317184
0!
#94574317184
0"
#94574325864
1!
#94574325864
1"
#94574334544
0!
#94574334544
0"
#94574386624
1!
#94574386624
1"
#94574395304
0!
#94574395304
0"
#94574412664
1!
#94574412664
1"
#94574421344
0!
#94574421344
0"
#94574447384
1!
#94574447384
1"
#94574456064
0!
#94574456064
0"
#94574464744
1!
#94574464744
1"
#94574490784
0!
#94574490784
0"
#94574499464
1!
#94574499464
1"
#94574508144
0!
#94574508144
0"
#94574516824
1!
#94574516824
1"
#94574525504
0!
#94574525504
0"
#94574542864
1!
#94574542864
1"
#94574551544
0!
#94574551544
0"
#94574560224
1!
#94574560224
1"
#94574577584
0!
#94574577584
0"
#94574586264
1!
#94574586264
1"
#94574594944
0!
#94574594944
0"
#94574603624
1!
#94574603624
1"
#94574612304
0!
#94574612304
0"
#94574620984
1!
#94574620984
1"
#94574638344
0!
#94574638344
0"
#94574647024
1!
#94574647024
1"
#94574664384
0!
#94574664384
0"
#94574673064
1!
#94574673064
1"
#94574681744
0!
#94574681744
0"
#94574690424
1!
#94574690424
1"
#94574699104
0!
#94574699104
0"
#94574707784
1!
#94574707784
1"
#94574716464
0!
#94574716464
0"
#94574733824
1!
#94574733824
1"
#94574751184
0!
#94574751184
0"
#94574759864
1!
#94574759864
1"
#94574768544
0!
#94574768544
0"
#94574785904
1!
#94574785904
1"
#94574794584
0!
#94574794584
0"
#94574803264
1!
#94574803264
1"
#94574829304
0!
#94574829304
0"
#94574846664
1!
#94574846664
1"
#94574855344
0!
#94574855344
0"
#94574907424
1!
#94574907424
1"
#94574916104
0!
#94574916104
0"
#94574933464
1!
#94574933464
1"
#94574942144
0!
#94574942144
0"
#94574959504
1!
#94574959504
1"
#94574968184
0!
#94574968184
0"
#94574985544
1!
#94574985544
1"
#94575002904
0!
#94575002904
0"
#94575020264
1!
#94575020264
1"
#94575028944
0!
#94575028944
0"
#94575072344
1!
#94575072344
1"
#94575089704
0!
#94575089704
0"
#94575107064
1!
#94575107064
1"
#94575115744
0!
#94575115744
0"
#94575159144
1!
#94575159144
1"
#94575176504
0!
#94575176504
0"
#94575193864
1!
#94575193864
1"
#94575202544
0!
#94575202544
0"
#94575245944
1!
#94575245944
1"
#94575263304
0!
#94575263304
0"
#94575280664
1!
#94575280664
1"
#94575289344
0!
#94575289344
0"
#94575315384
1!
#94575315384
1"
#94575332744
0!
#94575332744
0"
#94575341424
1!
#94575341424
1"
#94575350104
0!
#94575350104
0"
#94575367464
1!
#94575367464
1"
#94575376144
0!
#94575376144
0"
#94575428224
1!
#94575428224
1"
#94575436904
0!
#94575436904
0"
#94575454264
1!
#94575454264
1"
#94575462944
0!
#94575462944
0"
#94575471624
1!
#94575471624
1"
#94575488984
0!
#94575488984
0"
#94575506344
1!
#94575506344
1"
#94575532384
0!
#94575532384
0"
#94575541064
1!
#94575541064
1"
#94575549744
0!
#94575549744
0"
#94575558424
1!
#94575558424
1"
#94575567104
0!
#94575567104
0"
#94575575784
1!
#94575575784
1"
#94575584464
0!
#94575584464
0"
#94575601824
1!
#94575601824
1"
#94575619184
0!
#94575619184
0"
#94575627864
1!
#94575627864
1"
#94575636544
0!
#94575636544
0"
#94575653904
1!
#94575653904
1"
#94575679944
0!
#94575679944
0"
#94575688624
1!
#94575688624
1"
#94575705984
0!
#94575705984
0"
#94575714664
1!
#94575714664
1"
#94575723344
0!
#94575723344
0"
#94575732024
1!
#94575732024
1"
#94575749384
0!
#94575749384
0"
#94575766744
1!
#94575766744
1"
#94575792784
0!
#94575792784
0"
#94575801464
1!
#94575801464
1"
#94575810144
0!
#94575810144
0"
#94575818824
1!
#94575818824
1"
#94575853544
0!
#94575853544
0"
#94575862224
1!
#94575862224
1"
#94575879584
0!
#94575879584
0"
#94575888264
1!
#94575888264
1"
#94575896944
0!
#94575896944
0"
#94575914304
1!
#94575914304
1"
#94575922984
0!
#94575922984
0"
#94575940344
1!
#94575940344
1"
#94575966384
0!
#94575966384
0"
#94575975064
1!
#94575975064
1"
#94575983744
0!
#94575983744
0"
#94576035824
1!
#94576035824
1"
#94576044504
0!
#94576044504
0"
#94576061864
1!
#94576061864
1"
#94576070544
0!
#94576070544
0"
#94576096584
1!
#94576096584
1"
#94576105264
0!
#94576105264
0"
#94576113944
1!
#94576113944
1"
#94576139984
0!
#94576139984
0"
#94576148664
1!
#94576148664
1"
#94576157344
0!
#94576157344
0"
#94576166024
1!
#94576166024
1"
#94576174704
0!
#94576174704
0"
#94576192064
1!
#94576192064
1"
#94576200744
0!
#94576200744
0"
#94576209424
1!
#94576209424
1"
#94576226784
0!
#94576226784
0"
#94576235464
1!
#94576235464
1"
#94576244144
0!
#94576244144
0"
#94576252824
1!
#94576252824
1"
#94576261504
0!
#94576261504
0"
#94576270184
1!
#94576270184
1"
#94576287544
0!
#94576287544
0"
#94576296224
1!
#94576296224
1"
#94576313584
0!
#94576313584
0"
#94576322264
1!
#94576322264
1"
#94576330944
0!
#94576330944
0"
#94576339624
1!
#94576339624
1"
#94576348304
0!
#94576348304
0"
#94576356984
1!
#94576356984
1"
#94576365664
0!
#94576365664
0"
#94576383024
1!
#94576383024
1"
#94576400384
0!
#94576400384
0"
#94576409064
1!
#94576409064
1"
#94576417744
0!
#94576417744
0"
#94576435104
1!
#94576435104
1"
#94576443784
0!
#94576443784
0"
#94576452464
1!
#94576452464
1"
#94576478504
0!
#94576478504
0"
#94576495864
1!
#94576495864
1"
#94576504544
0!
#94576504544
0"
#94576556624
1!
#94576556624
1"
#94576565304
0!
#94576565304
0"
#94576582664
1!
#94576582664
1"
#94576591344
0!
#94576591344
0"
#94576600024
1!
#94576600024
1"
#94576608704
0!
#94576608704
0"
#94576617384
1!
#94576617384
1"
#94576626064
0!
#94576626064
0"
#94576634744
1!
#94576634744
1"
#94576652104
0!
#94576652104
0"
#94576669464
1!
#94576669464
1"
#94576678144
0!
#94576678144
0"
#94576721544
1!
#94576721544
1"
#94576738904
0!
#94576738904
0"
#94576756264
1!
#94576756264
1"
#94576764944
0!
#94576764944
0"
#94576808344
1!
#94576808344
1"
#94576825704
0!
#94576825704
0"
#94576843064
1!
#94576843064
1"
#94576851744
0!
#94576851744
0"
#94576869104
1!
#94576869104
1"
#94576877784
0!
#94576877784
0"
#94576886464
1!
#94576886464
1"
#94576895144
0!
#94576895144
0"
#94576929864
1!
#94576929864
1"
#94576938544
0!
#94576938544
0"
#94577016664
1!
#94577016664
1"
#94577025344
0!
#94577025344
0"
#94577060064
1!
#94577060064
1"
#94577068744
0!
#94577068744
0"
#94577103464
1!
#94577103464
1"
#94577112144
0!
#94577112144
0"
#94577190264
1!
#94577190264
1"
#94577198944
0!
#94577198944
0"
#94577277064
1!
#94577277064
1"
#94577285744
0!
#94577285744
0"
#94577363864
1!
#94577363864
1"
#94577372544
0!
#94577372544
0"
#94577424624
1!
#94577424624
1"
#94577441984
0!
#94577441984
0"
#94577450664
1!
#94577450664
1"
#94577459344
0!
#94577459344
0"
#94577476704
1!
#94577476704
1"
#94577502744
0!
#94577502744
0"
#94577520104
1!
#94577520104
1"
#94577546144
0!
#94577546144
0"
#94577563504
1!
#94577563504
1"
#94577589544
0!
#94577589544
0"
#94577606904
1!
#94577606904
1"
#94577632944
0!
#94577632944
0"
#94577641624
1!
#94577641624
1"
#94577693704
0!
#94577693704
0"
#94577711064
1!
#94577711064
1"
#94577719744
0!
#94577719744
0"
#94577728424
1!
#94577728424
1"
#94577745784
0!
#94577745784
0"
#94577797864
1!
#94577797864
1"
#94577806544
0!
#94577806544
0"
#94577884664
1!
#94577884664
1"
#94577893344
0!
#94577893344
0"
#94577971464
1!
#94577971464
1"
#94577980144
0!
#94577980144
0"
#94578058264
1!
#94578058264
1"
#94578066944
0!
#94578066944
0"
#94578075624
1!
#94578075624
1"
#94578084304
0!
#94578084304
0"
#94578101664
1!
#94578101664
1"
#94578110344
0!
#94578110344
0"
#94578127704
1!
#94578127704
1"
#94578153744
0!
#94578153744
0"
#94578171104
1!
#94578171104
1"
#94578179784
0!
#94578179784
0"
#94578197144
1!
#94578197144
1"
#94578205824
0!
#94578205824
0"
#94578223184
1!
#94578223184
1"
#97089039744
0!
#97089039744
0"
#97089048424
1!
#97089048424
1"
#97089057104
0!
#97089057104
0"
#97089065784
1!
#97089065784
1"
#97089074464
0!
#97089074464
0"
#97089091824
1!
#97089091824
1"
#97089100504
0!
#97089100504
0"
#97089109184
1!
#97089109184
1"
#97089126544
0!
#97089126544
0"
#97089143904
1!
#97089143904
1"
#97089152584
0!
#97089152584
0"
#97089161264
1!
#97089161264
1"
#97089178624
0!
#97089178624
0"
#97089187304
1!
#97089187304
1"
#97089195984
0!
#97089195984
0"
#97089204664
1!
#97089204664
1"
#97089213344
0!
#97089213344
0"
#97089222024
1!
#97089222024
1"
#97089230704
0!
#97089230704
0"
#97089291464
1!
#97089291464
1"
#97089300144
0!
#97089300144
0"
#97089326184
1!
#97089326184
1"
#97089334864
0!
#97089334864
0"
#97089352224
1!
#97089352224
1"
#97089369584
0!
#97089369584
0"
#97089378264
1!
#97089378264
1"
#97089386944
0!
#97089386944
0"
#97089404304
1!
#97089404304
1"
#97089412984
0!
#97089412984
0"
#97089430344
1!
#97089430344
1"
#97089439024
0!
#97089439024
0"
#97089447704
1!
#97089447704
1"
#97089456384
0!
#97089456384
0"
#97089465064
1!
#97089465064
1"
#97089473744
0!
#97089473744
0"
#97089482424
1!
#97089482424
1"
#97089491104
0!
#97089491104
0"
#97089499784
1!
#97089499784
1"
#97089508464
0!
#97089508464
0"
#97089525824
1!
#97089525824
1"
#97089543184
0!
#97089543184
0"
#97089551864
1!
#97089551864
1"
#97089560544
0!
#97089560544
0"
#97089569224
1!
#97089569224
1"
#97089586584
0!
#97089586584
0"
#97089603944
1!
#97089603944
1"
#97089629984
0!
#97089629984
0"
#97089638664
1!
#97089638664
1"
#97089647344
0!
#97089647344
0"
#97089656024
1!
#97089656024
1"
#97089664704
0!
#97089664704
0"
#97089673384
1!
#97089673384
1"
#97089682064
0!
#97089682064
0"
#97089690744
1!
#97089690744
1"
#97089716784
0!
#97089716784
0"
#97089725464
1!
#97089725464
1"
#97089734144
0!
#97089734144
0"
#97089760184
1!
#97089760184
1"
#97089777544
0!
#97089777544
0"
#97089786224
1!
#97089786224
1"
#97089803584
0!
#97089803584
0"
#97089812264
1!
#97089812264
1"
#97089820944
0!
#97089820944
0"
#97089846984
1!
#97089846984
1"
#97089855664
0!
#97089855664
0"
#97089864344
1!
#97089864344
1"
#97089890384
0!
#97089890384
0"
#97089899064
1!
#97089899064
1"
#97089907744
0!
#97089907744
0"
#97089925104
1!
#97089925104
1"
#97089933784
0!
#97089933784
0"
#97089942464
1!
#97089942464
1"
#97089968504
0!
#97089968504
0"
#97089985864
1!
#97089985864
1"
#97089994544
0!
#97089994544
0"
#97090046624
1!
#97090046624
1"
#97090055304
0!
#97090055304
0"
#97090072664
1!
#97090072664
1"
#97090081344
0!
#97090081344
0"
#97090090024
1!
#97090090024
1"
#97090116064
0!
#97090116064
0"
#97090133424
1!
#97090133424
1"
#97090150784
0!
#97090150784
0"
#97090159464
1!
#97090159464
1"
#97090168144
0!
#97090168144
0"
#97090202864
1!
#97090202864
1"
#97090237584
0!
#97090237584
0"
#97090246264
1!
#97090246264
1"
#97090254944
0!
#97090254944
0"
#97090272304
1!
#97090272304
1"
#97090280984
0!
#97090280984
0"
#97090289664
1!
#97090289664
1"
#97090315704
0!
#97090315704
0"
#97090333064
1!
#97090333064
1"
#97090341744
0!
#97090341744
0"
#97090393824
1!
#97090393824
1"
#97090402504
0!
#97090402504
0"
#97090419864
1!
#97090419864
1"
#97090428544
0!
#97090428544
0"
#97090480624
1!
#97090480624
1"
#97090489304
0!
#97090489304
0"
#97090506664
1!
#97090506664
1"
#97090515344
0!
#97090515344
0"
#97090567424
1!
#97090567424
1"
#97090576104
0!
#97090576104
0"
#97090593464
1!
#97090593464
1"
#97090602144
0!
#97090602144
0"
#97090654224
1!
#97090654224
1"
#97090662904
0!
#97090662904
0"
#97090680264
1!
#97090680264
1"
#97090688944
0!
#97090688944
0"
#97090741024
1!
#97090741024
1"
#97090749704
0!
#97090749704
0"
#97090767064
1!
#97090767064
1"
#97090775744
0!
#97090775744
0"
#97090827824
1!
#97090827824
1"
#97090836504
0!
#97090836504
0"
#97090853864
1!
#97090853864
1"
#97090862544
0!
#97090862544
0"
#97090905944
1!
#97090905944
1"
#97090923304
0!
#97090923304
0"
#97090940664
1!
#97090940664
1"
#97090949344
0!
#97090949344
0"
#97090966704
1!
#97090966704
1"
#97090992744
0!
#97090992744
0"
#97091001424
1!
#97091001424
1"
#97091010104
0!
#97091010104
0"
#97091027464
1!
#97091027464
1"
#97091036144
0!
#97091036144
0"
#97091079544
1!
#97091079544
1"
#97091096904
0!
#97091096904
0"
#97091114264
1!
#97091114264
1"
#97091122944
0!
#97091122944
0"
#97091148984
1!
#97091148984
1"
#97091166344
0!
#97091166344
0"
#97091175024
1!
#97091175024
1"
#97091183704
0!
#97091183704
0"
#97091201064
1!
#97091201064
1"
#97091209744
0!
#97091209744
0"
#97091261824
1!
#97091261824
1"
#97091270504
0!
#97091270504
0"
#97091287864
1!
#97091287864
1"
#97091296544
0!
#97091296544
0"
#97091305224
1!
#97091305224
1"
#97091331264
0!
#97091331264
0"
#97091348624
1!
#97091348624
1"
#97091365984
0!
#97091365984
0"
#97091374664
1!
#97091374664
1"
#97091383344
0!
#97091383344
0"
#97091392024
1!
#97091392024
1"
#97091400704
0!
#97091400704
0"
#97091418064
1!
#97091418064
1"
#97091452784
0!
#97091452784
0"
#97091461464
1!
#97091461464
1"
#97091470144
0!
#97091470144
0"
#97091487504
1!
#97091487504
1"
#97091496184
0!
#97091496184
0"
#97091504864
1!
#97091504864
1"
#97091530904
0!
#97091530904
0"
#97091548264
1!
#97091548264
1"
#97091556944
0!
#97091556944
0"
#97091609024
1!
#97091609024
1"
#97091617704
0!
#97091617704
0"
#97091635064
1!
#97091635064
1"
#97091643744
0!
#97091643744
0"
#97091695824
1!
#97091695824
1"
#97091704504
0!
#97091704504
0"
#97091721864
1!
#97091721864
1"
#97091730544
0!
#97091730544
0"
#97091782624
1!
#97091782624
1"
#97091791304
0!
#97091791304
0"
#97091808664
1!
#97091808664
1"
#97091817344
0!
#97091817344
0"
#97091869424
1!
#97091869424
1"
#97091878104
0!
#97091878104
0"
#97091895464
1!
#97091895464
1"
#97091904144
0!
#97091904144
0"
#97091956224
1!
#97091956224
1"
#97091964904
0!
#97091964904
0"
#97091982264
1!
#97091982264
1"
#97091990944
0!
#97091990944
0"
#97092043024
1!
#97092043024
1"
#97092051704
0!
#97092051704
0"
#97092069064
1!
#97092069064
1"
#97092077744
0!
#97092077744
0"
#97092121144
1!
#97092121144
1"
#97092138504
0!
#97092138504
0"
#97092155864
1!
#97092155864
1"
#97092164544
0!
#97092164544
0"
#97092181904
1!
#97092181904
1"
#97092207944
0!
#97092207944
0"
#97092216624
1!
#97092216624
1"
#97092225304
0!
#97092225304
0"
#97092242664
1!
#97092242664
1"
#97092251344
0!
#97092251344
0"
#97092294744
1!
#97092294744
1"
#97092312104
0!
#97092312104
0"
#97092329464
1!
#97092329464
1"
#97092338144
0!
#97092338144
0"
#97092364184
1!
#97092364184
1"
#97092381544
0!
#97092381544
0"
#97092390224
1!
#97092390224
1"
#97092398904
0!
#97092398904
0"
#97092416264
1!
#97092416264
1"
#97092424944
0!
#97092424944
0"
#97092477024
1!
#97092477024
1"
#97092485704
0!
#97092485704
0"
#97092503064
1!
#97092503064
1"
#97092511744
0!
#97092511744
0"
#97092520424
1!
#97092520424
1"
#97092546464
0!
#97092546464
0"
#97092563824
1!
#97092563824
1"
#97092581184
0!
#97092581184
0"
#97092589864
1!
#97092589864
1"
#97092598544
0!
#97092598544
0"
#97092615904
1!
#97092615904
1"
#97092624584
0!
#97092624584
0"
#97092633264
1!
#97092633264
1"
#97092667984
0!
#97092667984
0"
#97092676664
1!
#97092676664
1"
#97092685344
0!
#97092685344
0"
#97092702704
1!
#97092702704
1"
#97092711384
0!
#97092711384
0"
#97092720064
1!
#97092720064
1"
#97092746104
0!
#97092746104
0"
#97092763464
1!
#97092763464
1"
#97092772144
0!
#97092772144
0"
#97092824224
1!
#97092824224
1"
#97092832904
0!
#97092832904
0"
#97092850264
1!
#97092850264
1"
#97092858944
0!
#97092858944
0"
#97092911024
1!
#97092911024
1"
#97092919704
0!
#97092919704
0"
#97092937064
1!
#97092937064
1"
#97092945744
0!
#97092945744
0"
#97092997824
1!
#97092997824
1"
#97093006504
0!
#97093006504
0"
#97093023864
1!
#97093023864
1"
#97093032544
0!
#97093032544
0"
#97093084624
1!
#97093084624
1"
#97093093304
0!
#97093093304
0"
#97093110664
1!
#97093110664
1"
#97093119344
0!
#97093119344
0"
#97093171424
1!
#97093171424
1"
#97093180104
0!
#97093180104
0"
#97093197464
1!
#97093197464
1"
#97093206144
0!
#97093206144
0"
#97093258224
1!
#97093258224
1"
#97093266904
0!
#97093266904
0"
#97093284264
1!
#97093284264
1"
#97093292944
0!
#97093292944
0"
#97093336344
1!
#97093336344
1"
#97093353704
0!
#97093353704
0"
#97093371064
1!
#97093371064
1"
#97093379744
0!
#97093379744
0"
#97093397104
1!
#97093397104
1"
#97093423144
0!
#97093423144
0"
#97093431824
1!
#97093431824
1"
#97093440504
0!
#97093440504
0"
#97093457864
1!
#97093457864
1"
#97093466544
0!
#97093466544
0"
#97093509944
1!
#97093509944
1"
#97093527304
0!
#97093527304
0"
#97093544664
1!
#97093544664
1"
#97093553344
0!
#97093553344
0"
#97093579384
1!
#97093579384
1"
#97093596744
0!
#97093596744
0"
#97093605424
1!
#97093605424
1"
#97093614104
0!
#97093614104
0"
#97093631464
1!
#97093631464
1"
#97093640144
0!
#97093640144
0"
#97093692224
1!
#97093692224
1"
#97093700904
0!
#97093700904
0"
#97093718264
1!
#97093718264
1"
#97093726944
0!
#97093726944
0"
#97093752984
1!
#97093752984
1"
#97093761664
0!
#97093761664
0"
#97093779024
1!
#97093779024
1"
#97093796384
0!
#97093796384
0"
#97093805064
1!
#97093805064
1"
#97093813744
0!
#97093813744
0"
#97093822424
1!
#97093822424
1"
#97093831104
0!
#97093831104
0"
#97093848464
1!
#97093848464
1"
#97093857144
0!
#97093857144
0"
#97093865824
1!
#97093865824
1"
#97093883184
0!
#97093883184
0"
#97093891864
1!
#97093891864
1"
#97093900544
0!
#97093900544
0"
#97093909224
1!
#97093909224
1"
#97093926584
0!
#97093926584
0"
#97093943944
1!
#97093943944
1"
#97093969984
0!
#97093969984
0"
#97093978664
1!
#97093978664
1"
#97093987344
0!
#97093987344
0"
#97094030744
1!
#97094030744
1"
#97094056784
0!
#97094056784
0"
#97094065464
1!
#97094065464
1"
#97094074144
0!
#97094074144
0"
#97094100184
1!
#97094100184
1"
#97094117544
0!
#97094117544
0"
#97094126224
1!
#97094126224
1"
#97094143584
0!
#97094143584
0"
#97094152264
1!
#97094152264
1"
#97094160944
0!
#97094160944
0"
#97094169624
1!
#97094169624
1"
#97094178304
0!
#97094178304
0"
#97094213024
1!
#97094213024
1"
#97094230384
0!
#97094230384
0"
#97094239064
1!
#97094239064
1"
#97094247744
0!
#97094247744
0"
#97094256424
1!
#97094256424
1"
#97094265104
0!
#97094265104
0"
#97094282464
1!
#97094282464
1"
#97094317184
0!
#97094317184
0"
#97094325864
1!
#97094325864
1"
#97094334544
0!
#97094334544
0"
#97094386624
1!
#97094386624
1"
#97094395304
0!
#97094395304
0"
#97094412664
1!
#97094412664
1"
#97094421344
0!
#97094421344
0"
#97094447384
1!
#97094447384
1"
#97094456064
0!
#97094456064
0"
#97094464744
1!
#97094464744
1"
#97094490784
0!
#97094490784
0"
#97094499464
1!
#97094499464
1"
#97094508144
0!
#97094508144
0"
#97094516824
1!
#97094516824
1"
#97094525504
0!
#97094525504
0"
#97094542864
1!
#97094542864
1"
#97094551544
0!
#97094551544
0"
#97094560224
1!
#97094560224
1"
#97094577584
0!
#97094577584
0"
#97094586264
1!
#97094586264
1"
#97094594944
0!
#97094594944
0"
#97094603624
1!
#97094603624
1"
#97094612304
0!
#97094612304
0"
#97094620984
1!
#97094620984
1"
#97094638344
0!
#97094638344
0"
#97094647024
1!
#97094647024
1"
#97094664384
0!
#97094664384
0"
#97094673064
1!
#97094673064
1"
#97094681744
0!
#97094681744
0"
#97094690424
1!
#97094690424
1"
#97094699104
0!
#97094699104
0"
#97094707784
1!
#97094707784
1"
#97094716464
0!
#97094716464
0"
#97094733824
1!
#97094733824
1"
#97094751184
0!
#97094751184
0"
#97094759864
1!
#97094759864
1"
#97094768544
0!
#97094768544
0"
#97094785904
1!
#97094785904
1"
#97094794584
0!
#97094794584
0"
#97094803264
1!
#97094803264
1"
#97094829304
0!
#97094829304
0"
#97094846664
1!
#97094846664
1"
#97094855344
0!
#97094855344
0"
#97094907424
1!
#97094907424
1"
#97094916104
0!
#97094916104
0"
#97094933464
1!
#97094933464
1"
#97094942144
0!
#97094942144
0"
#97094959504
1!
#97094959504
1"
#97094968184
0!
#97094968184
0"
#97094985544
1!
#97094985544
1"
#97095002904
0!
#97095002904
0"
#97095020264
1!
#97095020264
1"
#97095028944
0!
#97095028944
0"
#97095072344
1!
#97095072344
1"
#97095089704
0!
#97095089704
0"
#97095107064
1!
#97095107064
1"
#97095115744
0!
#97095115744
0"
#97095159144
1!
#97095159144
1"
#97095176504
0!
#97095176504
0"
#97095193864
1!
#97095193864
1"
#97095202544
0!
#97095202544
0"
#97095245944
1!
#97095245944
1"
#97095263304
0!
#97095263304
0"
#97095280664
1!
#97095280664
1"
#97095289344
0!
#97095289344
0"
#97095315384
1!
#97095315384
1"
#97095332744
0!
#97095332744
0"
#97095341424
1!
#97095341424
1"
#97095350104
0!
#97095350104
0"
#97095367464
1!
#97095367464
1"
#97095376144
0!
#97095376144
0"
#97095428224
1!
#97095428224
1"
#97095436904
0!
#97095436904
0"
#97095454264
1!
#97095454264
1"
#97095462944
0!
#97095462944
0"
#97095471624
1!
#97095471624
1"
#97095488984
0!
#97095488984
0"
#97095506344
1!
#97095506344
1"
#97095532384
0!
#97095532384
0"
#97095541064
1!
#97095541064
1"
#97095549744
0!
#97095549744
0"
#97095558424
1!
#97095558424
1"
#97095567104
0!
#97095567104
0"
#97095575784
1!
#97095575784
1"
#97095584464
0!
#97095584464
0"
#97095601824
1!
#97095601824
1"
#97095619184
0!
#97095619184
0"
#97095627864
1!
#97095627864
1"
#97095636544
0!
#97095636544
0"
#97095653904
1!
#97095653904
1"
#97095679944
0!
#97095679944
0"
#97095688624
1!
#97095688624
1"
#97095705984
0!
#97095705984
0"
#97095714664
1!
#97095714664
1"
#97095723344
0!
#97095723344
0"
#97095732024
1!
#97095732024
1"
#97095749384
0!
#97095749384
0"
#97095766744
1!
#97095766744
1"
#97095792784
0!
#97095792784
0"
#97095801464
1!
#97095801464
1"
#97095810144
0!
#97095810144
0"
#97095818824
1!
#97095818824
1"
#97095853544
0!
#97095853544
0"
#97095862224
1!
#97095862224
1"
#97095879584
0!
#97095879584
0"
#97095888264
1!
#97095888264
1"
#97095896944
0!
#97095896944
0"
#97095914304
1!
#97095914304
1"
#97095922984
0!
#97095922984
0"
#97095940344
1!
#97095940344
1"
#97095966384
0!
#97095966384
0"
#97095975064
1!
#97095975064
1"
#97095983744
0!
#97095983744
0"
#97096035824
1!
#97096035824
1"
#97096044504
0!
#97096044504
0"
#97096061864
1!
#97096061864
1"
#97096070544
0!
#97096070544
0"
#97096096584
1!
#97096096584
1"
#97096105264
0!
#97096105264
0"
#97096113944
1!
#97096113944
1"
#97096139984
0!
#97096139984
0"
#97096148664
1!
#97096148664
1"
#97096157344
0!
#97096157344
0"
#97096166024
1!
#97096166024
1"
#97096174704
0!
#97096174704
0"
#97096192064
1!
#97096192064
1"
#97096200744
0!
#97096200744
0"
#97096209424
1!
#97096209424
1"
#97096226784
0!
#97096226784
0"
#97096235464
1!
#97096235464
1"
#97096244144
0!
#97096244144
0"
#97096252824
1!
#97096252824
1"
#97096261504
0!
#97096261504
0"
#97096270184
1!
#97096270184
1"
#97096287544
0!
#97096287544
0"
#97096296224
1!
#97096296224
1"
#97096313584
0!
#97096313584
0"
#97096322264
1!
#97096322264
1"
#97096330944
0!
#97096330944
0"
#97096339624
1!
#97096339624
1"
#97096348304
0!
#97096348304
0"
#97096356984
1!
#97096356984
1"
#97096365664
0!
#97096365664
0"
#97096383024
1!
#97096383024
1"
#97096400384
0!
#97096400384
0"
#97096409064
1!
#97096409064
1"
#97096417744
0!
#97096417744
0"
#97096435104
1!
#97096435104
1"
#97096443784
0!
#97096443784
0"
#97096452464
1!
#97096452464
1"
#97096478504
0!
#97096478504
0"
#97096495864
1!
#97096495864
1"
#97096504544
0!
#97096504544
0"
#97096556624
1!
#97096556624
1"
#97096565304
0!
#97096565304
0"
#97096582664
1!
#97096582664
1"
#97096591344
0!
#97096591344
0"
#97096600024
1!
#97096600024
1"
#97096608704
0!
#97096608704
0"
#97096617384
1!
#97096617384
1"
#97096626064
0!
#97096626064
0"
#97096634744
1!
#97096634744
1"
#97096652104
0!
#97096652104
0"
#97096669464
1!
#97096669464
1"
#97096678144
0!
#97096678144
0"
#97096721544
1!
#97096721544
1"
#97096738904
0!
#97096738904
0"
#97096756264
1!
#97096756264
1"
#97096764944
0!
#97096764944
0"
#97096808344
1!
#97096808344
1"
#97096825704
0!
#97096825704
0"
#97096843064
1!
#97096843064
1"
#97096851744
0!
#97096851744
0"
#97096869104
1!
#97096869104
1"
#97096877784
0!
#97096877784
0"
#97096886464
1!
#97096886464
1"
#97096895144
0!
#97096895144
0"
#97096929864
1!
#97096929864
1"
#97096938544
0!
#97096938544
0"
#97097016664
1!
#97097016664
1"
#97097025344
0!
#97097025344
0"
#97097060064
1!
#97097060064
1"
#97097068744
0!
#97097068744
0"
#97097103464
1!
#97097103464
1"
#97097112144
0!
#97097112144
0"
#97097190264
1!
#97097190264
1"
#97097198944
0!
#97097198944
0"
#97097277064
1!
#97097277064
1"
#97097285744
0!
#97097285744
0"
#97097363864
1!
#97097363864
1"
#97097372544
0!
#97097372544
0"
#97097424624
1!
#97097424624
1"
#97097441984
0!
#97097441984
0"
#97097450664
1!
#97097450664
1"
#97097459344
0!
#97097459344
0"
#97097476704
1!
#97097476704
1"
#97097502744
0!
#97097502744
0"
#97097520104
1!
#97097520104
1"
#97097546144
0!
#97097546144
0"
#97097563504
1!
#97097563504
1"
#97097589544
0!
#97097589544
0"
#97097606904
1!
#97097606904
1"
#97097632944
0!
#97097632944
0"
#97097641624
1!
#97097641624
1"
#97097693704
0!
#97097693704
0"
#97097711064
1!
#97097711064
1"
#97097719744
0!
#97097719744
0"
#97097728424
1!
#97097728424
1"
#97097745784
0!
#97097745784
0"
#97097797864
1!
#97097797864
1"
#97097806544
0!
#97097806544
0"
#97097884664
1!
#97097884664
1"
#97097893344
0!
#97097893344
0"
#97097971464
1!
#97097971464
1"
#97097980144
0!
#97097980144
0"
#97098058264
1!
#97098058264
1"
#97098066944
0!
#97098066944
0"
#97098075624
1!
#97098075624
1"
#97098084304
0!
#97098084304
0"
#97098101664
1!
#97098101664
1"
#97098110344
0!
#97098110344
0"
#97098127704
1!
#97098127704
1"
#97098153744
0!
#97098153744
0"
#97098171104
1!
#97098171104
1"
#97098179784
0!
#97098179784
0"
#97098197144
1!
#97098197144
1"
#97098205824
0!
#97098205824
0"
#97098223184
1!
#97098223184
1"
#99609039744
0!
#99609039744
0"
#99609048424
1!
#99609048424
1"
#99609057104
0!
#99609057104
0"
#99609065784
1!
#99609065784
1"
#99609074464
0!
#99609074464
0"
#99609091824
1!
#99609091824
1"
#99609100504
0!
#99609100504
0"
#99609109184
1!
#99609109184
1"
#99609126544
0!
#99609126544
0"
#99609143904
1!
#99609143904
1"
#99609152584
0!
#99609152584
0"
#99609161264
1!
#99609161264
1"
#99609178624
0!
#99609178624
0"
#99609187304
1!
#99609187304
1"
#99609195984
0!
#99609195984
0"
#99609204664
1!
#99609204664
1"
#99609213344
0!
#99609213344
0"
#99609222024
1!
#99609222024
1"
#99609230704
0!
#99609230704
0"
#99609291464
1!
#99609291464
1"
#99609300144
0!
#99609300144
0"
#99609326184
1!
#99609326184
1"
#99609334864
0!
#99609334864
0"
#99609352224
1!
#99609352224
1"
#99609369584
0!
#99609369584
0"
#99609378264
1!
#99609378264
1"
#99609386944
0!
#99609386944
0"
#99609404304
1!
#99609404304
1"
#99609412984
0!
#99609412984
0"
#99609430344
1!
#99609430344
1"
#99609439024
0!
#99609439024
0"
#99609447704
1!
#99609447704
1"
#99609456384
0!
#99609456384
0"
#99609465064
1!
#99609465064
1"
#99609473744
0!
#99609473744
0"
#99609482424
1!
#99609482424
1"
#99609491104
0!
#99609491104
0"
#99609499784
1!
#99609499784
1"
#99609508464
0!
#99609508464
0"
#99609525824
1!
#99609525824
1"
#99609543184
0!
#99609543184
0"
#99609551864
1!
#99609551864
1"
#99609560544
0!
#99609560544
0"
#99609569224
1!
#99609569224
1"
#99609586584
0!
#99609586584
0"
#99609603944
1!
#99609603944
1"
#99609629984
0!
#99609629984
0"
#99609638664
1!
#99609638664
1"
#99609647344
0!
#99609647344
0"
#99609656024
1!
#99609656024
1"
#99609664704
0!
#99609664704
0"
#99609673384
1!
#99609673384
1"
#99609682064
0!
#99609682064
0"
#99609690744
1!
#99609690744
1"
#99609716784
0!
#99609716784
0"
#99609725464
1!
#99609725464
1"
#99609734144
0!
#99609734144
0"
#99609760184
1!
#99609760184
1"
#99609777544
0!
#99609777544
0"
#99609786224
1!
#99609786224
1"
#99609803584
0!
#99609803584
0"
#99609812264
1!
#99609812264
1"
#99609820944
0!
#99609820944
0"
#99609846984
1!
#99609846984
1"
#99609855664
0!
#99609855664
0"
#99609864344
1!
#99609864344
1"
#99609890384
0!
#99609890384
0"
#99609899064
1!
#99609899064
1"
#99609907744
0!
#99609907744
0"
#99609925104
1!
#99609925104
1"
#99609933784
0!
#99609933784
0"
#99609942464
1!
#99609942464
1"
#99609968504
0!
#99609968504
0"
#99609985864
1!
#99609985864
1"
#99609994544
0!
#99609994544
0"
#99610046624
1!
#99610046624
1"
#99610055304
0!
#99610055304
0"
#99610072664
1!
#99610072664
1"
#99610081344
0!
#99610081344
0"
#99610090024
1!
#99610090024
1"
#99610116064
0!
#99610116064
0"
#99610133424
1!
#99610133424
1"
#99610150784
0!
#99610150784
0"
#99610159464
1!
#99610159464
1"
#99610168144
0!
#99610168144
0"
#99610202864
1!
#99610202864
1"
#99610237584
0!
#99610237584
0"
#99610246264
1!
#99610246264
1"
#99610254944
0!
#99610254944
0"
#99610272304
1!
#99610272304
1"
#99610280984
0!
#99610280984
0"
#99610289664
1!
#99610289664
1"
#99610315704
0!
#99610315704
0"
#99610333064
1!
#99610333064
1"
#99610341744
0!
#99610341744
0"
#99610393824
1!
#99610393824
1"
#99610402504
0!
#99610402504
0"
#99610419864
1!
#99610419864
1"
#99610428544
0!
#99610428544
0"
#99610480624
1!
#99610480624
1"
#99610489304
0!
#99610489304
0"
#99610506664
1!
#99610506664
1"
#99610515344
0!
#99610515344
0"
#99610567424
1!
#99610567424
1"
#99610576104
0!
#99610576104
0"
#99610593464
1!
#99610593464
1"
#99610602144
0!
#99610602144
0"
#99610654224
1!
#99610654224
1"
#99610662904
0!
#99610662904
0"
#99610680264
1!
#99610680264
1"
#99610688944
0!
#99610688944
0"
#99610741024
1!
#99610741024
1"
#99610749704
0!
#99610749704
0"
#99610767064
1!
#99610767064
1"
#99610775744
0!
#99610775744
0"
#99610827824
1!
#99610827824
1"
#99610836504
0!
#99610836504
0"
#99610853864
1!
#99610853864
1"
#99610862544
0!
#99610862544
0"
#99610905944
1!
#99610905944
1"
#99610923304
0!
#99610923304
0"
#99610940664
1!
#99610940664
1"
#99610949344
0!
#99610949344
0"
#99610966704
1!
#99610966704
1"
#99610992744
0!
#99610992744
0"
#99611001424
1!
#99611001424
1"
#99611010104
0!
#99611010104
0"
#99611027464
1!
#99611027464
1"
#99611036144
0!
#99611036144
0"
#99611079544
1!
#99611079544
1"
#99611096904
0!
#99611096904
0"
#99611114264
1!
#99611114264
1"
#99611122944
0!
#99611122944
0"
#99611148984
1!
#99611148984
1"
#99611166344
0!
#99611166344
0"
#99611175024
1!
#99611175024
1"
#99611183704
0!
#99611183704
0"
#99611201064
1!
#99611201064
1"
#99611209744
0!
#99611209744
0"
#99611261824
1!
#99611261824
1"
#99611270504
0!
#99611270504
0"
#99611287864
1!
#99611287864
1"
#99611296544
0!
#99611296544
0"
#99611305224
1!
#99611305224
1"
#99611331264
0!
#99611331264
0"
#99611348624
1!
#99611348624
1"
#99611365984
0!
#99611365984
0"
#99611374664
1!
#99611374664
1"
#99611383344
0!
#99611383344
0"
#99611392024
1!
#99611392024
1"
#99611400704
0!
#99611400704
0"
#99611418064
1!
#99611418064
1"
#99611452784
0!
#99611452784
0"
#99611461464
1!
#99611461464
1"
#99611470144
0!
#99611470144
0"
#99611487504
1!
#99611487504
1"
#99611496184
0!
#99611496184
0"
#99611504864
1!
#99611504864
1"
#99611530904
0!
#99611530904
0"
#99611548264
1!
#99611548264
1"
#99611556944
0!
#99611556944
0"
#99611609024
1!
#99611609024
1"
#99611617704
0!
#99611617704
0"
#99611635064
1!
#99611635064
1"
#99611643744
0!
#99611643744
0"
#99611695824
1!
#99611695824
1"
#99611704504
0!
#99611704504
0"
#99611721864
1!
#99611721864
1"
#99611730544
0!
#99611730544
0"
#99611782624
1!
#99611782624
1"
#99611791304
0!
#99611791304
0"
#99611808664
1!
#99611808664
1"
#99611817344
0!
#99611817344
0"
#99611869424
1!
#99611869424
1"
#99611878104
0!
#99611878104
0"
#99611895464
1!
#99611895464
1"
#99611904144
0!
#99611904144
0"
#99611956224
1!
#99611956224
1"
#99611964904
0!
#99611964904
0"
#99611982264
1!
#99611982264
1"
#99611990944
0!
#99611990944
0"
#99612043024
1!
#99612043024
1"
#99612051704
0!
#99612051704
0"
#99612069064
1!
#99612069064
1"
#99612077744
0!
#99612077744
0"
#99612121144
1!
#99612121144
1"
#99612138504
0!
#99612138504
0"
#99612155864
1!
#99612155864
1"
#99612164544
0!
#99612164544
0"
#99612181904
1!
#99612181904
1"
#99612207944
0!
#99612207944
0"
#99612216624
1!
#99612216624
1"
#99612225304
0!
#99612225304
0"
#99612242664
1!
#99612242664
1"
#99612251344
0!
#99612251344
0"
#99612294744
1!
#99612294744
1"
#99612312104
0!
#99612312104
0"
#99612329464
1!
#99612329464
1"
#99612338144
0!
#99612338144
0"
#99612364184
1!
#99612364184
1"
#99612381544
0!
#99612381544
0"
#99612390224
1!
#99612390224
1"
#99612398904
0!
#99612398904
0"
#99612416264
1!
#99612416264
1"
#99612424944
0!
#99612424944
0"
#99612477024
1!
#99612477024
1"
#99612485704
0!
#99612485704
0"
#99612503064
1!
#99612503064
1"
#99612511744
0!
#99612511744
0"
#99612520424
1!
#99612520424
1"
#99612546464
0!
#99612546464
0"
#99612563824
1!
#99612563824
1"
#99612581184
0!
#99612581184
0"
#99612589864
1!
#99612589864
1"
#99612598544
0!
#99612598544
0"
#99612615904
1!
#99612615904
1"
#99612624584
0!
#99612624584
0"
#99612633264
1!
#99612633264
1"
#99612667984
0!
#99612667984
0"
#99612676664
1!
#99612676664
1"
#99612685344
0!
#99612685344
0"
#99612702704
1!
#99612702704
1"
#99612711384
0!
#99612711384
0"
#99612720064
1!
#99612720064
1"
#99612746104
0!
#99612746104
0"
#99612763464
1!
#99612763464
1"
#99612772144
0!
#99612772144
0"
#99612824224
1!
#99612824224
1"
#99612832904
0!
#99612832904
0"
#99612850264
1!
#99612850264
1"
#99612858944
0!
#99612858944
0"
#99612911024
1!
#99612911024
1"
#99612919704
0!
#99612919704
0"
#99612937064
1!
#99612937064
1"
#99612945744
0!
#99612945744
0"
#99612997824
1!
#99612997824
1"
#99613006504
0!
#99613006504
0"
#99613023864
1!
#99613023864
1"
#99613032544
0!
#99613032544
0"
#99613084624
1!
#99613084624
1"
#99613093304
0!
#99613093304
0"
#99613110664
1!
#99613110664
1"
#99613119344
0!
#99613119344
0"
#99613171424
1!
#99613171424
1"
#99613180104
0!
#99613180104
0"
#99613197464
1!
#99613197464
1"
#99613206144
0!
#99613206144
0"
#99613258224
1!
#99613258224
1"
#99613266904
0!
#99613266904
0"
#99613284264
1!
#99613284264
1"
#99613292944
0!
#99613292944
0"
#99613336344
1!
#99613336344
1"
#99613353704
0!
#99613353704
0"
#99613371064
1!
#99613371064
1"
#99613379744
0!
#99613379744
0"
#99613397104
1!
#99613397104
1"
#99613423144
0!
#99613423144
0"
#99613431824
1!
#99613431824
1"
#99613440504
0!
#99613440504
0"
#99613457864
1!
#99613457864
1"
#99613466544
0!
#99613466544
0"
#99613509944
1!
#99613509944
1"
#99613527304
0!
#99613527304
0"
#99613544664
1!
#99613544664
1"
#99613553344
0!
#99613553344
0"
#99613579384
1!
#99613579384
1"
#99613596744
0!
#99613596744
0"
#99613605424
1!
#99613605424
1"
#99613614104
0!
#99613614104
0"
#99613631464
1!
#99613631464
1"
#99613640144
0!
#99613640144
0"
#99613692224
1!
#99613692224
1"
#99613700904
0!
#99613700904
0"
#99613718264
1!
#99613718264
1"
#99613726944
0!
#99613726944
0"
#99613752984
1!
#99613752984
1"
#99613761664
0!
#99613761664
0"
#99613779024
1!
#99613779024
1"
#99613796384
0!
#99613796384
0"
#99613805064
1!
#99613805064
1"
#99613813744
0!
#99613813744
0"
#99613822424
1!
#99613822424
1"
#99613831104
0!
#99613831104
0"
#99613848464
1!
#99613848464
1"
#99613857144
0!
#99613857144
0"
#99613865824
1!
#99613865824
1"
#99613883184
0!
#99613883184
0"
#99613891864
1!
#99613891864
1"
#99613900544
0!
#99613900544
0"
#99613909224
1!
#99613909224
1"
#99613926584
0!
#99613926584
0"
#99613943944
1!
#99613943944
1"
#99613969984
0!
#99613969984
0"
#99613978664
1!
#99613978664
1"
#99613987344
0!
#99613987344
0"
#99614030744
1!
#99614030744
1"
#99614056784
0!
#99614056784
0"
#99614065464
1!
#99614065464
1"
#99614074144
0!
#99614074144
0"
#99614100184
1!
#99614100184
1"
#99614117544
0!
#99614117544
0"
#99614126224
1!
#99614126224
1"
#99614143584
0!
#99614143584
0"
#99614152264
1!
#99614152264
1"
#99614160944
0!
#99614160944
0"
#99614169624
1!
#99614169624
1"
#99614178304
0!
#99614178304
0"
#99614213024
1!
#99614213024
1"
#99614230384
0!
#99614230384
0"
#99614239064
1!
#99614239064
1"
#99614247744
0!
#99614247744
0"
#99614256424
1!
#99614256424
1"
#99614265104
0!
#99614265104
0"
#99614282464
1!
#99614282464
1"
#99614317184
0!
#99614317184
0"
#99614325864
1!
#99614325864
1"
#99614334544
0!
#99614334544
0"
#99614386624
1!
#99614386624
1"
#99614395304
0!
#99614395304
0"
#99614412664
1!
#99614412664
1"
#99614421344
0!
#99614421344
0"
#99614447384
1!
#99614447384
1"
#99614456064
0!
#99614456064
0"
#99614464744
1!
#99614464744
1"
#99614490784
0!
#99614490784
0"
#99614499464
1!
#99614499464
1"
#99614508144
0!
#99614508144
0"
#99614516824
1!
#99614516824
1"
#99614525504
0!
#99614525504
0"
#99614542864
1!
#99614542864
1"
#99614551544
0!
#99614551544
0"
#99614560224
1!
#99614560224
1"
#99614577584
0!
#99614577584
0"
#99614586264
1!
#99614586264
1"
#99614594944
0!
#99614594944
0"
#99614603624
1!
#99614603624
1"
#99614612304
0!
#99614612304
0"
#99614620984
1!
#99614620984
1"
#99614638344
0!
#99614638344
0"
#99614647024
1!
#99614647024
1"
#99614664384
0!
#99614664384
0"
#99614673064
1!
#99614673064
1"
#99614681744
0!
#99614681744
0"
#99614690424
1!
#99614690424
1"
#99614699104
0!
#99614699104
0"
#99614707784
1!
#99614707784
1"
#99614716464
0!
#99614716464
0"
#99614733824
1!
#99614733824
1"
#99614751184
0!
#99614751184
0"
#99614759864
1!
#99614759864
1"
#99614768544
0!
#99614768544
0"
#99614785904
1!
#99614785904
1"
#99614794584
0!
#99614794584
0"
#99614803264
1!
#99614803264
1"
#99614829304
0!
#99614829304
0"
#99614846664
1!
#99614846664
1"
#99614855344
0!
#99614855344
0"
#99614907424
1!
#99614907424
1"
#99614916104
0!
#99614916104
0"
#99614933464
1!
#99614933464
1"
#99614942144
0!
#99614942144
0"
#99614959504
1!
#99614959504
1"
#99614968184
0!
#99614968184
0"
#99614985544
1!
#99614985544
1"
#99615002904
0!
#99615002904
0"
#99615020264
1!
#99615020264
1"
#99615028944
0!
#99615028944
0"
#99615072344
1!
#99615072344
1"
#99615089704
0!
#99615089704
0"
#99615107064
1!
#99615107064
1"
#99615115744
0!
#99615115744
0"
#99615159144
1!
#99615159144
1"
#99615176504
0!
#99615176504
0"
#99615193864
1!
#99615193864
1"
#99615202544
0!
#99615202544
0"
#99615245944
1!
#99615245944
1"
#99615263304
0!
#99615263304
0"
#99615280664
1!
#99615280664
1"
#99615289344
0!
#99615289344
0"
#99615315384
1!
#99615315384
1"
#99615332744
0!
#99615332744
0"
#99615341424
1!
#99615341424
1"
#99615350104
0!
#99615350104
0"
#99615367464
1!
#99615367464
1"
#99615376144
0!
#99615376144
0"
#99615428224
1!
#99615428224
1"
#99615436904
0!
#99615436904
0"
#99615454264
1!
#99615454264
1"
#99615462944
0!
#99615462944
0"
#99615471624
1!
#99615471624
1"
#99615488984
0!
#99615488984
0"
#99615506344
1!
#99615506344
1"
#99615532384
0!
#99615532384
0"
#99615541064
1!
#99615541064
1"
#99615549744
0!
#99615549744
0"
#99615558424
1!
#99615558424
1"
#99615567104
0!
#99615567104
0"
#99615575784
1!
#99615575784
1"
#99615584464
0!
#99615584464
0"
#99615601824
1!
#99615601824
1"
#99615619184
0!
#99615619184
0"
#99615627864
1!
#99615627864
1"
#99615636544
0!
#99615636544
0"
#99615653904
1!
#99615653904
1"
#99615679944
0!
#99615679944
0"
#99615688624
1!
#99615688624
1"
#99615705984
0!
#99615705984
0"
#99615714664
1!
#99615714664
1"
#99615723344
0!
#99615723344
0"
#99615732024
1!
#99615732024
1"
#99615749384
0!
#99615749384
0"
#99615766744
1!
#99615766744
1"
#99615792784
0!
#99615792784
0"
#99615801464
1!
#99615801464
1"
#99615810144
0!
#99615810144
0"
#99615818824
1!
#99615818824
1"
#99615853544
0!
#99615853544
0"
#99615862224
1!
#99615862224
1"
#99615879584
0!
#99615879584
0"
#99615888264
1!
#99615888264
1"
#99615896944
0!
#99615896944
0"
#99615914304
1!
#99615914304
1"
#99615922984
0!
#99615922984
0"
#99615940344
1!
#99615940344
1"
#99615966384
0!
#99615966384
0"
#99615975064
1!
#99615975064
1"
#99615983744
0!
#99615983744
0"
#99616035824
1!
#99616035824
1"
#99616044504
0!
#99616044504
0"
#99616061864
1!
#99616061864
1"
#99616070544
0!
#99616070544
0"
#99616096584
1!
#99616096584
1"
#99616105264
0!
#99616105264
0"
#99616113944
1!
#99616113944
1"
#99616139984
0!
#99616139984
0"
#99616148664
1!
#99616148664
1"
#99616157344
0!
#99616157344
0"
#99616166024
1!
#99616166024
1"
#99616174704
0!
#99616174704
0"
#99616192064
1!
#99616192064
1"
#99616200744
0!
#99616200744
0"
#99616209424
1!
#99616209424
1"
#99616226784
0!
#99616226784
0"
#99616235464
1!
#99616235464
1"
#99616244144
0!
#99616244144
0"
#99616252824
1!
#99616252824
1"
#99616261504
0!
#99616261504
0"
#99616270184
1!
#99616270184
1"
#99616287544
0!
#99616287544
0"
#99616296224
1!
#99616296224
1"
#99616313584
0!
#99616313584
0"
#99616322264
1!
#99616322264
1"
#99616330944
0!
#99616330944
0"
#99616339624
1!
#99616339624
1"
#99616348304
0!
#99616348304
0"
#99616356984
1!
#99616356984
1"
#99616365664
0!
#99616365664
0"
#99616383024
1!
#99616383024
1"
#99616400384
0!
#99616400384
0"
#99616409064
1!
#99616409064
1"
#99616417744
0!
#99616417744
0"
#99616435104
1!
#99616435104
1"
#99616443784
0!
#99616443784
0"
#99616452464
1!
#99616452464
1"
#99616478504
0!
#99616478504
0"
#99616495864
1!
#99616495864
1"
#99616504544
0!
#99616504544
0"
#99616556624
1!
#99616556624
1"
#99616565304
0!
#99616565304
0"
#99616582664
1!
#99616582664
1"
#99616591344
0!
#99616591344
0"
#99616600024
1!
#99616600024
1"
#99616608704
0!
#99616608704
0"
#99616617384
1!
#99616617384
1"
#99616626064
0!
#99616626064
0"
#99616634744
1!
#99616634744
1"
#99616652104
0!
#99616652104
0"
#99616669464
1!
#99616669464
1"
#99616678144
0!
#99616678144
0"
#99616721544
1!
#99616721544
1"
#99616738904
0!
#99616738904
0"
#99616756264
1!
#99616756264
1"
#99616764944
0!
#99616764944
0"
#99616808344
1!
#99616808344
1"
#99616825704
0!
#99616825704
0"
#99616843064
1!
#99616843064
1"
#99616851744
0!
#99616851744
0"
#99616869104
1!
#99616869104
1"
#99616877784
0!
#99616877784
0"
#99616886464
1!
#99616886464
1"
#99616895144
0!
#99616895144
0"
#99616929864
1!
#99616929864
1"
#99616938544
0!
#99616938544
0"
#99617016664
1!
#99617016664
1"
#99617025344
0!
#99617025344
0"
#99617060064
1!
#99617060064
1"
#99617068744
0!
#99617068744
0"
#99617103464
1!
#99617103464
1"
#99617112144
0!
#99617112144
0"
#99617190264
1!
#99617190264
1"
#99617198944
0!
#99617198944
0"
#99617277064
1!
#99617277064
1"
#99617285744
0!
#99617285744
0"
#99617363864
1!
#99617363864
1"
#99617372544
0!
#99617372544
0"
#99617424624
1!
#99617424624
1"
#99617441984
0!
#99617441984
0"
#99617450664
1!
#99617450664
1"
#99617459344
0!
#99617459344
0"
#99617476704
1!
#99617476704
1"
#99617502744
0!
#99617502744
0"
#99617520104
1!
#99617520104
1"
#99617546144
0!
#99617546144
0"
#99617563504
1!
#99617563504
1"
#99617589544
0!
#99617589544
0"
#99617606904
1!
#99617606904
1"
#99617632944
0!
#99617632944
0"
#99617641624
1!
#99617641624
1"
#99617693704
0!
#99617693704
0"
#99617711064
1!
#99617711064
1"
#99617719744
0!
#99617719744
0"
#99617728424
1!
#99617728424
1"
#99617745784
0!
#99617745784
0"
#99617797864
1!
#99617797864
1"
#99617806544
0!
#99617806544
0"
#99617884664
1!
#99617884664
1"
#99617893344
0!
#99617893344
0"
#99617971464
1!
#99617971464
1"
#99617980144
0!
#99617980144
0"
#99618058264
1!
#99618058264
1"
#99618066944
0!
#99618066944
0"
#99618075624
1!
#99618075624
1"
#99618084304
0!
#99618084304
0"
#99618101664
1!
#99618101664
1"
#99618110344
0!
#99618110344
0"
#99618127704
1!
#99618127704
1"
#99618153744
0!
#99618153744
0"
#99618171104
1!
#99618171104
1"
#99618179784
0!
#99618179784
0"
#99618197144
1!
#99618197144
1"
#99618205824
0!
#99618205824
0"
#99618223184
1!
#99618223184
1"
#102129039744
0!
#102129039744
0"
#102129048424
1!
#102129048424
1"
#102129057104
0!
#102129057104
0"
#102129065784
1!
#102129065784
1"
#102129074464
0!
#102129074464
0"
#102129091824
1!
#102129091824
1"
#102129100504
0!
#102129100504
0"
#102129109184
1!
#102129109184
1"
#102129126544
0!
#102129126544
0"
#102129143904
1!
#102129143904
1"
#102129152584
0!
#102129152584
0"
#102129161264
1!
#102129161264
1"
#102129178624
0!
#102129178624
0"
#102129187304
1!
#102129187304
1"
#102129195984
0!
#102129195984
0"
#102129204664
1!
#102129204664
1"
#102129213344
0!
#102129213344
0"
#102129222024
1!
#102129222024
1"
#102129230704
0!
#102129230704
0"
#102129291464
1!
#102129291464
1"
#102129300144
0!
#102129300144
0"
#102129326184
1!
#102129326184
1"
#102129334864
0!
#102129334864
0"
#102129352224
1!
#102129352224
1"
#102129369584
0!
#102129369584
0"
#102129378264
1!
#102129378264
1"
#102129386944
0!
#102129386944
0"
#102129404304
1!
#102129404304
1"
#102129412984
0!
#102129412984
0"
#102129430344
1!
#102129430344
1"
#102129439024
0!
#102129439024
0"
#102129447704
1!
#102129447704
1"
#102129456384
0!
#102129456384
0"
#102129465064
1!
#102129465064
1"
#102129473744
0!
#102129473744
0"
#102129482424
1!
#102129482424
1"
#102129491104
0!
#102129491104
0"
#102129499784
1!
#102129499784
1"
#102129508464
0!
#102129508464
0"
#102129525824
1!
#102129525824
1"
#102129543184
0!
#102129543184
0"
#102129551864
1!
#102129551864
1"
#102129560544
0!
#102129560544
0"
#102129569224
1!
#102129569224
1"
#102129586584
0!
#102129586584
0"
#102129603944
1!
#102129603944
1"
#102129629984
0!
#102129629984
0"
#102129638664
1!
#102129638664
1"
#102129647344
0!
#102129647344
0"
#102129656024
1!
#102129656024
1"
#102129664704
0!
#102129664704
0"
#102129673384
1!
#102129673384
1"
#102129682064
0!
#102129682064
0"
#102129690744
1!
#102129690744
1"
#102129716784
0!
#102129716784
0"
#102129725464
1!
#102129725464
1"
#102129734144
0!
#102129734144
0"
#102129760184
1!
#102129760184
1"
#102129777544
0!
#102129777544
0"
#102129786224
1!
#102129786224
1"
#102129803584
0!
#102129803584
0"
#102129812264
1!
#102129812264
1"
#102129820944
0!
#102129820944
0"
#102129846984
1!
#102129846984
1"
#102129855664
0!
#102129855664
0"
#102129864344
1!
#102129864344
1"
#102129890384
0!
#102129890384
0"
#102129899064
1!
#102129899064
1"
#102129907744
0!
#102129907744
0"
#102129925104
1!
#102129925104
1"
#102129933784
0!
#102129933784
0"
#102129942464
1!
#102129942464
1"
#102129968504
0!
#102129968504
0"
#102129985864
1!
#102129985864
1"
#102129994544
0!
#102129994544
0"
#102130046624
1!
#102130046624
1"
#102130055304
0!
#102130055304
0"
#102130072664
1!
#102130072664
1"
#102130081344
0!
#102130081344
0"
#102130090024
1!
#102130090024
1"
#102130116064
0!
#102130116064
0"
#102130133424
1!
#102130133424
1"
#102130150784
0!
#102130150784
0"
#102130159464
1!
#102130159464
1"
#102130168144
0!
#102130168144
0"
#102130202864
1!
#102130202864
1"
#102130237584
0!
#102130237584
0"
#102130246264
1!
#102130246264
1"
#102130254944
0!
#102130254944
0"
#102130272304
1!
#102130272304
1"
#102130280984
0!
#102130280984
0"
#102130289664
1!
#102130289664
1"
#102130315704
0!
#102130315704
0"
#102130333064
1!
#102130333064
1"
#102130341744
0!
#102130341744
0"
#102130393824
1!
#102130393824
1"
#102130402504
0!
#102130402504
0"
#102130419864
1!
#102130419864
1"
#102130428544
0!
#102130428544
0"
#102130480624
1!
#102130480624
1"
#102130489304
0!
#102130489304
0"
#102130506664
1!
#102130506664
1"
#102130515344
0!
#102130515344
0"
#102130567424
1!
#102130567424
1"
#102130576104
0!
#102130576104
0"
#102130593464
1!
#102130593464
1"
#102130602144
0!
#102130602144
0"
#102130654224
1!
#102130654224
1"
#102130662904
0!
#102130662904
0"
#102130680264
1!
#102130680264
1"
#102130688944
0!
#102130688944
0"
#102130741024
1!
#102130741024
1"
#102130749704
0!
#102130749704
0"
#102130767064
1!
#102130767064
1"
#102130775744
0!
#102130775744
0"
#102130827824
1!
#102130827824
1"
#102130836504
0!
#102130836504
0"
#102130853864
1!
#102130853864
1"
#102130862544
0!
#102130862544
0"
#102130905944
1!
#102130905944
1"
#102130923304
0!
#102130923304
0"
#102130940664
1!
#102130940664
1"
#102130949344
0!
#102130949344
0"
#102130966704
1!
#102130966704
1"
#102130992744
0!
#102130992744
0"
#102131001424
1!
#102131001424
1"
#102131010104
0!
#102131010104
0"
#102131027464
1!
#102131027464
1"
#102131036144
0!
#102131036144
0"
#102131079544
1!
#102131079544
1"
#102131096904
0!
#102131096904
0"
#102131114264
1!
#102131114264
1"
#102131122944
0!
#102131122944
0"
#102131148984
1!
#102131148984
1"
#102131166344
0!
#102131166344
0"
#102131175024
1!
#102131175024
1"
#102131183704
0!
#102131183704
0"
#102131201064
1!
#102131201064
1"
#102131209744
0!
#102131209744
0"
#102131261824
1!
#102131261824
1"
#102131270504
0!
#102131270504
0"
#102131287864
1!
#102131287864
1"
#102131296544
0!
#102131296544
0"
#102131305224
1!
#102131305224
1"
#102131331264
0!
#102131331264
0"
#102131348624
1!
#102131348624
1"
#102131365984
0!
#102131365984
0"
#102131374664
1!
#102131374664
1"
#102131383344
0!
#102131383344
0"
#102131392024
1!
#102131392024
1"
#102131400704
0!
#102131400704
0"
#102131418064
1!
#102131418064
1"
#102131452784
0!
#102131452784
0"
#102131461464
1!
#102131461464
1"
#102131470144
0!
#102131470144
0"
#102131487504
1!
#102131487504
1"
#102131496184
0!
#102131496184
0"
#102131504864
1!
#102131504864
1"
#102131530904
0!
#102131530904
0"
#102131548264
1!
#102131548264
1"
#102131556944
0!
#102131556944
0"
#102131609024
1!
#102131609024
1"
#102131617704
0!
#102131617704
0"
#102131635064
1!
#102131635064
1"
#102131643744
0!
#102131643744
0"
#102131695824
1!
#102131695824
1"
#102131704504
0!
#102131704504
0"
#102131721864
1!
#102131721864
1"
#102131730544
0!
#102131730544
0"
#102131782624
1!
#102131782624
1"
#102131791304
0!
#102131791304
0"
#102131808664
1!
#102131808664
1"
#102131817344
0!
#102131817344
0"
#102131869424
1!
#102131869424
1"
#102131878104
0!
#102131878104
0"
#102131895464
1!
#102131895464
1"
#102131904144
0!
#102131904144
0"
#102131956224
1!
#102131956224
1"
#102131964904
0!
#102131964904
0"
#102131982264
1!
#102131982264
1"
#102131990944
0!
#102131990944
0"
#102132043024
1!
#102132043024
1"
#102132051704
0!
#102132051704
0"
#102132069064
1!
#102132069064
1"
#102132077744
0!
#102132077744
0"
#102132121144
1!
#102132121144
1"
#102132138504
0!
#102132138504
0"
#102132155864
1!
#102132155864
1"
#102132164544
0!
#102132164544
0"
#102132181904
1!
#102132181904
1"
#102132207944
0!
#102132207944
0"
#102132216624
1!
#102132216624
1"
#102132225304
0!
#102132225304
0"
#102132242664
1!
#102132242664
1"
#102132251344
0!
#102132251344
0"
#102132294744
1!
#102132294744
1"
#102132312104
0!
#102132312104
0"
#102132329464
1!
#102132329464
1"
#102132338144
0!
#102132338144
0"
#102132364184
1!
#102132364184
1"
#102132381544
0!
#102132381544
0"
#102132390224
1!
#102132390224
1"
#102132398904
0!
#102132398904
0"
#102132416264
1!
#102132416264
1"
#102132424944
0!
#102132424944
0"
#102132477024
1!
#102132477024
1"
#102132485704
0!
#102132485704
0"
#102132503064
1!
#102132503064
1"
#102132511744
0!
#102132511744
0"
#102132520424
1!
#102132520424
1"
#102132546464
0!
#102132546464
0"
#102132563824
1!
#102132563824
1"
#102132581184
0!
#102132581184
0"
#102132589864
1!
#102132589864
1"
#102132598544
0!
#102132598544
0"
#102132615904
1!
#102132615904
1"
#102132624584
0!
#102132624584
0"
#102132633264
1!
#102132633264
1"
#102132667984
0!
#102132667984
0"
#102132676664
1!
#102132676664
1"
#102132685344
0!
#102132685344
0"
#102132702704
1!
#102132702704
1"
#102132711384
0!
#102132711384
0"
#102132720064
1!
#102132720064
1"
#102132746104
0!
#102132746104
0"
#102132763464
1!
#102132763464
1"
#102132772144
0!
#102132772144
0"
#102132824224
1!
#102132824224
1"
#102132832904
0!
#102132832904
0"
#102132850264
1!
#102132850264
1"
#102132858944
0!
#102132858944
0"
#102132911024
1!
#102132911024
1"
#102132919704
0!
#102132919704
0"
#102132937064
1!
#102132937064
1"
#102132945744
0!
#102132945744
0"
#102132997824
1!
#102132997824
1"
#102133006504
0!
#102133006504
0"
#102133023864
1!
#102133023864
1"
#102133032544
0!
#102133032544
0"
#102133084624
1!
#102133084624
1"
#102133093304
0!
#102133093304
0"
#102133110664
1!
#102133110664
1"
#102133119344
0!
#102133119344
0"
#102133171424
1!
#102133171424
1"
#102133180104
0!
#102133180104
0"
#102133197464
1!
#102133197464
1"
#102133206144
0!
#102133206144
0"
#102133258224
1!
#102133258224
1"
#102133266904
0!
#102133266904
0"
#102133284264
1!
#102133284264
1"
#102133292944
0!
#102133292944
0"
#102133336344
1!
#102133336344
1"
#102133353704
0!
#102133353704
0"
#102133371064
1!
#102133371064
1"
#102133379744
0!
#102133379744
0"
#102133397104
1!
#102133397104
1"
#102133423144
0!
#102133423144
0"
#102133431824
1!
#102133431824
1"
#102133440504
0!
#102133440504
0"
#102133457864
1!
#102133457864
1"
#102133466544
0!
#102133466544
0"
#102133509944
1!
#102133509944
1"
#102133527304
0!
#102133527304
0"
#102133544664
1!
#102133544664
1"
#102133553344
0!
#102133553344
0"
#102133579384
1!
#102133579384
1"
#102133596744
0!
#102133596744
0"
#102133605424
1!
#102133605424
1"
#102133614104
0!
#102133614104
0"
#102133631464
1!
#102133631464
1"
#102133640144
0!
#102133640144
0"
#102133692224
1!
#102133692224
1"
#102133700904
0!
#102133700904
0"
#102133718264
1!
#102133718264
1"
#102133726944
0!
#102133726944
0"
#102133752984
1!
#102133752984
1"
#102133761664
0!
#102133761664
0"
#102133779024
1!
#102133779024
1"
#102133796384
0!
#102133796384
0"
#102133805064
1!
#102133805064
1"
#102133813744
0!
#102133813744
0"
#102133822424
1!
#102133822424
1"
#102133831104
0!
#102133831104
0"
#102133848464
1!
#102133848464
1"
#102133857144
0!
#102133857144
0"
#102133865824
1!
#102133865824
1"
#102133883184
0!
#102133883184
0"
#102133891864
1!
#102133891864
1"
#102133900544
0!
#102133900544
0"
#102133909224
1!
#102133909224
1"
#102133926584
0!
#102133926584
0"
#102133943944
1!
#102133943944
1"
#102133969984
0!
#102133969984
0"
#102133978664
1!
#102133978664
1"
#102133987344
0!
#102133987344
0"
#102134030744
1!
#102134030744
1"
#102134056784
0!
#102134056784
0"
#102134065464
1!
#102134065464
1"
#102134074144
0!
#102134074144
0"
#102134100184
1!
#102134100184
1"
#102134117544
0!
#102134117544
0"
#102134126224
1!
#102134126224
1"
#102134143584
0!
#102134143584
0"
#102134152264
1!
#102134152264
1"
#102134160944
0!
#102134160944
0"
#102134169624
1!
#102134169624
1"
#102134178304
0!
#102134178304
0"
#102134213024
1!
#102134213024
1"
#102134230384
0!
#102134230384
0"
#102134239064
1!
#102134239064
1"
#102134247744
0!
#102134247744
0"
#102134256424
1!
#102134256424
1"
#102134265104
0!
#102134265104
0"
#102134282464
1!
#102134282464
1"
#102134317184
0!
#102134317184
0"
#102134325864
1!
#102134325864
1"
#102134334544
0!
#102134334544
0"
#102134386624
1!
#102134386624
1"
#102134395304
0!
#102134395304
0"
#102134412664
1!
#102134412664
1"
#102134421344
0!
#102134421344
0"
#102134447384
1!
#102134447384
1"
#102134456064
0!
#102134456064
0"
#102134464744
1!
#102134464744
1"
#102134490784
0!
#102134490784
0"
#102134499464
1!
#102134499464
1"
#102134508144
0!
#102134508144
0"
#102134516824
1!
#102134516824
1"
#102134525504
0!
#102134525504
0"
#102134542864
1!
#102134542864
1"
#102134551544
0!
#102134551544
0"
#102134560224
1!
#102134560224
1"
#102134577584
0!
#102134577584
0"
#102134586264
1!
#102134586264
1"
#102134594944
0!
#102134594944
0"
#102134603624
1!
#102134603624
1"
#102134612304
0!
#102134612304
0"
#102134620984
1!
#102134620984
1"
#102134638344
0!
#102134638344
0"
#102134647024
1!
#102134647024
1"
#102134664384
0!
#102134664384
0"
#102134673064
1!
#102134673064
1"
#102134681744
0!
#102134681744
0"
#102134690424
1!
#102134690424
1"
#102134699104
0!
#102134699104
0"
#102134707784
1!
#102134707784
1"
#102134716464
0!
#102134716464
0"
#102134733824
1!
#102134733824
1"
#102134751184
0!
#102134751184
0"
#102134759864
1!
#102134759864
1"
#102134768544
0!
#102134768544
0"
#102134785904
1!
#102134785904
1"
#102134794584
0!
#102134794584
0"
#102134803264
1!
#102134803264
1"
#102134829304
0!
#102134829304
0"
#102134846664
1!
#102134846664
1"
#102134855344
0!
#102134855344
0"
#102134907424
1!
#102134907424
1"
#102134916104
0!
#102134916104
0"
#102134933464
1!
#102134933464
1"
#102134942144
0!
#102134942144
0"
#102134959504
1!
#102134959504
1"
#102134968184
0!
#102134968184
0"
#102134985544
1!
#102134985544
1"
#102135002904
0!
#102135002904
0"
#102135020264
1!
#102135020264
1"
#102135028944
0!
#102135028944
0"
#102135072344
1!
#102135072344
1"
#102135089704
0!
#102135089704
0"
#102135107064
1!
#102135107064
1"
#102135115744
0!
#102135115744
0"
#102135159144
1!
#102135159144
1"
#102135176504
0!
#102135176504
0"
#102135193864
1!
#102135193864
1"
#102135202544
0!
#102135202544
0"
#102135245944
1!
#102135245944
1"
#102135263304
0!
#102135263304
0"
#102135280664
1!
#102135280664
1"
#102135289344
0!
#102135289344
0"
#102135315384
1!
#102135315384
1"
#102135332744
0!
#102135332744
0"
#102135341424
1!
#102135341424
1"
#102135350104
0!
#102135350104
0"
#102135367464
1!
#102135367464
1"
#102135376144
0!
#102135376144
0"
#102135428224
1!
#102135428224
1"
#102135436904
0!
#102135436904
0"
#102135454264
1!
#102135454264
1"
#102135462944
0!
#102135462944
0"
#102135471624
1!
#102135471624
1"
#102135488984
0!
#102135488984
0"
#102135506344
1!
#102135506344
1"
#102135532384
0!
#102135532384
0"
#102135541064
1!
#102135541064
1"
#102135549744
0!
#102135549744
0"
#102135558424
1!
#102135558424
1"
#102135567104
0!
#102135567104
0"
#102135575784
1!
#102135575784
1"
#102135584464
0!
#102135584464
0"
#102135601824
1!
#102135601824
1"
#102135619184
0!
#102135619184
0"
#102135627864
1!
#102135627864
1"
#102135636544
0!
#102135636544
0"
#102135653904
1!
#102135653904
1"
#102135679944
0!
#102135679944
0"
#102135688624
1!
#102135688624
1"
#102135705984
0!
#102135705984
0"
#102135714664
1!
#102135714664
1"
#102135723344
0!
#102135723344
0"
#102135732024
1!
#102135732024
1"
#102135749384
0!
#102135749384
0"
#102135766744
1!
#102135766744
1"
#102135792784
0!
#102135792784
0"
#102135801464
1!
#102135801464
1"
#102135810144
0!
#102135810144
0"
#102135818824
1!
#102135818824
1"
#102135853544
0!
#102135853544
0"
#102135862224
1!
#102135862224
1"
#102135879584
0!
#102135879584
0"
#102135888264
1!
#102135888264
1"
#102135896944
0!
#102135896944
0"
#102135914304
1!
#102135914304
1"
#102135922984
0!
#102135922984
0"
#102135940344
1!
#102135940344
1"
#102135966384
0!
#102135966384
0"
#102135975064
1!
#102135975064
1"
#102135983744
0!
#102135983744
0"
#102136035824
1!
#102136035824
1"
#102136044504
0!
#102136044504
0"
#102136061864
1!
#102136061864
1"
#102136070544
0!
#102136070544
0"
#102136096584
1!
#102136096584
1"
#102136105264
0!
#102136105264
0"
#102136113944
1!
#102136113944
1"
#102136139984
0!
#102136139984
0"
#102136148664
1!
#102136148664
1"
#102136157344
0!
#102136157344
0"
#102136166024
1!
#102136166024
1"
#102136174704
0!
#102136174704
0"
#102136192064
1!
#102136192064
1"
#102136200744
0!
#102136200744
0"
#102136209424
1!
#102136209424
1"
#102136226784
0!
#102136226784
0"
#102136235464
1!
#102136235464
1"
#102136244144
0!
#102136244144
0"
#102136252824
1!
#102136252824
1"
#102136261504
0!
#102136261504
0"
#102136270184
1!
#102136270184
1"
#102136287544
0!
#102136287544
0"
#102136296224
1!
#102136296224
1"
#102136313584
0!
#102136313584
0"
#102136322264
1!
#102136322264
1"
#102136330944
0!
#102136330944
0"
#102136339624
1!
#102136339624
1"
#102136348304
0!
#102136348304
0"
#102136356984
1!
#102136356984
1"
#102136365664
0!
#102136365664
0"
#102136383024
1!
#102136383024
1"
#102136400384
0!
#102136400384
0"
#102136409064
1!
#102136409064
1"
#102136417744
0!
#102136417744
0"
#102136435104
1!
#102136435104
1"
#102136443784
0!
#102136443784
0"
#102136452464
1!
#102136452464
1"
#102136478504
0!
#102136478504
0"
#102136495864
1!
#102136495864
1"
#102136504544
0!
#102136504544
0"
#102136556624
1!
#102136556624
1"
#102136565304
0!
#102136565304
0"
#102136582664
1!
#102136582664
1"
#102136591344
0!
#102136591344
0"
#102136600024
1!
#102136600024
1"
#102136608704
0!
#102136608704
0"
#102136617384
1!
#102136617384
1"
#102136626064
0!
#102136626064
0"
#102136634744
1!
#102136634744
1"
#102136652104
0!
#102136652104
0"
#102136669464
1!
#102136669464
1"
#102136678144
0!
#102136678144
0"
#102136721544
1!
#102136721544
1"
#102136738904
0!
#102136738904
0"
#102136756264
1!
#102136756264
1"
#102136764944
0!
#102136764944
0"
#102136808344
1!
#102136808344
1"
#102136825704
0!
#102136825704
0"
#102136843064
1!
#102136843064
1"
#102136851744
0!
#102136851744
0"
#102136869104
1!
#102136869104
1"
#102136877784
0!
#102136877784
0"
#102136886464
1!
#102136886464
1"
#102136895144
0!
#102136895144
0"
#102136929864
1!
#102136929864
1"
#102136938544
0!
#102136938544
0"
#102137016664
1!
#102137016664
1"
#102137025344
0!
#102137025344
0"
#102137060064
1!
#102137060064
1"
#102137068744
0!
#102137068744
0"
#102137103464
1!
#102137103464
1"
#102137112144
0!
#102137112144
0"
#102137190264
1!
#102137190264
1"
#102137198944
0!
#102137198944
0"
#102137277064
1!
#102137277064
1"
#102137285744
0!
#102137285744
0"
#102137363864
1!
#102137363864
1"
#102137372544
0!
#102137372544
0"
#102137424624
1!
#102137424624
1"
#102137441984
0!
#102137441984
0"
#102137450664
1!
#102137450664
1"
#102137459344
0!
#102137459344
0"
#102137476704
1!
#102137476704
1"
#102137502744
0!
#102137502744
0"
#102137520104
1!
#102137520104
1"
#102137546144
0!
#102137546144
0"
#102137563504
1!
#102137563504
1"
#102137589544
0!
#102137589544
0"
#102137606904
1!
#102137606904
1"
#102137632944
0!
#102137632944
0"
#102137641624
1!
#102137641624
1"
#102137693704
0!
#102137693704
0"
#102137711064
1!
#102137711064
1"
#102137719744
0!
#102137719744
0"
#102137728424
1!
#102137728424
1"
#102137745784
0!
#102137745784
0"
#102137797864
1!
#102137797864
1"
#102137806544
0!
#102137806544
0"
#102137884664
1!
#102137884664
1"
#102137893344
0!
#102137893344
0"
#102137971464
1!
#102137971464
1"
#102137980144
0!
#102137980144
0"
#102138058264
1!
#102138058264
1"
#102138066944
0!
#102138066944
0"
#102138075624
1!
#102138075624
1"
#102138084304
0!
#102138084304
0"
#102138101664
1!
#102138101664
1"
#102138110344
0!
#102138110344
0"
#102138127704
1!
#102138127704
1"
#102138153744
0!
#102138153744
0"
#102138171104
1!
#102138171104
1"
#102138179784
0!
#102138179784
0"
#102138197144
1!
#102138197144
1"
#102138205824
0!
#102138205824
0"
#102138223184
1!
#102138223184
1"
#103442891556
1!
